,MY,BDV,"Bandau, Sabah","Bandau, Sabah",,QQ,1-------,8103,,,
,MY,BBA,"Batu Batu, Sabah","Batu Batu, Sabah",,QQ,1-------,8103,,,
,MY,BLI,"Batu Lintang, Sarawak","Batu Lintang, Sarawak",13,QQ,1-------,0212,,,
,MY,BAU,"Bau, Sarawak","Bau, Sarawak",,QQ,1-------,8103,,,
,MY,BLG,"Belaga, Sarawak","Belaga, Sarawak",,AI,1--4----,9601,,,
,MY,BEL,"Beluran, Sabah","Beluran, Sabah",,QQ,1-------,8103,,,
,MY,BNT,"Benut, Johor","Benut, Johor",,QQ,1-------,8103,,,
,MY,BTG,"Betong, Sarawak","Betong, Sarawak",,QQ,1-------,8103,,,
,MY,BIA,"Biawak, Sarawak","Biawak, Sarawak",,QQ,1-------,8103,,,
,MY,BNG,"Binatang, Sarawak","Binatang, Sarawak",,QQ,1-------,8103,,,
,MY,BTU,"Bintulu, Sarawak","Bintulu, Sarawak",,AI,1-------,9601,,,
,MY,BGG,"Bunan Gega, Sarawak","Bunan Gega, Sarawak",,QQ,1-------,8103,,,
,MY,DRO,"Daro, Sarawak","Daro, Sarawak",,QQ,1-------,8103,,,
,MY,JAM,"Jambongan, Sabah","Jambongan, Sabah",,QQ,1-------,8103,,,
,MY,JTA,"Jitra, Kedah","Jitra, Kedah",,RQ,--3-----,9912,,,
,MY,KAB,"Kabong, Sarawak","Kabong, Sarawak",,QQ,1-------,8103,,,
,MY,KPI,"Kapit, Sarawak","Kapit, Sarawak",,AI,---4----,9601,,,
,MY,KIM,"Kimanis, Sabah","Kimanis, Sabah",,QQ,1-------,8103,,,
,MY,KBD,"Kota Belud, Sabah","Kota Belud, Sabah",,QQ,1-------,8103,,,
,MY,BKI,"Kota Kinabalu, Sabah","Kota Kinabalu, Sabah",,AI,1-345---,9601,,,
,MY,KBE,"Kuala Belud, Sabah","Kuala Belud, Sabah",,QQ,1-------,8103,,,
,MY,KPU,"Kuala Penyu, Sabah","Kuala Penyu, Sabah",,QQ,1-------,8103,,,
,MY,KSG,"Kuala Segama, Sabah","Kuala Segama, Sabah",,QQ,1-------,8103,,,
,MY,KCH,"Kuching, Sarawak","Kuching, Sarawak",,AI,1--45---,9601,,,
,MY,KUD,"Kudat, Sabah","Kudat, Sabah",,AI,1-34----,9601,,,
,MY,KUN,"Kunak, Sabah","Kunak, Sabah",,QQ,1-------,8103,,,
,MY,LBU,"Labuan, Sabah","Labuan, Sabah",,AI,1--4----,9601,,,
,MY,LDU,"Lahad Datu, Sabah","Lahad Datu, Sabah",,QQ,1--4----,8103,,,
,MY,LWY,"Lawas, Sarawak","Lawas, Sarawak",,AI,1--4----,9601,,,
,MY,LMN,"Limbang, Sarawak","Limbang, Sarawak",,AI,1-------,9601,,,
,MY,LGG,"Lingga, Sarawak","Lingga, Sarawak",,QQ,1-------,8103,,,
,MY,LUN,"Lundu, Sarawak","Lundu, Sarawak",,QQ,1-------,8103,,,
,MY,LUT,"Lutong, Sarawak","Lutong, Sarawak",,QQ,1-------,8103,,,
,MY,MUR,"Marudi, Sarawak","Marudi, Sarawak",,AI,1--4----,9601,,,
,MY,MEM,"Mempakul, Sabah","Mempakul, Sabah",,QQ,1-------,8103,,,
,MY,MYY,"Miri, Sarawak","Miri, Sarawak",,AI,1-------,9601,,,
,MY,MKM,"Mukah, Sarawak","Mukah, Sarawak",,AI,1--4----,9601,,,
,MY,PAL,"Paloh, Sarawak","Paloh, Sarawak",,QQ,1-------,8103,,,
,MY,PGU,"Pasir Gudang, Johor","Pasir Gudang, Johor",,QQ,1-------,8103,,,
,MY,PBA,"Pulau Batik, Sabah","Pulau Batik, Sabah",,QQ,1-------,8103,,,
,MY,PTB,"Pulau Tambisan, Sabah","Pulau Tambisan, Sabah",,QQ,1-------,8103,,,
,MY,PUN,"Punang, Sarawak","Punang, Sarawak",,QQ,1-------,8103,,,
,MY,REJ,"Rejang, Sarawak","Rejang, Sarawak",,QQ,1-------,8103,,,
,MY,SDK,"Sandakan, Sabah","Sandakan, Sabah",,AI,1--4----,9601,,,
,MY,SEJ,"Sejingkat, Sarawak","Sejingkat, Sarawak",,QQ,1-------,8103,,,
,MY,SEL,"Selalang, Sarawak","Selalang, Sarawak",,QQ,1-------,8103,,,
,MY,BSE,"Sematan, Sarawak","Sematan, Sarawak",,AI,1--4----,9506,,,
,MY,SMM,"Semporna, Sabah","Semporna, Sabah",,AI,1--4----,9601,,,
,MY,SEP,"Sepang, Selangor","Sepang, Selangor",10,RL,1-3---7-,0501,,0242N 10145E,
,MY,SBW,"Sibu, Sarawak","Sibu, Sarawak",,AI,1--4----,9601,,,
,MY,SMG,"Simanggang, Sarawak","Simanggang, Sarawak",,QQ,1-------,8103,,,
,MY,SPG,"Simpangan, Sabah","Simpangan, Sabah",,QQ,1-------,8103,,,
,MY,SMJ,"Simunjan, Sarawak","Simunjan, Sarawak",,QQ,1-------,8103,,,
,MY,SPT,"Sipitang, Sabah","Sipitang, Sabah",,AI,1-------,9601,,,
,MY,SRK,"Sirikin, Sarawak","Sirikin, Sarawak",,QQ,1-------,8103,,,
,MY,SDR,"Sundar, Sarawak","Sundar, Sarawak",,QQ,1-------,8103,,,
,MY,TWU,"Tawau, Sabah","Tawau, Sabah",,AI,1--4----,9601,,,
,MY,TEN,"Tengku, Sabah","Tengku, Sabah",,QQ,1-------,8103,,,
,MY,WAL,"Wallace Bay, Sabah","Wallace Bay, Sabah",,QQ,1-------,8103,,,
,MY,WES,"Weston, Sabah","Weston, Sabah",,QQ,1-------,8103,,,
,MY,ABU,Abu,Abu,,RQ,1-------,0907,,0607N 10517E,
,MY,AIR,Air Itam/Penang,Air Itam/Penang,07,RQ,--3-----,1101,,0524N 10017E,
,MY,AOG,Alor Gajah,Alor Gajah,04,RL,-23-----,0907,,0222N 10212E,
,MY,AOR,Alor Setar,Alor Setar,,AI,---4----,9601,,,
,MY,APG,Ampang,Ampang,10,RL,--3-----,1601,,0309N 10146E,
,MY,ANG,Angsi,Angsi,,RQ,1-------,0907,,0505N 10441E,
,MY,BKM,Ba Kelalan,Ba Kelalan,13,AI,--34----,0212,,0359N 11537E,
,MY,BAG,Bagan Datok,Bagan Datok,,QQ,1-------,8103,,,
,MY,BWH,Bagan Luar (Butterworth),Bagan Luar (Butterworth),,QQ,1-34----,8103,,,
,MY,BAH,Bahau,Bahau,05,RL,-----6--,0901,,0490N 10225E,
,MY,BKP,Bakapit,Bakapit,,RQ,1-------,9506,,,
,MY,BAL,Balakong,Balakong,10,RQ,--3-----,0212,,0301N 10145E,
,MY,BPL,Balik Pulau,Balik Pulau,07,RL,--3-----,1101,,0521N 10014E,
,MY,2SF,Bandar Baru Bangi,Bandar Baru Bangi,10,RL,--3-----,1307,,0257N 10146E,
,MY,BBS,Bandar Baru Selayang,Bandar Baru Selayang,10,RQ,-----6--,1007,,0316N 10139E,
,MY,BEK,Bandar Enstek,Bandar Enstek,,RQ,-----6--,1001,,0245N 10144E,
,MY,BMA,Bandar Maharani,Bandar Maharani,,QQ,1-------,8103,,,
,MY,BSD,Bandar Sri Damansara,Bandar Sri Damansara,10,RL,--3-----,1601,,0311N 10136E,
,MY,BTK,Bandar Tenggara,Bandar Tenggara,,RL,1-------,1201,,0152N 10337E,
,MY,BGU,Bangau,Bangau,12,RL,1-------,0212,,0657N 11642E,
,MY,BAI,Bangi,Bangi,10,RL,--3-----,0307,,0254N 10147E,
,MY,BAN,Banting,Banting,10,RL,--3-----,0212,,0249N 10129E,
,MY,BBN,Bario,Bario,,AI,---4----,9601,,,
,MY,BAK,Batang Kali,Batang Kali,10,RL,1-------,1801,,0328N 10138E,
,MY,BCA,Batu Caves,Batu Caves,10,RL,--3-----,0701,,0314N 10140E,
,MY,TJH,Batu Gajah,Batu Gajah,08,RL,1-------,0901,,0428N 10103E,
,MY,BTW,Batu Kawan,Batu Kawan,07,RL,12---6--,1701,,0515N 10025E,
,MY,BTM,Batu Maung,Batu Maung,07,RL,1-------,1707,,0517N 10017E,
,MY,BAT,Batu Pahat,Batu Pahat,,QQ,1-------,8103,,,
,MY,BLE,Bayan Lepas,Bayan Lepas,07,RL,--3-----,0212,,0517N 10015E,
,MY,BEA,Beaufort,Beaufort,12,RL,123-----,0901,,0520N 11545E,
,MY,BDG,Bedong,Bedong,12,RQ,-----6--,1001,,0535N 11639E,
,MY,BOG,Bedong,Bedong,02,RQ,-----6--,1001,,0543N 10031E,
,MY,BEN,Bentong,Bentong,06,RL,--3-----,0212,,0332N 10155E,
,MY,BRN,Beranang,Beranang,10,RL,-23-----,0212,,0253N 10152E,
,MY,BRG,Berangan,Berangan,03,RL,--3-----,1101,,0610N 10212E,
,MY,BDR,Bidor,Bidor,08,RL,--3-----,1607,,0407N 10117E,
,MY,BTN,Bintangor,Bintangor,,RQ,1-------,9506,,,
,MY,BBE,Bukit Beruntung,Bukit Beruntung,10,RQ,--3-----,0901,,,
,MY,BKH,Bukit Kayu Hitam,Bukit Kayu Hitam,,RL,--3-----,1107,,0630N 10025E,
,MY,BKR,Bukit Keteri,Bukit Keteri,09,RL,-23-----,0212,,0632N 10015E,
,MY,BMT,Bukit Mertajam,Bukit Mertajam,07,RL,--3-----,0901,,0522N 10028E,
,MY,BRJ,Bukit Raja,Bukit Raja,10,RL,-23-----,0212,,0306N 10126E,
,MY,BGK,Bunga Kekwa,Bunga Kekwa,,RQ,------7-,0907,,0703N 10404E,
,MY,BGR,Bunga Raya,Bunga Raya,,RQ,1-------,0907,,0657N 10406E,
,MY,WOT,Butterworth,Butterworth,,RL,-----6--,1107,,0525N 10024E,
,MY,CAK,Cakerawala Terminal,Cakerawala Terminal,,RQ,------7-,1001,,0707N 10306E,
,MY,CHI,Cameron Highlands,Cameron Highlands,06,RL,--3-----,0901,,0429N 10127E,
,MY,CIE,Carey Island Estate,Carey Island Estate,,RQ,-----6--,1001,,0255N 10124E,
,MY,CEN,Cendor,Cendor,,RQ,1-------,0907,,0534N 10433E,
,MY,CHE,Cheras,Cheras,10,RL,--3-----,1501,,0303N 10146E,
,MY,CUK,Cukai,Cukai,11,RQ,-----6--,1007,,0415N 10325E,
,MY,ZCA,Cyberjaya,Cyberjaya,10,RL,-----6--,0901,,0255N 10139E,
,MY,DMS,Damansara,Damansara,10,RL,-----6--,1107,,0308N 10138E,
,MY,DDW,Danjindawai,Danjindawai,,QQ,1-------,8103,,,
,MY,END,Endau,Endau,,QQ,1-------,8103,,,
,MY,FLM,Falim,Falim,,RL,-----6--,1107,,0445N 10104E,
,MY,GEB,Gebeng,Gebeng,06,RL,-23-----,0212,,0358N 10325E,
,MY,JGP,Gelang Patah,Gelang Patah,,RL,-----6--,1107,,,
,MY,GLG,Gelugor,Gelugor,06,RL,--3-----,1607,,0525N 10019E,
,MY,GTB,Genting,Genting,,RL,---4----,0907,,0342N 09810E,
,MY,GTI,George Town,George Town,,RL,-----6--,1107,,0525N 10020E,
,MY,GMU,Gua Musang,Gua Musang,03,RL,-23-----,0901,,0453N 10158E,
,MY,HUM,Hutan Melintang,Hutan Melintang,08,RL,1-------,0212,,0353N 10056E,
,MY,INA,Inanam,Inanam,12,RL,--3-----,1307,,0559N 11608E,
,MY,IPH,Ipoh,Ipoh,,AI,---4----,9601,,,
,MY,JEP,Jelapang,Jelapang,08,RL,--3-----,0212,,0438N 10103E,
,MY,JEL,Jelutong,Jelutong,07,RL,1-------,1707,,0524N 10019E,
,MY,JER,Jeram,Jeram,10,RL,--3-----,0901,,0313N 10119E,
,MY,JRH,Jertih,Jertih,11,RL,-----6--,0901,,0545N 10230E,
,MY,JHB,Johor Bahru,Johor Bahru,,AI,1--4----,9401,,,
,MY,KAJ,Kajang,Kajang,10,RQ,--3-----,1001,,0259N 10147E,
,MY,KMR,Kampar,Kampar,08,RL,--3-----,1601,,0418N 10109E,
,MY,TKP,Kampong Tanjong Kupang,Kampong Tanjong Kupang,01,RL,1-3-----,0212,,0121N 10335E,
,MY,TAE,Kampong Tasek,Kampong Tasek,08,RL,-23-----,0212,,0439N 10106E,
,MY,KUR,Kampong Ulu Redang,Kampong Ulu Redang,,RL,--3-----,0601,,0547N 10301E,
,MY,KJW,Kampung Jawa,Kampung Jawa,06,RL,--3-----,1207,,0242N 10335E,
,MY,KKL,Kampung Kelang Lama,Kampung Kelang Lama,02,RL,--3-----,1101,,0523N 10034E,
,MY,TLA,Kampung Tanjung Langsat,Kampung Tanjung Langsat,01,RL,1-------,1101,,0128N 10401E,
,MY,TIB,Kampung Tikam Batu,Kampung Tikam Batu,02,RL,--3-----,0212,,0535N 10025E,
,MY,KAM,Kamunting,Kamunting,08,RL,--3-----,0901,,0453N 10044E,
,MY,KGR,Kangar,Kangar,09,RL,--3-----,0212,,0626N 10011E,
,MY,KAP,Kapar,Kapar,10,RL,--3-----,0212,,0308N 10122E,
,MY,KES,Kejit,Kejit,,QQ,1-------,8103,,,
,MY,KBK,Kelang Baharu,Kelang Baharu,,RQ,--3--6--,0907,,0541N 10035E,
,MY,KEM,Kemaman,Kemaman,,QQ,1-------,8103,,,
,MY,KGU,Keningau,Keningau,,RQ,---4----,0901,,0520N 11610E,
,MY,KPN,Kepong,Kepong,14,RL,1-------,1801,,0313N 10138E,
,MY,KEP,Kepong Cubitt Forest Village,Kepong Cubitt Forest Village,10,RL,--3-----,0212,,0311N 10134E,
,MY,KTE,Kerteh,Kerteh,11,RL,-23-----,0212,,0431N 10327E,
,MY,KET,Kertih,Kertih,11,RL,1-------,0212,,0431N 10327E,
,MY,KIJ,Kijal,Kijal,,QQ,1-------,8103,,,
,MY,KIK,Kikeh,Kikeh,,RQ,------7-,0907,,0552N 11417E,
,MY,KLA,Klang,Klang,10,RL,-23-----,0212,,0302N 10127E,
,MY,KLU,Kluang,Kluang,01,RL,--3-----,1101,,0202N 10320E,
,MY,UAG,Kluang,Kluang,,RL,-----6--,1107,,0202N 10319E,
,MY,KBR,Kota Bharu,Kota Bharu,,AI,1--4----,9601,,,
,MY,KSS,Kota Sarang Semut,Kota Sarang Semut,02,RL,1-------,0901,,5590N 10240E,
,MY,KTI,Kota Tinggi,Kota Tinggi,,QQ,1-------,8103,,,
,MY,KRE,Krety,Krety,,QQ,1-------,8103,,,
,MY,KBA,Kuala Baram,Kuala Baram,,QQ,1-------,8103,,,
,MY,KBS,Kuala Besar,Kuala Besar,,QQ,1-------,8103,,,
,MY,BST,Kuala Besut,Kuala Besut,,RL,1-------,0212,,0550N 10234E,
,MY,DGN,Kuala Dungun,Kuala Dungun,11,RL,1-3-----,1101,,0447N 10326E,
,MY,KUG,Kuala Gula,Kuala Gula,,QQ,1-------,8103,,,
,MY,KAR,Kuala Kangsar,Kuala Kangsar,08,RL,--3-----,0212,,0446N 10057E,
,MY,KKH,Kuala Kedah,Kuala Kedah,,QQ,1-------,8103,,,
,MY,KAL,Kuala Ketil,Kuala Ketil,14,RQ,--3-----,0901,,,
,MY,KRA,Kuala Krai,Kuala Krai,,RQ,-23-----,1001,,0532N 10211E,
,MY,KLG,Kuala Langat,Kuala Langat,10,RL,-23-----,0212,,0245N 10135E,
,MY,KUL,Kuala Lumpur,Kuala Lumpur,,AI,---45---,9601,,,
,MY,KPS,Kuala Perlis,Kuala Perlis,,QQ,1-------,8103,,,
,MY,KUP,Kuala Pilah,Kuala Pilah,05,RL,--3-----,1501,,0244N 10215E,
,MY,PRN,Kuala Rompin,Kuala Rompin,,QQ,1-------,8103,,,
,MY,KSD,Kuala Sedili,Kuala Sedili,,QQ,1-------,8103,,,
,MY,KSL,Kuala Selangor,Kuala Selangor,10,RL,1----6--,1601,,0320N 10103E,
,MY,TGG,Kuala Terengganu,Kuala Terengganu,,AI,1--4----,9601,,,
,MY,KUA,Kuantan (Tanjong Gelang),Kuantan (Tanjong Gelang),,AI,1--4----,9601,,,
,MY,KKP,Kukup,Kukup,,QQ,1-------,8103,,,
,MY,KLI,Kulai,Kulai,01,RL,--3-----,0901,,0140N 10336E,
,MY,KLM,Kulim,Kulim,02,RL,--3-----,0212,,0521N 10032E,
,MY,LBH,Labuan Haji,Labuan Haji,12,RL,1-------,0212,,0429N 11838E,
,MY,LAH,Lahat,Lahat,08,RL,-23-----,0212,,0433N 10102E,
,MY,LAP,Langkap,Langkap,08,RQ,-23-----,0212,,0405N 10115E,
,MY,LGK,Langkawi,Langkawi,02,AI,1-34----,0401,,0622N 09948E,
,MY,AKA,Long Akah,Long Akah,13,RQ,--3-----,0901,,0319N 11447E,
,MY,LBP,Long Banga,Long Banga,13,RL,---4----,0907,,0311N 11525E,
,MY,LLM,Long Lama,Long Lama,,RQ,---4----,0901,,0346N 11424E,
,MY,LGL,Long Lellang,Long Lellang,,RQ,---4----,0901,,0325N 11508E,
,MY,GSA,Long Pasia,Long Pasia,,RQ,---4----,0901,,0423N 11544E,
,MY,LSM,Long Semado,Long Semado,,AI,---4----,9601,,,
,MY,ODN,Long Seridan,Long Seridan,,AI,---4----,9601,,,
,MY,LSU,Long Sukang,Long Sukang,,AI,---4----,9601,,,
,MY,LBA,Lubok Antu,Lubok Antu,13,RL,--3-----,1501,,0105N 11200E,
,MY,LUM,Lumut,Lumut,,QQ,1-------,8103,,,
,MY,LAS,Lunas,Lunas,02,RL,--3-----,1401,,0526N 10032E,
,MY,MAM,Mak Mandin,Mak Mandin,07,RL,--3-----,0212,,0525N 10022E,
,MY,MKZ,Malacca,Malacca,,AI,1--4----,9601,,,
,MY,MAN,Manjung,Manjung,08,RQ,1-------,0307,,0409N 10037E,
,MY,MSI,Masai,Masai,,RL,--3-----,0901,,1290N 10353E,
,MY,MEA,Melaka,Melaka,14,RQ,--3-----,0901,,,
,MY,MEL,Menglembu,Menglembu,08,RL,-23-----,0212,,0434N 10102E,
,MY,MTK,Mentakab,Mentakab,06,RL,--3-----,0901,,0329N 10221E,
,MY,MBK,Merbok,Merbok,02,RL,1-3-----,1501,,0543N 10025E,
,MY,MEP,Mersing,Mersing,,AI,1--4----,9601,,,
,MY,MEU,Meru,Meru,10,RL,--3-----,0212,,0308N 10126E,
,MY,MZS,Mostyn,Mostyn,,RQ,---4----,0901,,0437N 11809E,
,MY,MUA,Muar,Muar,,QQ,1-------,8103,,,
,MY,MUD,Muda Marine Terminal,Muda Marine Terminal,,RQ,1-------,1001,,0735N 10259E,
,MY,MZV,Mulu,Mulu,13,RL,---4----,0907,,0403N 11448E,
,MY,MEN,Nenasi,Nenasi,06,RL,1-3-----,0212,,0308N 10327E,
,MY,NBL,Nibong Tebal,Nibong Tebal,06,RL,-----6--,1801,,0510N 10029E,
,MY,NII,Nilai,Nilai,05,RL,1-------,1407,,0249N 10148E,
,MY,SNP,North Pt,North Pt,10,RQ,1-------,0901,,,
,MY,LPK,Northport/Pt Klang,Northport/Pt Klang,14,RQ,1-------,0901,,,
,MY,NUS,Nusajaya,Nusajaya,01,RL,--3-----,1307,,0128N 10338E,
,MY,PGB,Padang Besar,Padang Besar,,RL,--3-----,0201,,0623N 10018E,
,MY,PAK,Paka,Paka,11,RQ,--3-----,0907,,0439N 10326E,
,MY,PAY,Pamol,Pamol,,AI,---4----,9601,,,
,MY,PAN,Panchang,Panchang,,QQ,1-------,8103,,,
,MY,PAD,Pandamaran,Pandamaran,10,RL,-----6--,1201,,0301N 10142E,
,MY,PGK,Pangkur,Pangkur,,RL,--3-----,0601,,0413N 10034E,
,MY,PRM,Pantai Remis,Pantai Remis,08,RL,--3-----,1307,,0427N 10038E,
,MY,PAP,Papar,Papar,12,RL,--3-----,1307,,0544N 11556E,
,MY,PAR,Parit Raja,Parit Raja,01,RL,--3-----,1501,,0152N 10307E,
,MY,PAS,Pasir Gogok,Pasir Gogok,,QQ,1-------,8103,,,
,MY,PHI,Pasir Hitam,Pasir Hitam,,QQ,1-------,8103,,,
,MY,PEH,Pasir Puteh,Pasir Puteh,03,RL,--3-----,1307,,0550N 10224E,
,MY,PGS,Pedang Serai,Pedang Serai,02,RL,--3-----,1501,,0530N 10034E,
,MY,PED,Pedena,Pedena,,QQ,1-------,8103,,,
,MY,PKN,Pekan,Pekan,06,RL,--3-----,1101,,0330N 10325E,
,MY,NTL,Penang,Penang,,RL,-----6--,1107,,0510N 10028E,
,MY,PEN,Penang (Georgetown),Penang (Georgetown),07,AI,1--4----,1601,,0525N 10019E,
,MY,PMT,Penara Marine Terminal,Penara Marine Terminal,,RQ,1-------,0501,,0607N 10501E,
,MY,PND,Pending,Pending,13,RL,1-3-----,1301,,0133N 11023E,
,MY,PGG,Pengerang,Pengerang,01,RL,1-------,0212,,0122N 10407E,
,MY,PKK,Pengkalan Kubor,Pengkalan Kubor,,QQ,1-------,8103,,,
,MY,RAI,Perai,Perai,,RL,123-----,0701,,0523N 10023E,
,MY,PJA,Petaling Jaya,Petaling Jaya,10,RL,--3-----,1601,,0305N 10139E,
,MY,POW,Pontian,Pontian,,QQ,1-------,8103,,,
,MY,PDI,Port Dickson,Port Dickson,,QQ,1-------,8103,,,
,MY,XPQ,Port Klang (Ferry Port),Port Klang (Ferry Port),10,RL,1-------,0907,,0301N 10122E,
,MY,PKG,Port Klang (Pelabuhan Klang),Port Klang (Pelabuhan Klang),10,RL,123-5---,1101,,0300N 10124E,Port Klang
,MY,PRA,Prai,Prai,,QQ,1-------,8103,,,
,MY,PUC,Puchong,Puchong,10,RQ,--3-----,0212,,,
,MY,BRU,Pulau Bruit,Pulau Bruit,13,RL,1-------,0901,,0235N 11120E,
,MY,LAU,Pulau Indah,Pulau Indah,10,RL,1----6--,0901,,0256N 10119E,
,MY,PJK,Pulau Jarak,Pulau Jarak,,,1-------,1307,,0358N 10005E,
,MY,LAC,Pulau Lang Lang,Pulau Lang Lang,,RQ,---4----,0901,,0724N 11350E,
,MY,PPI,Pulau Pisang,Pulau Pisang,,QQ,1-------,8103,,,
,MY,PTU,Pulau Tikus,Pulau Tikus,07,RL,-----6--,1301,,0526N 10019E,
,MY,PCK,Puncak Alam,Puncak Alam,10,RL,--3-----,1801,,0313N 10126E,
,MY,PSG,Pusing,Pusing,08,RQ,--3-----,0901,,,
,MY,PUT,Putrajaya,Putrajaya,16,RL,--3-----,1501,,0255N 10142E,
,MY,RNU,Ranau,Ranau,,AI,---4----,9601,,,
,MY,RAW,Rawang,Rawang,10,RL,-23-----,0901,,0319N 10135E,
,MY,RDN,Redang,Redang,,RL,---4----,0907,,0546N 10300E,
,MY,REM,Rembau,Rembau,05,RL,-----6--,1401,,0235N 10206E,
,MY,SBT,Sabahat,Sabahat,12,RL,1-------,0212,,0504N 11902E,
,MY,SAM,Samu,Samu,13,RL,1-------,0212,,0133N 11132E,
,MY,SAR,Sarikei,Sarikei,13,RL,1-3-----,0212,,0207N 11131E,
,MY,SPS,Seberang Perai Selatan,Seberang Perai Selatan,,RL,-----6--,1107,,0512N 10027E,
,MY,ZSU,Sebuyau,Sebuyau,13,RL,-----6--,0901,,0131N 11056E,
,MY,SGM,Segamat,Segamat,01,RL,123-----,0212,,0230N 10249E,
,MY,SEG,Segari,Segari,08,RL,--3-----,1101,,0421N 10038E,
,MY,SLM,Selama,Selama,08,RL,--3-----,1601,,0513N 10042E,
,MY,SEK,Selangkor,Selangkor,14,RQ,--3-----,0901,,,
,MY,SLK,Selekoh,Selekoh,,RQ,-----6--,1007,,0355N 10047E,
,MY,SMY,Semenyih,Semenyih,10,RL,-----6--,1401,,0257N 10151E,
,MY,SEI,Senai,Senai,01,RL,-234----,0307,,0136N 10339E,
,MY,SNR,Senari - Sarawak,Senari - Sarawak,13,RL,1-3-----,1301,,0136N 11026E,
,MY,SEW,Senawang,Senawang,05,RL,-23-----,0212,,0242N 10158E,
,MY,SVG,Sendayan Village,Sendayan Village,,RL,-----6--,1201,,0241N 10151E,
,MY,SPE,Sepulot,Sepulot,,AI,---4----,0001,,,
,MY,SRB,Seremban,Seremban,05,RL,-23-----,0212,,0243N 10156E,
,MY,SKB,Seri Kembangan,Seri Kembangan,10,RL,-23-----,0212,,0301N 10142E,
,MY,SHA,Shah Alam,Shah Alam,,RQ,1-------,9601,,,
,MY,SIJ,Sijingkat,Sijingkat,,RQ,1-------,9506,,,
,MY,SIK,Sik,Sik,02,RL,--3-----,1207,,0549N 10044E,
,MY,SIL,Silay,Silay,,QQ,1-------,8103,,,
,MY,SAP,Simpang Ampat,Simpang Ampat,07,RL,--3-----,0901,,0529N 10026E,
,MY,SMP,Simpang Lima,Simpang Lima,,RL,-----6--,1201,,0414N 10042E,
,MY,SDM,Sindumin,Sindumin,,QQ,1-------,8103,,,
,MY,SIR,Siran,Siran,,QQ,1-------,8103,,,
,MY,SWY,Sitiawan,Sitiawan,,AI,---4----,0001,,,
,MY,SAB,Sobak Bernam,Sobak Bernam,10,RL,--3-----,0212,,0346N 10058E,
,MY,SME,Sri Medan,Sri Medan,,QQ,1-------,8103,,,
,MY,SUB,Subang Jaya,Subang Jaya,10,RL,-23-----,0212,,0304N 10135E,
,MY,SZB,Subang Kuala Lumpur Apt,Subang Kuala Lumpur Apt,10,AI,--34----,0701,,0308N 10133E,
,MY,SUN,Sungai Bakap,Sungai Bakap,07,RQ,-----6--,1001,,0513N 10030E,
,MY,SIB,Sungai Bakau,Sungai Bakau,07,RL,--3-----,1501,,0508N 10025E,
,MY,SBS,Sungai Besi,Sungai Besi,,RQ,-----6--,1007,,0303N 10142W,
,MY,SBU,Sungai Buloh,Sungai Buloh,10,RQ,--3-----,0907,,0313N 10134E,
,MY,SBL,Sungai Buluh,Sungai Buluh,10,RL,-23-----,0212,,0312N 10135E,
,MY,SUG,Sungai Gadut,Sungai Gadut,05,RL,--3-----,1501,,0240N 10200E,
,MY,SGL,Sungai Lalang,Sungai Lalang,02,RL,--3-----,1501,,0542N 10031E,
,MY,SUM,Sungai Merah,Sungai Merah,13,RQ,1-------,0901,,0220N 11150E,
,MY,SIN,Sungai Nibong,Sungai Nibong,13,RQ,-----6--,1001,,0116N 11144E,
,MY,PET,Sungai Petani,Sungai Petani,02,RL,-23-----,0212,,0538N 10029E,
,MY,SRE,Sungai Rengit,Sungai Rengit,,QQ,1-------,8103,,,
,MY,SGG,Sungai Udang,Sungai Udang,04,AA,1-------,1801,,0215N 10205E,
,MY,SUP,Sungai Udang Port,Sungai Udang Port,,RL,1-------,1607,,0215N 10208E,
,MY,SUW,Sungai Way,Sungai Way,10,RL,123-----,0212,,0305N 10137E,
,MY,GTK,Sungei Tekai,Sungei Tekai,,AI,---4----,0001,,,
,MY,SGK,Sungkai,Sungkai,08,RL,--3-----,1601,,0400N 10119E,
,MY,TPG,Taiping,Taiping,,AI,---4----,0001,,,
,MY,TOL,Taman Molek,Taman Molek,01,RL,-----6--,1401,,0133N 10348E,
,MY,SXT,Taman Negara,Taman Negara,,AI,---4----,0001,,,
,MY,TAI,Tampoi,Tampoi,01,RL,1-3-----,0212,,0129N 10341E,
,MY,TPI,Tampoi,Tampoi,,RL,--3-----,1201,,0129N 10342E,
,MY,TMR,Tanah Merah,Tanah Merah,03,RL,-23-----,0212,,0548N 10208E,
,MY,TTE,Tandjung Tengelili,Tandjung Tengelili,,QQ,1-------,8103,,,
,MY,TKK,Tangkak,Tangkak,01,RL,--3-----,0212,,0216N 10232E,
,MY,TBA,Tanjong Baran,Tanjong Baran,,QQ,1-------,8103,,,
,MY,TBE,Tanjong Berhala,Tanjong Berhala,,RQ,1-------,9506,,,
,MY,TBI,Tanjong Bin,Tanjong Bin,01,RL,1-------,0307,,0120N 10333E,
,MY,TDA,Tanjong Dawai,Tanjong Dawai,,QQ,1-------,8103,,,
,MY,TKI,Tanjong Kidurong,Tanjong Kidurong,,RQ,1-------,9506,,,
,MY,TKL,Tanjong Kling,Tanjong Kling,,RQ,0-------,9012,,,
,MY,TSR,Tanjong Surat,Tanjong Surat,,QQ,1-------,8103,,,
,MY,TGE,Tanjung Gelang,Tanjung Gelang,06,RL,1-3-----,0401,,0359N 10325E,
,MY,TAG,Tanjung Lembung,Tanjung Lembung,02,RL,1-3-----,1301,,0617N 09947E,
,MY,TAM,Tanjung Malim,Tanjung Malim,08,RL,-23-----,0212,,0341N 10130E,
,MY,TMP,Tanjung Manis,Tanjung Manis,13,RL,1-------,1307,,0208N 11121E,
,MY,TPP,Tanjung Pelepas,Tanjung Pelepas,01,RL,123-----,0601,,0122N 10333E,
,MY,TGS,Tanjung Setapa,Tanjung Setapa,01,RL,--3-----,1601,,0122N 10407E,
,MY,TP8,Tapah,Tapah,08,RL,--3-----,1601,,0411N 10116E,
,MY,TAT,Tapis Terminal,Tapis Terminal,,RQ,1-------,9506,,,
,MY,TBU,Tebedu,Tebedu,13,RL,--3-----,1501,,0102N 11037E,
,MY,TEB,Tebrau,Tebrau,,RL,--3-----,1201,,0130N 10350E,
,MY,TAN,Telok Anson,Telok Anson,,RQ,0-------,9506,,,
,MY,TAS,Telok Intan,Telok Intan,,QQ,1-------,8103,,,
,MY,TRM,Telok Ramunia,Telok Ramunia,,QQ,1-------,8103,,,
,MY,TEI,Teluk Intan,Teluk Intan,08,RL,--3-----,1501,,0402N 10101E,
,MY,TLK,Teluk Panglima Garang,Teluk Panglima Garang,10,RL,--3-----,1701,,0255N 10128E,
,MY,TRB,Teluk Rubiah,Teluk Rubiah,08,RQ,1-3-----,1701,,4949N 10037E,
,MY,TEL,Telupid,Telupid,,RQ,---4----,0901,,0534N 11707E,
,MY,TGO,Tembungo,Tembungo,,RQ,------7-,0907,,0638N 11547E,
,MY,TEM,Temerloh,Temerloh,06,RL,--3-----,0212,,0326N 10225E,
,MY,ASQ,Teronoh,Teronoh,08,RL,1----6--,1407,,0425N 10059E,
,MY,TOD,Tioman,Tioman,,AI,1--4----,9601,,,
,MY,TMG,Tomanggong,Tomanggong,,AI,1--4----,9601,,,
,MY,TUB,Tubau,Tubau,13,RL,1-3-----,1307,,0308N 11342E,
,MY,TMB,Tumbum,Tumbum,,QQ,1-------,8103,,,
,MY,TUM,Tumpat,Tumpat,,QQ,1-------,8103,,,
,MY,TUN,Tungku,Tungku,,QQ,1-------,8103,,,
,MY,UTI,Ulu Tiram,Ulu Tiram,01,RL,-23-----,0212,,0138N 10350E,
,MY,WSP,Westport/Port Klang,Westport/Port Klang,10,RQ,--3-----,0507,,0257N 10118E,
,MY,YPG,Yong Peng,Yong Peng,01,RL,--3-----,0901,,0201N 10304E,
