,IE,KIK,"Kill, Kildare","Kill, Kildare",,RQ,--3-----,0201,,,
,IE,AYF,Abbeyfeale,Abbeyfeale,,RL,--3-----,0201,,5223N 00918W,
,IE,ABB,Abbeyleix,Abbeyleix,,AF,--3-----,9508,,,
,IE,ACN,Achonry,Achonry,SO,RL,--3-----,0701,,5404N 00840W,
,IE,ADA,Adare,Adare,LK,RL,--3-----,0207,,5234N 00847W,
,IE,AHL,Aherla,Aherla,CO,RL,--3-----,1601,,5151N 00844W,
,IE,ALQ,Alexandra Quay,Alexandra Quay,,AF,1-------,9508,,,
,IE,ARO,Alexandra Road Oil,Alexandra Road Oil,,AF,1-------,9508,,,
,IE,ANT,Annacarty,Annacarty,TA,RL,--3-----,0701,,5234N 00807W,
,IE,ATN,Annacotty,Annacotty,LK,RQ,1----6--,0907,,5224N 00818W,
,IE,ANN,Annagassan,Annagassan,LH,AF,--3-----,1301,,5353N 00620W,
,IE,ARA,Ardara,Ardara,,RQ,--3-----,9705,,,
,IE,ACH,Ardcath,Ardcath,,RL,--3-----,0607,,5336N 00623W,
,IE,ARE,Ardee,Ardee,LH,RL,--3-----,0207,,5351N 00632W,
,IE,ART,Ardfert,Ardfert,KY,RL,--3-----,0207,,5219N 00947W,
,IE,ARN,Ardfinnan,Ardfinnan,TA,RL,--3-----,0207,,5218N 00752W,
,IE,ARD,Ardmore,Ardmore,WD,RL,1-3-----,0207,,5157N 00743W,
,IE,ARK,Arklow,Arklow,,AF,1-------,9508,,,
,IE,ARH,Arklow Head (Ie009),Arklow Head (Ie009),WW,RQ,1-------,0901,,,
,IE,ATS,Arthurstown,Arthurstown,KE,RL,--3-----,1901,,5313N 00634W,
,IE,ASH,Ashbourne,Ashbourne,,AF,--3-----,9508,,,
,IE,ASD,Ashford,Ashford,WW,RL,--3-----,0207,,5300N 00607W,
,IE,ASK,Askeaton,Askeaton,,AF,--3-----,9508,,,
,IE,ABY,Athboy,Athboy,,RL,--3-----,0201,,5337N 00655W,
,IE,ARY,Athenry,Athenry,,RL,--3-----,0201,,5317N 00844W,
,IE,ATE,Athleague,Athleague,RN,RL,--3-----,0207,,5334N 00815W,
,IE,ATH,Athlone,Athlone,,RQ,----5---,9701,,,
,IE,ATY,Athy,Athy,,RQ,-23-----,9705,,,
,IE,AUG,Aughinish Island,Aughinish Island,,AF,1-------,9508,,,
,IE,AUM,Aughrim,Aughrim,,RL,--3-----,0201,,5251N 00619W,
,IE,AVO,Avoca,Avoca,WW,RL,-23-----,0207,,5251N 00612W,
,IE,BIF,B & I Ferryport,B & I Ferryport,,AF,1-------,9508,,,
,IE,BIT,B & I Terminal,B & I Terminal,,AF,1-------,9508,,,
,IE,BAG,Bagenalstown,Bagenalstown,CW,RL,-23-----,0207,,5242N 00657W,
,IE,BAI,Bailieborough,Bailieborough,CN,RL,--3-----,0207,,5354N 00658W,
,IE,BBG,Balbriggan,Balbriggan,D,RL,123-----,1301,,5337N 00611W,
,IE,BAL,Baldonnel,Baldonnel,,AF,---4----,9508,,,
,IE,BAY,Baldoyle,Baldoyle,D,AF,--3-----,0212,,5324N 00608W,
,IE,BLH,Ballagh,Ballagh,LK,RL,--3-----,0701,,5222N 00904W,
,IE,BGD,Ballaghaderreen,Ballaghaderreen,RN,RL,--3-----,0212,,5354N 00835W,
,IE,BLL,Ballina,Ballina,MO,RL,1-3-----,1207,,5407N 00910W,
,IE,BNA,Ballina,Ballina,TA,RL,1-3-----,1207,,5248N 00826W,
,IE,BKL,Ballinakill,Ballinakill,LS,RL,--3-----,1307,,5252N 00718W,
,IE,BAM,Ballinamore,Ballinamore,,RL,--3-----,0006,,,Leitrim
,IE,BAE,Ballinasloe,Ballinasloe,,AF,--3-----,9508,,,
,IE,IBG,Ballincollig,Ballincollig,CO,RL,-----6--,1501,,5153N 00835W,
,IE,BAD,Ballindine,Ballindine,MO,RL,-23--6--,0407,,5340N 00858W,
,IE,BAN,Ballineen,Ballineen,,RQ,--3-----,0607,,5144N 00857W,
,IE,BRO,Ballinrobe,Ballinrobe,MO,RQ,-----6--,0901,,,
,IE,IBS,Ballinskelligs,Ballinskelligs,KY,RL,--3-----,1301,,5148N 01017W,
,IE,BAV,Ballivor,Ballivor,,RQ,--3-----,0607,,5332N 00657W,
,IE,BON,Ballon,Ballon,CW,RL,--3-----,1407,,5244N 00646W,
,IE,BDG,Ballsbridge,Ballsbridge,D,RL,-----6--,1201,,5319N 00613W,
,IE,BLB,Ballybay,Ballybay,MN,RL,--3-----,0701,,5407N 00654W,
,IE,JBR,Ballybin,Ballybin,LH,RL,--3-----,1301,,5403N 00631W,
,IE,BBY,Ballybofey,Ballybofey,,RL,--3-----,0201,,5447N 00746W,
,IE,BGH,Ballyboghil (Ballyboughal),Ballyboghil (Ballyboughal),D,RL,--3-----,1001,,5331N 00615W,
,IE,BAO,Ballyboro,Ballyboro,WX,AF,--3-----,0212,,5228N 00644W,
,IE,BCL,Ballycollin,Ballycollin,D,RL,--3-----,0901,,5309N 00743W,
,IE,IBL,Ballyconnell,Ballyconnell,CN,RL,-----6--,0901,,5407N 00735W,
,IE,BLN,Ballycotton,Ballycotton,CO,RL,--3-----,1301,,5150N 00800W,
,IE,BVD,Ballydavid,Ballydavid,KY,RL,1-------,1201,,5213N 01021W,
,IE,BYH,Ballydehob,Ballydehob,CO,RQ,--3-----,1501,,5133N 00928W,
,IE,BYD,Ballydesmond,Ballydesmond,CO,RQ,--3-----,1501,,5210N 00914W,
,IE,BFT,Ballyfermot,Ballyfermot,D,RQ,-----6--,0901,,,
,IE,BLG,Ballygar,Ballygar,,RQ,--3-----,9705,,,
,IE,BYY,Ballyhahil,Ballyhahil,LK,RL,-----6--,0901,,5233N 09911W,
,IE,BHS,Ballyhaunis,Ballyhaunis,,RL,--3-----,9811,,,
,IE,BYL,Ballyhoolahan,Ballyhoolahan,CO,RL,--3-----,1501,,5209N 00903W,
,IE,BLF,Ballyjamesduff,Ballyjamesduff,CN,RL,--3-----,0207,,5351N 00712W,
,IE,BLR,Ballylanders,Ballylanders,LK,RL,--3-----,0701,,5222N 00820W,
,IE,BYB,Ballymacarbry,Ballymacarbry,WD,RL,--3-----,0701,,5215N 00743W,
,IE,BLM,Ballymahon,Ballymahon,LD,RL,--3-----,0501,,5334N 00746W,
,IE,BMY,Ballymoney,Ballymoney,DL,RL,--3-----,1607,,5502N 00730W,
,IE,BMO,Ballymote,Ballymote,SO,RL,--3-----,1407,,5405N 00831W,
,IE,BMT,Ballymount,Ballymount,,RL,--3-----,0601,,5319N 00622W,
,IE,BRY,Ballymurray,Ballymurray,RN,RL,-23-----,1207,,5335N 00807W,
,IE,BGY,Ballynacargy,Ballynacargy,,RQ,1----6--,1007,,5334N 00732W,
,IE,BRG,Ballyragget,Ballyragget,KK,RL,--3-----,0701,,5247N 00719W,
,IE,BSN,Ballyshannon,Ballyshannon,,AF,--3-----,9508,,,
,IE,BYV,Ballyvaughan,Ballyvaughan,CE,RL,--3-----,1301,,5307N 00909W,
,IE,BVY,Ballyvourney,Ballyvourney,CO,RL,--3-----,1607,,5156N 00910W,
,IE,BTM,Baltimore,Baltimore,,AI,1-------,9704,,,
,IE,BLT,Baltinglass,Baltinglass,WW,RL,--3-----,0701,,5256N 00642W,
,IE,BGR,Banagher,Banagher,OY,RL,--3-----,1501,,5311N 00759W,Offaly
,IE,BDO,Bandon,Bandon,,RL,--3-----,0201,,5145N 00844W,
,IE,BNG,Bangor,Bangor,,RL,1-3-----,0601,,5408N 00944W,
,IE,BES,Bangor Erris,Bangor Erris,MO,RL,--3-----,1207,,5408N 00944W,
,IE,BYT,Bantry,Bantry,CO,AF,1-34----,0507,,5141N 00927W,
,IE,BTH,Bantry Harbour,Bantry Harbour,CO,RQ,1-------,1501,,5141N 00927W,
,IE,BWD,Bawnboy,Bawnboy,CN,RL,--3-----,1301,,5407N 00741W,
,IE,BEF,Belfast,Belfast,,RL,--3-----,1307,,5435N 00555W,
,IE,BLY,Belmullet,Belmullet,MO,AI,--34----,1207,,5413N 00959W,
,IE,BTB,Belturbet,Belturbet,CN,RL,--3-----,0701,,5406N 00726W,
,IE,BYS,Bettystown,Bettystown,MH,RL,--3-----,1401,,5342N 00614W,
,IE,BIH,Birdhill,Birdhill,TA,RL,--3-----,1307,,5245N 00826W,
,IE,BIR,Birr,Birr,OY,RL,--3-----,0207,,5305N 00754W,
,IE,BVL,Bishops Village,Bishops Village,CO,RL,-----6--,1707,,5134N 00917W,
,IE,BLA,Blackrock,Blackrock,D,RL,-23-----,0207,,5318N 00611W,
,IE,BKW,Blackwater,Blackwater,WX,RL,--3-----,1301,,5226N 00620W,
,IE,BHT,Blanchardstown,Blanchardstown,,RL,123-----,0601,,5323N 00622W,
,IE,BNY,Blarney,Blarney,CO,RL,--3-----,1607,,5156N 00834W,
,IE,BLE,Blessington,Blessington,WW,RL,--3-----,0207,,5310N 00631W,
,IE,ZMY,Borris,Borris,CW,RL,--3-----,0407,,5236N 00655W,
,IE,BIO,Borris in Ossory,Borris in Ossory,LS,RL,--3-----,1601,,5256N 00738W,
,IE,BEH,Borrisoleigh,Borrisoleigh,TA,RQ,--3-----,1001,,5245N 00757W,
,IE,BOY,Boyle,Boyle,RN,RL,--3-----,0207,,5358N 00818W,
,IE,BRA,Bray,Bray,WW,AF,--3-----,1301,,5312N 00605W,
,IE,BRE,Bree,Bree,WX,RL,--3-----,0901,,5226N 00636W,
,IE,BGE,Bridge End,Bridge End,DL,RL,--3-----,0701,,5501N 00723W,
,IE,EBF,Broadford,Broadford,CW,RQ,1-------,0901,,,
,IE,BRU,Bruree,Bruree,LK,RL,--3-----,1207,,5225N 00839W,
,IE,BUN,Bunbeg,Bunbeg,DL,RL,--3-----,1301,,5503N 00818W,
,IE,BUY,Bunclody,Bunclody,WX,RL,--3-----,0207,,5239N 00639W,
,IE,BUC,Buncrana,Buncrana,,AF,1-------,9508,,,
,IE,BRT,Bunratty,Bunratty,CE,RL,--3-----,1301,,5241N 00848W,
,IE,BFO,Burnfoot,Burnfoot,,RL,--3--6--,0601,,5503N 00724W,
,IE,BUR,Burtonport,Burtonport,,RL,1-3-----,1301,,5459N 00826W,
,IE,BUT,Butlerstown,Butlerstown,CO,RL,--3-----,0307,,5135N 00843W,
,IE,CHR,Caher,Caher,,AF,--3-----,9508,,,
,IE,CAI,Cahir (An Chathair),Cahir (An Chathair),,AF,--3-----,0201,,5222N 00755W,
,IE,CHE,Cahirciveen,Cahirciveen,,AF,1-34----,1301,,5157N 01013W,
,IE,LLN,Callan,Callan,KK,RL,-----6--,1201,,5232N 00723W,
,IE,CML,Camolin,Camolin,WX,RQ,--3-----,0901,,5236N 00625W,
,IE,CAP,Cappoquin,Cappoquin,WD,RQ,--3-----,0901,,5208N 00751W,
,IE,CAR,Carlingford,Carlingford,,RL,1-3-----,0006,,,
,IE,CAW,Carlow,Carlow,,AF,--3-----,9508,,,
,IE,CRA,Carn,Carn,DL,RL,--3-----,0701,,5434N 00750W,
,IE,CDN,Carndonagh,Carndonagh,DL,RQ,--3-----,0907,,5515N 00716W,
,IE,ICK,Carrick,Carrick,DL,RL,-----6--,0901,,5436N 00806W,
,IE,COS,Carrick-on-Shannon,Carrick-on-Shannon,LM,RL,--3-----,0212,,5357N 00805W,
,IE,CRS,Carrick-on-Suir,Carrick-on-Suir,TA,RL,123-----,1207,,5220N 00724W,
,IE,CAN,Carrickcarnan,Carrickcarnan,,AF,--3-----,9508,,,
,IE,CAS,Carrickmacross,Carrickmacross,,AF,--3-----,9508,,,
,IE,CKM,Carrickmines,Carrickmines,D,RL,--3-----,1207,,5315N 00610W,
,IE,CAE,Carrigaline,Carrigaline,CO,RL,--3-----,0207,,5148N 00823W,
,IE,CRR,Carrigans,Carrigans,DL,RL,--3-----,1207,,5457N 00726W,
,IE,CGO,Carrigtohill,Carrigtohill,CO,RL,--3-----,0307,,5154N 00815W,
,IE,QSH,Cashel,Cashel,,AF,--3-----,9508,,,
,IE,CTR,Casteltownroche,Casteltownroche,CO,RL,--3-----,0701,,5210N 00827W,
,IE,CLB,Castlebar,Castlebar,,AI,--34----,0001,,,
,IE,CAM,Castlebellingham,Castlebellingham,,AF,--3-----,9508,,,
,IE,CBY,Castleblaney,Castleblaney,,RL,--3-----,0701,,5407N 00644W,
,IE,CAT,Castlecomer,Castlecomer,KK,AF,--3-----,0212,,5248N 00713W,
,IE,CAL,Castleconnell,Castleconnell,,AF,--3-----,9508,,,
,IE,7CM,Castledermot,Castledermot,KE,RL,--3-----,1301,,5254N 00650W,
,IE,CFI,Castlefinn,Castlefinn,,RL,1-3--6--,0601,,5448N 00736W,
,IE,CAD,Castleisland,Castleisland,KY,RL,-23-----,0207,,5214N 00928W,
,IE,CLM,Castlemahon,Castlemahon,LK,RL,--3-----,0701,,5225N 00900W,
,IE,CMA,Castlemaine,Castlemaine,KY,RL,--3-----,0701,,5210N 00942W,
,IE,TLK,Castlenock,Castlenock,CW,RQ,1-------,0901,,,
,IE,CPD,Castlepollard,Castlepollard,WH,RL,--3-----,0307,,5340N 00718W,
,IE,CAA,Castlerea,Castlerea,,AF,--3-----,9508,,,
,IE,CTN,Castletown,Castletown,LS,RL,-23-----,0501,,5258N 00729W,
,IE,CTB,Castletown Bearhaven,Castletown Bearhaven,CO,AI,1-3-----,1207,,5139N 00955W,
,IE,CAU,Causeway,Causeway,,RL,--3-----,9901,,,
,IE,CAV,Cavan,Cavan,,AF,--3-----,9508,,,
,IE,CEL,Celbridge,Celbridge,,RL,--3-----,0601,,5320N 00633W,
,IE,CHT,Charlestown,Charlestown,MO,RQ,--3-----,0901,,5357N 00847W,
,IE,CHA,Charleville,Charleville,CO,RL,--3-----,0207,,5221N 00840W,
,IE,CTW,Churchtown,Churchtown,CO,RL,--3-----,1207,,5216N 00844W,
,IE,CNE,Clane,Clane,KE,RL,--3-----,0701,,5317N 00641W,
,IE,CLA,Clara,Clara,,RL,--3-----,9811,,,Offaly
,IE,CLC,Clarecastle,Clarecastle,CE,RL,1-3-----,0207,,5249N 00857W,
,IE,CMS,Claremorris,Claremorris,MO,RL,--3-----,1301,,5343N 00900W,
,IE,CLI,Clifden,Clifden,,RQ,123-----,9805,,,Galway
,IE,CLG,Clogherhead,Clogherhead,LH,RL,1-------,0901,,5347N 00614W,
,IE,CHD,Cloghjordan,Cloghjordan,TA,RL,--3-----,1401,,5256N 00802W,
,IE,CLO,Cloghore,Cloghore,,AF,--3-----,9508,,,
,IE,CLR,Cloghran,Cloghran,,RL,--34----,0212,,5325N 00614W,
,IE,CKY,Clonakilty,Clonakilty,CO,RL,--3-----,1301,,5137N 00853W,
,IE,CSL,Clonaslee,Clonaslee,LS,RL,--3-----,1301,,5308N 00731W,
,IE,CFY,Clonbulloge,Clonbulloge,OY,RL,-----6--,1201,,5315N 00705W,
,IE,CLK,Clondalkin,Clondalkin,,AF,--3-----,9508,,,
,IE,CLE,Clonee,Clonee,,AF,--3-----,9508,,,
,IE,CLS,Clones,Clones,,RL,--3-----,0201,,5410N 00714W,
,IE,CLL,Clonmel,Clonmel,,AF,--3-----,9508,,,
,IE,CHU,Clonshaugh,Clonshaugh,D,RL,--3-----,0901,,5323N 00614W,
,IE,CTT,Clontibret,Clontibret,,RQ,--3-----,0607,,5412N 00650W,
,IE,CLN,Cloonlara,Cloonlara,CE,RL,--3-----,0307,,5243N 00833W,
,IE,CCT,Coastal Control Terminal,Coastal Control Terminal,,AF,1-------,9508,,,
,IE,COB,Cobh,Cobh,,AF,1-------,9508,,,
,IE,COL,Collinstown,Collinstown,,AF,--3-----,9508,,,
,IE,CON,Collon,Collon,LH,RL,--3-----,1307,,5346N 00629W,
,IE,CLY,Collooney,Collooney,,RL,--3-----,0201,,5411N 00829W,
,IE,COA,Coolea,Coolea,CO,RL,--3-----,1601,,5155N 00913W,
,IE,FGY,Coolock,Coolock,D,RL,1----6--,0901,,5323N 00611W,
,IE,CLH,Coolshannagh,Coolshannagh,MN,RL,--3-----,0701,,,
,IE,CBR,Coomhola Bridge,Coomhola Bridge,,RQ,--34----,1007,,5145N 00927W,
,IE,COO,Cootehill,Cootehill,CN,RL,--3-----,0207,,5404N 00705W,
,IE,ORK,Cork,Cork,,AF,1--45---,9508,,,
,IE,CRN,Corrin,Corrin,,RL,--3-----,0607,,5206N 00816W,
,IE,CTL,Cratloe,Cratloe,CE,RL,--3-----,0701,,5241N 00845W,
,IE,CGW,Craughwell,Craughwell,G,RQ,--3-----,0901,,5312N 00813W,
,IE,CRO,Crookhaven,Crookhaven,,AF,1-------,9508,,,
,IE,CKS,Crookstown,Crookstown,,RL,--3-----,0201,,5150N 00849W,
,IE,CDY,Crossdoney,Crossdoney,CN,RL,--3-----,1201,,5357N 00726W,
,IE,CSG,Crosserlough,Crosserlough,CN,RL,--3-----,0901,,5353N 00717W,
,IE,CUR,Curracloe,Curracloe,WX,RL,--3-----,1301,,5223N 00623W,
,IE,CUH,Curragh,Curragh,KE,RL,-----6--,1201,,5308N 00649W,
,IE,DAL,Dalkey,Dalkey,D,RL,-23-----,1301,,5316N 00606W,
,IE,DEA,Deans Grange,Deans Grange,D,AF,--3-----,0212,,5317N 00610W,
,IE,DEL,Delgany,Delgany,WW,RL,--3-----,1601,,5307N 00605W,
,IE,DYB,Derrybeg,Derrybeg,DL,RL,--3-----,1407,,5505N 00817W,
,IE,DER,Derryveagh,Derryveagh,,AF,0-------,9508,,,
,IE,DIN,Dingle,Dingle,,AF,1-------,9508,,,
,IE,DAT,Donabate,Donabate,D,RL,--3-----,1101,,5329N 00609W,
,IE,CFN,Donegal,Donegal,DL,AI,1-34----,0907,,,
,IE,DNR,Donoughmore,Donoughmore,CO,RL,--3-----,0701,,5159N 00845W,
,IE,DLN,Doolin,Doolin,CE,RL,--3-----,1301,,5301N 00923W,
,IE,DBG,Doonbeg,Doonbeg,CE,RL,-23--6--,1301,,5244N 00931W,
,IE,DNE,Dooneen,Dooneen,CO,RL,--3-----,1601,,5130N 00913W,
,IE,DGS,Douglas,Douglas,CO,RQ,--3-----,1007,,5152N 00826W,
,IE,DRI,Drinagh,Drinagh,CO,RL,--3-----,1107,,5139N 14945W,
,IE,DRO,Drogheda,Drogheda,,AF,1-------,9508,,,
,IE,DMF,Drogheda Maxol Facility,Drogheda Maxol Facility,LH,AA,1-------,1207,,5343N 00620W,
,IE,DPP,Drogheda Premiere Periclase,Drogheda Premiere Periclase,LH,RL,1-------,0901,,5343N 06191W,
,IE,NBR,Droichead Nua,Droichead Nua,KE,RL,--3-----,0207,,5310N 00647W,
,IE,DRA,Dromara,Dromara,,RL,--3-----,0901,,5422N 00601W,
,IE,DCR,Dromcolliher,Dromcolliher,LK,RL,--3-----,1301,,5220N 00855W,
,IE,DRM,Dromod,Dromod,LM,RL,--3-----,0701,,5352N 00755W,
,IE,DMN,Drumone,Drumone,MH,RL,--3-----,0307,,5343N 00709W,
,IE,DMR,Drumree,Drumree,MH,RL,--3-----,1301,,5330N 00634W,
,IE,DRU,Drumshanbo,Drumshanbo,LM,RL,--3-----,0207,,5409N 00802W,
,IE,DUB,Dublin,Dublin,,AF,12-45---,9508,,,
,IE,DFT,Dublin-Dublin Ferryport Terminals,Dublin-Dublin Ferryport Terminals,D,AA,1-------,1207,,5319N 00614W,
,IE,DFA,Dublin-Ferryport Terminal 1,Dublin-Ferryport Terminal 1,D,AA,1-------,1207,,5319N 00611W,
,IE,DFB,Dublin-Ferryport Terminal 2,Dublin-Ferryport Terminal 2,D,AA,1-------,1207,,5319N 00612W,
,IE,DFC,Dublin-Ferryport Terminal 3,Dublin-Ferryport Terminal 3,D,AA,1-------,1207,,5319N 00614W,
,IE,MTL,Dublin-Marine Terminal,Dublin-Marine Terminal,D,AA,1-------,1207,,5320N 00614W,
,IE,DUK,Duleek,Duleek,MH,RL,--3-----,0207,,5339N 00625W,
,IE,DLG,Dun Laoghaire,Dun Laoghaire,,AF,1-------,1301,,5318N 00608W,
,IE,DNB,Dunboyne,Dunboyne,,RL,--3-----,9811,,,
,IE,DCN,Duncannon/Saint Helens,Duncannon/Saint Helens,WX,RL,1-3-----,1301,,5213N 00659W,
,IE,DDK,Dundalk,Dundalk,,AF,1-------,9508,,,
,IE,DFY,Dunfanaghy,Dunfanaghy,DL,AA,1-3-----,1207,,5511N 00758W,
,IE,DGV,Dungarvan,Dungarvan,KK,AF,1-3-----,1207,,5235N 00705W,
,IE,DUW,Dunglow,Dunglow,DL,RL,--3-----,0207,,5457N 00821W,
,IE,DLV,Dunlavin,Dunlavin,WW,RQ,--3-----,0901,,5303N 00642W,
,IE,DNL,Dunleer,Dunleer,,RL,--3-----,0701,,5350N 00623W,
,IE,DNW,Dunmanway,Dunmanway,,AF,--3-----,9508,,,
,IE,DNM,Dunmore East,Dunmore East,,AF,1-------,9508,,,
,IE,DUN,Dunshaughlin,Dunshaughlin,MH,RL,--3-----,1601,,5330N 00632W,
,IE,DOW,Durrow,Durrow,,RL,--3--6--,0601,,5251N 00724W,
,IE,EKY,Easkey/Rathlee,Easkey/Rathlee,SO,AA,1-3-----,1301,,5417N 00858W,
,IE,EDE,Edenderry,Edenderry,OY,RL,--3-----,0207,,5320N 00703W,
,IE,EYV,Emyvale,Emyvale,MN,RL,--3-----,1407,,5420N 00657W,
,IE,EFD,Enfield,Enfield,MH,RL,-23-----,0701,,5324N 00649W,
,IE,ENI,Ennis,Ennis,,RL,--3-----,0201,,5250N 00858W,
,IE,ENN,Enniscorthy,Enniscorthy,,AF,--3-----,9508,,,
,IE,ENK,Enniskean,Enniskean,CO,RQ,--3-----,1501,,5144N 00855W,
,IE,DWE,Ennistymon,Ennistymon,CE,RL,1-3-----,1401,,5256N 00917W,
,IE,ESB,ESB Poolbeg-Dublin,ESB Poolbeg-Dublin,D,AA,1-------,1207,,5320N 00611W,
,IE,FFO,Farranfore,Farranfore,,RQ,--3--6--,0607,,5210N 00933W,
,IE,FEN,Fenit,Fenit,KY,AF,1-3-----,1207,,5216N 00952W,
,IE,FBE,Ferbane,Ferbane,OY,RQ,--3-----,0901,,5316N 00749W,
,IE,FER,Fermoy,Fermoy,,RL,--3-----,9811,,,Cork
,IE,FEB,Ferrybank,Ferrybank,WD,RL,--3-----,1701,,5215N 00706W,
,IE,FTD,Fethard/Slade,Fethard/Slade,TA,RL,1-3-----,1301,,5212N 00650W,
,IE,FID,Fiddown,Fiddown,,AF,1-------,9508,,,
,IE,FLS,Finglas,Finglas,D,RQ,--3-----,0901,,5323N 00617W,
,IE,FIN,Fintona,Fintona,,RL,1----6--,1201,,5430N 00719W,
,IE,FPD,Flogas Products Drogheda,Flogas Products Drogheda,LH,AA,1-------,1207,,5343N 00621W,
,IE,FRW,Ford's Wharf (Topaz Energy Terminal),Ford's Wharf (Topaz Energy Terminal),CO,AA,1-------,1207,,5153N 00826W,
,IE,FXD,Foxford,Foxford,MO,RL,--3-----,0901,,5359N 00907W,
,IE,FOV,Foynes,Foynes,,AF,1-------,9508,,,
,IE,FCW,Frank Cassin Wharf,Frank Cassin Wharf,,AF,1-------,9508,,,
,IE,CHK,Frenchpark,Frenchpark,RN,RL,--3-----,0901,,5352N 00824W,
,IE,FSF,Freshford,Freshford,KK,RL,--3-----,0701,,5244N 00723W,
,IE,GMY,Galmoy,Galmoy,KK,RL,--3-----,0701,,5247N 00734W,
,IE,GWY,Galway,Galway,,AF,1-345---,9508,,,
,IE,GLG,Gilloge,Gilloge,CE,RL,--3-----,1607,,5241N 00834W,
,IE,GLM,Glanmire,Glanmire,CO,RL,--3-----,0701,,5154N 00823W,
,IE,GNV,Glasnevin,Glasnevin,D,RL,--3-----,0212,,5322N 00617W,
,IE,GMD,Glenamaddy,Glenamaddy,G,RL,--3-----,1307,,5336N 00833W,
,IE,GBI,Glenbeigh,Glenbeigh,KY,RL,--3-----,1301,,5203N 00956W,
,IE,GGA,Glengarriff,Glengarriff,CO,AA,1-3-----,1207,,5145N 00933W,
,IE,IGE,Goresbridge,Goresbridge,KK,RL,-----6--,0901,,5237N 00659W,
,IE,GOR,Gorey,Gorey,WX,RL,-23-----,0207,,5239N 00618W,
,IE,GON,Gormanston,Gormanston,MH,RL,-23-----,0207,,5337N 00614W,
,IE,GOT,Gort,Gort,G,RL,-23-----,0207,,5303N 00848W,
,IE,GRT,Gortahork,Gortahork,DL,RL,1----6--,0901,,5507N 00808W,
,IE,GOW,Gowran,Gowran,,RQ,1----6--,1001,,5737N 00724W,
,IE,KKG,Graiguenamanagh,Graiguenamanagh,KK,RL,--3-----,1707,,5232N 00657W,
,IE,GGG,Grangegeeth,Grangegeeth,MH,RL,--3-----,1807,,5345N 00632W,
,IE,GNA,Grannagh,Grannagh,WD,RL,--3-----,0701,,5215N 00706W,
,IE,GRE,Greencastle,Greencastle,DL,RL,1-3-----,1601,,5512N 00659W,
,IE,GRN,Greenore,Greenore,,AF,1-------,9508,,,
,IE,GRH,Grenagh,Grenagh,CO,RL,--3-----,0701,,5201N 00836W,
,IE,GRY,Greystones,Greystones,WW,RL,--3-----,1301,,5308N 00603W,
,IE,GUR,Gurteen,Gurteen,LM,RL,--3-----,1701,,5419N 00818W,
,IE,HAU,Haulbowline,Haulbowline,,AF,1-------,9508,,,
,IE,HOH,Holly Hill,Holly Hill,CO,RL,--3-----,1407,,5140N 00950W,
,IE,HYS,Hollystown,Hollystown,D,RL,--3-----,0901,,5325N 00622W,
,IE,HOL,Holywood,Holywood,CW,RQ,--3-----,0901,,,
,IE,HOW,Howth,Howth,,AI,1-------,9704,,,
,IE,INS,Inishannon (Inis Eonain),Inishannon (Inis Eonain),CO,RL,--3-----,1207,,5146N 00839W,
,IE,INQ,Inisheer,Inisheer,,AI,---4----,0001,,,
,IE,IIA,Inishmaan,Inishmaan,,AI,---4----,0001,,,
,IE,IOR,Inishmore,Inishmore,,AI,---4----,0001,,,
,IE,INV,Inveran,Inveran,,RQ,--3-----,0607,,5314N 00926W,
,IE,IRD,Irish Rail Freight Depot,Irish Rail Freight Depot,,AF,-2------,9508,,,
,IE,JMT,Jamestown,Jamestown,LM,RQ,--3-----,0901,,,
,IE,JTD,Johnstown,Johnstown,MH,RL,--3-----,1307,,5324N 00650W,
,IE,JUL,Julianstown,Julianstown,MH,RL,--3-----,1601,,5340N 00616W,
,IE,KNT,Kanturk,Kanturk,,RQ,--3-----,9705,,,
,IE,KLL,Kells,Kells,MH,RL,--3-----,1301,,5343N 00652W,
,IE,KEN,Kenmare,Kenmare,,RL,--3-----,1301,,,Kerry
,IE,KIR,Kerry County,Kerry County,,AI,---4----,0001,,,
,IE,KLB,Kilbeggan,Kilbeggan,WH,RL,--3-----,0701,,5322N 00730W,
,IE,KCR,Kilcar,Kilcar,DL,RQ,--3-----,1001,,5437N 00835W,
,IE,KCL,Kilclare,Kilclare,,RQ,0-------,9811,,,
,IE,KCK,Kilcock,Kilcock,,RL,--3-----,0201,,5324N 00640W,
,IE,KCG,Kilcolgan,Kilcolgan,G,RL,--3-----,1207,,5312N 00851W,
,IE,KIC,Kilcoole,Kilcoole,WW,RQ,1-3-----,0901,,,
,IE,KCM,Kilcormac,Kilcormac,OY,RL,--3-----,1401,,5310N 00743W,
,IE,KKY,Kildalkey,Kildalkey,MH,RL,--3-----,1401,,5334N 00654W,
,IE,KIL,Kildare,Kildare,,AF,--3-----,9508,,,
,IE,RRR,Kildorrery,Kildorrery,CO,RL,1-------,1501,,5214N 00825W,
,IE,KLK,Kilkenny,Kilkenny,,AF,--3-----,9508,KKY,,
,IE,IKN,Kilkieran,Kilkieran,G,RL,-----6--,0901,,5319N 00944W,
,IE,KKS,kilkishen,kilkishen,CE,RL,--3-----,0901,,5248N 00845W,
,IE,KLA,Killala,Killala,,RL,1-3-----,9901,,,Mayo
,IE,KLE,Killaloe,Killaloe,CE,RQ,--3-----,0901,,5248N 00826W,
,IE,KLY,Killarney,Killarney,,RQ,-23-----,9705,,,
,IE,KLV,Killavullen,Killavullen,CO,RL,--3-----,1801,,5208N 00830W,
,IE,KDY,Killeedy,Killeedy,LK,RQ,--3-----,0901,,5223N 00904W,
,IE,KZL,Killeenaran,Killeenaran,G,RL,--3-----,1301,,5311N 00855W,
,IE,KID,Killenard,Killenard,LS,RL,--3-5---,1107,,,
,IE,KLS,Killeshandra,Killeshandra,CN,RL,--3-----,0701,,5400N 00731W,
,IE,KIY,Killiney,Killiney,,RL,--3-----,0006,,5315N 00606W,
,IE,KGL,Killorglin,Killorglin,KY,RQ,--3-----,0907,,5206N 00947W,
,IE,KBS,Killybegs,Killybegs,,AF,1-------,9508,,,
,IE,KGD,Killygordon,Killygordon,DL,RL,--3-----,0901,,5448N 00741W,
,IE,KMT,Kilmacthomas,Kilmacthomas,WD,RL,--3-----,0701,,5212N 00725W,
,IE,KWD,Kilmainham Wood,Kilmainham Wood,MH,RL,--3-----,1707,,5351N 00648W,
,IE,KMK,Kilmallock,Kilmallock,LK,RL,--3-----,0701,,5224N 00834W,
,IE,KKA,Kilmokea,Kilmokea,,AF,1-------,9508,,,
,IE,KRL,Kilmore Quay,Kilmore Quay,WX,RL,--3-----,1301,,5210N 00635W,
,IE,KRY,Kilmurry,Kilmurry,CE,RL,-----6--,1201,,5248N 00927W,
,IE,KNL,Kilnaleck,Kilnaleck,CN,RL,--3-----,0701,,5352N 00719W,
,IE,KIN,Kilronan,Kilronan,G,RL,--3-----,0207,,5307N 00940W,
,IE,KRN,Kilronan,Kilronan,CE,RQ,--3-----,0207,,5239N 00940W,
,IE,KLR,Kilrush,Kilrush,,AI,1-------,9704,,,
,IE,KHE,Kilsheelan,Kilsheelan,TA,RL,--3-----,0701,,5221N 00734W,
,IE,IKH,Kiltamagh,Kiltamagh,MO,RL,-----6--,0901,,5351N 00900W,
,IE,KTE,Kilteel,Kilteel,KE,RQ,--3-----,0901,,5314N 00631W,
,IE,KTA,Kilternan,Kilternan,D,RQ,--3-----,0901,,5313N 00611W,
,IE,KWH,Kilworth,Kilworth,CO,RL,--3-----,1107,,5210N 00814W,
,IE,KCT,Kingscourt,Kingscourt,,RL,--3-----,9811,,,
,IE,KNG,Kinnegad,Kinnegad,WH,RQ,1-------,0901,,,
,IE,KLN,Kinsale,Kinsale,,AF,1-------,9508,,,
,IE,KSL,Kinsealy,Kinsealy,D,RQ,--3-----,0901,,,
,IE,KIA,Kinvarra,Kinvarra,G,RL,--3-----,1301,,5308N 00856W,
,IE,NOC,Knock,Knock,,AI,---4----,0001,,,ex Connaught
,IE,NOK,Knockalough,Knockalough,CE,RL,--3-----,1801,,5242N 00915W,
,IE,KTH,Knocktopher,Knocktopher,KK,RL,--3-----,1401,,5229N 00712W,
,IE,LBH,Lanesborough,Lanesborough,LD,RL,--3-----,0901,,5340N 00759W,
,IE,LEI,Leitrim,Leitrim,,AF,--3-----,9508,,,
,IE,LEX,Leixlip,Leixlip,,AF,--3-----,9508,,,
,IE,LTR,Letterkenny,Letterkenny,,AF,--3-----,9508,,,
,IE,LIF,Lifford,Lifford,,AF,--3-----,9508,,,
,IE,LMK,Limerick,Limerick,,AF,1--45---,9508,,,
,IE,LDV,Lisdoonvarna,Lisdoonvarna,CE,RL,--3-----,0901,,5301N 00917W,
,IE,LSK,Lisnarick,Lisnarick,SO,RL,--3-----,0901,,5428N 00741W,
,IE,LST,Listowel,Listowel,,RQ,--3-----,9705,,,
,IE,LIC,Little Island/Cork,Little Island/Cork,,RL,-23-----,0601,,5154N 00821W,
,IE,LGA,Loch Gowna,Loch Gowna,CN,RQ,--3-----,1001,,5351N 00733W,
,IE,LON,Longford,Longford,,AF,--3-----,9508,,,
,IE,LEH,Lough Egish,Lough Egish,MN,RL,--3-----,1601,,5404N 00648W,
,IE,LOG,Loughlinstown,Loughlinstown,D,RL,--3-----,1701,,5314N 00607W,
,IE,LOU,Loughrea,Loughrea,,AF,--3-----,9508,,,
,IE,LTH,Louth,Louth,,RQ,--3-----,9705,,,
,IE,LKY,Lucan,Lucan,D,RL,--3-----,0207,,5321N 00626W,
,IE,LAR,Lurganm Armagh,Lurganm Armagh,CW,RQ,1-------,0901,,,
,IE,MCR,Macroom,Macroom,,RL,--3-----,0002,,,
,IE,MAG,Maghera,Maghera,,RL,1-3-----,9811,,,Donegal
,IE,MRT,Magheraroarty,Magheraroarty,DL,RL,1-------,1401,,5508N 00810W,
,IE,MAH,Malahide,Malahide,D,RL,--3-----,1301,,5327N 00608W,
,IE,MAL,Mallow,Mallow,,AF,--3-----,9508,,,
,IE,MHN,Manorhamilton,Manorhamilton,LM,RL,-----6--,1107,,5418N 00810W,
,IE,MAP,Marino Point,Marino Point,,AF,1-------,9508,,,
,IE,MAR,Marshmeadows/New Ross,Marshmeadows/New Ross,WX,AA,1-------,1207,,5223N 00657W,
,IE,MAY,Maynooth,Maynooth,,AF,--3-----,9508,,,
,IE,MYO,Mayo,Mayo,MO,RL,--3-----,0701,,5345N 00907W,
,IE,MID,Midleton,Midleton,,AF,--3-----,9508,,,
,IE,MIL,Millstreet,Millstreet,CO,RL,--3-----,0207,,5203N 00903W,
,IE,MTW,Milltown,Milltown,G,RQ,--3-----,1001,,5337N 00854W,
,IE,MNM,Milltown Malbay,Milltown Malbay,CE,RL,--3-----,0901,,5251N 00924W,
,IE,MIT,Mitchelstown,Mitchelstown,CO,AF,--3-----,1101,,5215N 00816W,
,IE,MOA,Moate,Moate,,RL,--3-----,1101,,5323N 00743W,
,IE,MGL,Mogeely,Mogeely,CO,RL,--3-----,0701,,5155N 00803W,
,IE,MON,Monaghan,Monaghan,,AF,--3-----,9508,,,
,IE,MBE,Monasterboice,Monasterboice,LH,RL,--3-----,1301,,5346N 00623W,
,IE,MNV,Monesterevin,Monesterevin,KE,RL,--3-----,0701,,5307N 00703W,
,IE,MOT,Moneypoint,Moneypoint,,AF,1-------,9508,,,
,IE,MBW,Mount Bellew,Mount Bellew,G,RQ,--3-----,0901,,5328N 00830W,
,IE,MOU,Mountmellick,Mountmellick,LS,RL,--3-----,0207,,5307N 00719W,
,IE,MTH,Mountrath,Mountrath,LS,RL,--3-----,1107,,5259N 00728W,
,IE,MOV,Moville,Moville,DL,RL,1-3-----,0207,,5511N 00702W,
,IE,MOB,Moy Bridge,Moy Bridge,,AF,--3-----,9508,,,
,IE,MOY,Moycullen,Moycullen,G,RL,--3-----,1801,,5320N 00912W,
,IE,MLT,Mulhurddart,Mulhurddart,D,RL,--3-----,0212,,5324N 00624W,
,IE,MLA,Mullagh,Mullagh,CN,RL,--3-----,0701,,5348N 00656W,
,IE,MUG,Mullagh,Mullagh,MH,RQ,--3-----,0901,,5327N 00638W,
,IE,MLL,Mulligan,Mulligan,,RQ,--3-----,9705,,,
,IE,MUE,Mullinahone,Mullinahone,TA,RL,--3-----,1707,,5230N 00730W,
,IE,MUL,Mullingar,Mullingar,,AF,--3-----,9508,,,
,IE,MLM,Multyfarnham,Multyfarnham,WH,RL,--3-----,0701,,5337N 00723W,
,IE,MUR,Murroe,Murroe,LK,RL,--3--6--,0901,,5239N 00823W,
,IE,NAA,Naas,Naas,KE,AF,--3-----,1101,,5312N 00640W,
,IE,NUL,Naul,Naul,D,RL,--3-----,0701,,5335N 00617W,
,IE,AUU,Navan (An Uaimh),Navan (An Uaimh),MH,RL,-23-----,1207,,5339N 00640W,Meath
,IE,NEN,Nenagh,Nenagh,TA,RL,-23-----,0207,,5252N 00811W,
,IE,NRS,New Ross,New Ross,WX,AF,1-------,1207,,5223N 00656W,
,IE,NRR,New Ross-Raheen/Roberscon,New Ross-Raheen/Roberscon,WX,AA,1-------,1207,,5223N 00657W,
,IE,NBS,Newbliss,Newbliss,MN,RL,--3-----,1501,,5409N 00708W,
,IE,NWG,Newbridge,Newbridge,KE,RL,--3-----,0701,,5310N 00648W,
,IE,NWC,Newcastle,Newcastle,D,RQ,--3-----,0901,,5318N 00630W,
,IE,NEW,Newcastle West,Newcastle West,,AF,--3-----,9508,,,
,IE,NMR,Newmarket,Newmarket,CO,RL,--3-----,0701,,5213N 00900W,
,IE,NOF,Newmarket on Fergus,Newmarket on Fergus,CE,RL,--3-----,0701,,5245N 00853W,
,IE,NET,Newport,Newport,MO,RL,1-3-----,1101,,5353N 00932W,
,IE,NAY,Newtonabbey,Newtonabbey,,RL,123-----,0601,,5439N 00556W,
,IE,NEX,Newtown,Newtown,WX,RQ,1-------,0901,,,
,IE,NMK,Newtown Mount Kennedy,Newtown Mount Kennedy,WW,RL,--3-----,0212,,5305N 00607W,
,IE,OCA,Ocallaghansmills,Ocallaghansmills,,RQ,--3-----,0607,,5250N 00841W,
,IE,NOV,Oldcastle,Oldcastle,,RL,--3--6--,0601,,5346N 00710W,
,IE,ONE,Oranmore,Oranmore,G,RL,--3-----,0701,,5316N 00855W,
,IE,OUG,Oughterard,Oughterard,G,RL,--3-----,1601,,5325N 00920W,
,IE,OVE,Ovens,Ovens,CO,RL,--3-----,1901,,5152N 00840W,
,IE,PMS,Palmerston,Palmerston,D,RQ,--3-----,0901,,5321N 00622W,
,IE,PAT,Pandoro Terminal,Pandoro Terminal,,AF,1-------,9508,,,
,IE,PAP,Parnell Place,Parnell Place,,AF,1-------,9508,,,
,IE,PAW,Passage West,Passage West,CO,RL,1-3-----,1501,,5152N 00821W,
,IE,PTW,Piltown,Piltown,KK,RL,--3-----,1607,,5221N 00720W,
,IE,PBE,Pluckerstown Bridge,Pluckerstown Bridge,KE,RL,--3-----,1707,,5314N 00652W,
,IE,POR,Portarlington,Portarlington,LS,RL,-23-----,0212,,5309N 00710W,
,IE,PGN,Portglenone,Portglenone,,RQ,--3-----,0607,,5452N 00628W,
,IE,PTL,Portlaoise,Portlaoise,LS,RL,-23-5---,0207,,5302N 00716W,
,IE,POK,Portmarnock,Portmarnock,D,RL,--3-----,0207,,5325N 00608W,
,IE,PTA,Portumna,Portumna,,RQ,--3-----,1007,,5305N 00813W,
,IE,RAH,Raheenagh,Raheenagh,LK,RL,--3-----,1701,,5222N 00902W,
,IE,RTN,Ramelton,Ramelton,DL,RL,1-3-----,0407,,5502N 00738W,
,IE,RNG,Rathangan,Rathangan,,RQ,--3-----,0607,,5313N 00659W,
,IE,RCO,Rathcoole,Rathcoole,D,RL,--3-----,0701,,5316N 00628W,
,IE,RCC,Rathcormack,Rathcormack,,RL,--3-----,0601,,5205N 00817W,
,IE,RTD,Rathdowney,Rathdowney,LS,RL,--3-----,0701,,5251N 00734W,
,IE,RDM,Rathdrum,Rathdrum,WW,RQ,1-3-----,0901,,5255N 00614W,
,IE,RAE,Rathkeale,Rathkeale,LK,RL,-23-----,0207,,5231N 00856W,
,IE,RAM,Rathmore,Rathmore,,RL,--3-----,0006,,,
,IE,RAT,Rathmullan,Rathmullan,DL,RL,1-3-----,1201,,5506N 00732W,
,IE,RAW,Rathnew,Rathnew,WW,RL,--3-----,1301,,5259N 00605W,
,IE,RTW,Rathowen,Rathowen,WH,RL,--3-----,0701,,5339N 00730W,
,IE,RTT,Ratoath,Ratoath,MH,RL,--3-----,0701,,5330N 00627W,
,IE,RED,Redhouse,Redhouse,KK,RQ,--3-----,1707,,5235N 00725W,
,IE,RHO,Rhode,Rhode,OY,RQ,--3-----,0901,,5321N 00712W,
,IE,RIN,Ringaskiddy,Ringaskiddy,CO,AF,1-------,1207,,5150N 00819W,
,IE,RDT,Ringaskiddy Deepwater Terminal,Ringaskiddy Deepwater Terminal,CO,AA,1-------,1207,,5150N 00819W,
,IE,RPT,Ringaskiddy Passenger Terminal,Ringaskiddy Passenger Terminal,CO,AA,1-------,1207,,5150N 00819W,
,IE,RVM,River Moy,River Moy,,AF,1-------,9508,,,
,IE,RVT,Riverstown,Riverstown,LH,RL,--3-----,0701,,5359N 00613W,
,IE,RCM,Rockmills,Rockmills,CO,RL,--3-----,1207,,5213N 00824W,
,IE,ROO,Roosky,Roosky,RN,RL,--3-----,0207,,5350N 00755W,
,IE,RON,Roscommon,Roscommon,RN,RL,--3-----,0207,,5338N 00812W,
,IE,RSC,Roscrea,Roscrea,,AF,--3-----,9508,,,
,IE,RNS,Rosenallis,Rosenallis,,RQ,--3-----,0607,,5308N 00724W,
,IE,RCB,Ross Carbery,Ross Carbery,CO,RL,--3-----,1601,,5134N 00902W,
,IE,RAV,Rossaveel,Rossaveel,,AF,1-------,9508,,,
,IE,RSM,Rossaveel,Rossaveel,G,RL,1-------,1401,,5316N 00933W,
,IE,RSS,Rosses Point,Rosses Point,SO,RL,--3-----,1301,,5418N 00834W,
,IE,ROE,Rosslare,Rosslare,,AF,1-------,9508,,,
,IE,ROS,Rosslare Harbour,Rosslare Harbour,,AI,1-------,9704,,,
,IE,RDW,Roundwood,Roundwood,WW,RQ,--3-----,0907,,5303N 00613W,
,IE,RUS,Rushbrooke,Rushbrooke,,AF,123-----,0212,,5151N 00819W,
,IE,SAG,Saggart,Saggart,,AF,--3-----,9508,,,
,IE,STM,Saint Margaret's,Saint Margaret's,D,RQ,--3-----,1101,,5325N 00618W,
,IE,SLS,Sallins,Sallins,KE,RL,--3-----,0701,,5314N 00639W,
,IE,SAL,Salt Hill,Salt Hill,G,RL,--3-----,0212,,5315N 00906W,
,IE,SDN,Sandycove,Sandycove,DL,RL,--3-----,1601,,5317N 00606W,
,IE,SYF,Sandyford,Sandyford,D,RQ,--3-----,1001,,5316N 00613W,
,IE,SAN,Santry/Dublin,Santry/Dublin,,RL,--3-----,0601,,5324N 00616W,
,IE,SCF,Scariff,Scariff,,RL,--3-----,9811,,,Clare
,IE,SNN,Shannon,Shannon,CE,AF,1--45---,1207,,5242N 00851W,
,IE,SRO,Shercock,Shercock,CN,RL,--3-----,0701,,5400N 00654W,
,IE,SHG,Shillelagh,Shillelagh,WW,RQ,--3-----,1001,,5245N 00632W,
,IE,SRL,Shrule,Shrule,G,RL,--3-----,1207,,5331N 00905W,
,IE,SMB,Sixmilebridge,Sixmilebridge,CE,RL,--3-----,1407,,5244N 00846W,
,IE,SKE,Skerries,Skerries,D,RL,--3-----,1301,,5334N 00606W,
,IE,SKB,Skibbereen,Skibbereen,CO,RL,--3-----,1301,,5134N 00917W,
,IE,SKR,Skreen,Skreen,SO,RL,--3-----,1307,,5414N 00843W,
,IE,SRY,Skryne,Skryne,MH,RL,--3-----,0901,,5335N 00633W,
,IE,SKL,Skull,Skull,CO,RL,1-3-----,0212,,5131N 00932W,
,IE,SCH,Skull (Schull),Skull (Schull),CO,RL,--3-----,1301,,5132N 00933W,
,IE,SLN,Slane,Slane,,RQ,--3-----,0607,,5342N 00632W,
,IE,SVE,Slieveroe,Slieveroe,KK,RQ,--3-----,0901,,5217N 00704W,
,IE,SLI,Sligo,Sligo,,AF,1-------,9508,SXL,,
,IE,SXL,Sligo Apt,Sligo Apt,,AF,---4----,9508,,,
,IE,SNE,Sneem,Sneem,KY,RL,--3-----,1301,,5151N 00955W,
,IE,NNR,Spiddal,Spiddal,G,AI,--34----,1301,,5314N 00918W,
,IE,SJH,St Johnston,St Johnston,DL,RL,--3-----,1301,,5456N 00727W,
,IE,SNR,Stokestown/New Ross,Stokestown/New Ross,WX,AA,1-------,1207,,5221N 00659W,
,IE,STB,Stradbally,Stradbally,LS,RL,--3-----,1301,,5300N 00709W,
,IE,SDO,Stradone,Stradone,CN,RQ,--3-----,1001,,5359N 00714W,
,IE,STF,Straffan,Straffan,,RL,--3-----,0201,,5318N 00636W,
,IE,SUL,Summerhill,Summerhill,MH,RL,--3-----,0901,,5329N 00644W,
,IE,SWO,Swords,Swords,D,RL,--3-----,0207,,5327N 00613W,
,IE,TAL,Tallaght,Tallaght,D,RL,--3-----,0207,,5317N 00620W,
,IE,ITW,Tallow,Tallow,WD,RL,-----6--,0901,,5205N 00800W,
,IE,TAR,Tarbert,Tarbert,,AF,1-------,9508,,,
,IE,TEM,Templemore,Templemore,,AF,--3-----,9508,,,
,IE,TPG,Templeogue,Templeogue,D,RQ,--3-----,0901,,5317N 00618W,
,IE,TFK,Termonfeckin,Termonfeckin,LH,RL,--3-----,1207,,5345N 00616W,
,IE,THO,Thomastown,Thomastown,,AF,--3-----,9508,,,
,IE,THR,Thurles,Thurles,,RQ,-23-----,9705,,,
,IE,TLG,Timoleague,Timoleague,CO,RL,--3-----,1107,,5138N 00846W,
,IE,TIN,Tinahely,Tinahely,WW,RL,--3-----,1601,,5248N 00628W,
,IE,TPY,Tipperary,Tipperary,,AF,--3-----,9508,,,
,IE,TIV,Tivoli,Tivoli,,AF,1-------,9508,,,
,IE,TOB,Tober,Tober,OY,RL,1-3-----,0901,,5322N 00739W,
,IE,TOG,Togher,Togher,CO,RQ,--3-----,1501,,5152N 00829W,
,IE,TRP,Tom Roes Point Terminal/Drogheda,Tom Roes Point Terminal/Drogheda,LH,AA,1-------,1207,,5343N 00618W,
,IE,TQY,Town Quays/Drogheda,Town Quays/Drogheda,LH,AA,1-------,1207,,5343N 00620E,
,IE,TRA,Tralee,Tralee,,AI,1-------,9704,,,Kerry
,IE,TME,Tramore,Tramore,,RL,1-------,9811,,,
,IE,TRI,Trim,Trim,,AF,--3-----,9508,,,
,IE,ITM,Tuam,Tuam,G,RL,-----6--,0901,,5331N 00851W,
,IE,TUB,Tubbercurry,Tubbercurry,,AF,--3-----,9508,,,
,IE,TLA,Tulla,Tulla,CE,RL,--3-----,0901,,5251N 00845W,
,IE,TUL,Tullamore,Tullamore,OY,AF,-23-----,0207,,5316N 00729W,
,IE,TUW,Tullow,Tullow,,AF,--3-----,9508,,,
,IE,TYL,Tullylease,Tullylease,CO,RQ,--3-----,1501,,5218N 00857W,
,IE,TLN,Tullynamalra,Tullynamalra,MN,RL,--3-----,1801,,5403N 00649W,
,IE,TYA,Tynagh,Tynagh,G,RL,--3--6--,0507,,5308N 00822W,
,IE,UTN,Urlingford,Urlingford,,RQ,--3-----,0607,,5243N 00735W,
,IE,VIR,Virginia,Virginia,,AF,--3-----,9508,,,
,IE,WAL,Walkinstown,Walkinstown,,AF,0-------,9508,,,
,IE,WRL,Waterfall,Waterfall,,RL,-----6--,1107,,5151N 00833W,
,IE,WAT,Waterford,Waterford,WD,AF,1-345---,1207,,5215N 00706W,
,IE,WCQ,Waterford City Quays,Waterford City Quays,WD,AA,1-------,1207,,5215N 00706W,
,IE,WGI,Waterford Great Island (ESB),Waterford Great Island (ESB),WD,AA,1-------,1207,,5216N 00659W,
,IE,WGH,Watergrasshill,Watergrasshill,CO,RL,--3-----,1301,,5200N 00820W,
,IE,WVI,Waterville,Waterville,KY,RL,--3-----,1301,,5150N 01010W,
,IE,WES,Westport,Westport,,AF,1-------,9508,,,
,IE,WEX,Wexford,Wexford,,AF,1--4----,9508,,,
,IE,WHO,White's Cross,White's Cross,CO,RL,--3-----,1607,,5156N 00826W,
,IE,WHI,Whitegate,Whitegate,,AF,1-------,9508,,,
,IE,WTN,Whitestown,Whitestown,D,RL,-----6--,1107,,5323N 00624W,
,IE,WIC,Wicklow,Wicklow,,AF,1-------,9508,,,
,IE,WIL,Wilton,Wilton,CO,RQ,1----6--,1007,,,
,IE,YOU,Youghal,Youghal,,AF,1-------,9508,,,
