,CZ,AMV,Adamov,Adamov,,RL,--3-----,0201,,4919N 01640E,
,CZ,ADP,Adrspach,Adrspach,KA,RL,--3-----,1501,,5037N 01606E,
,CZ,ALB,Albrechtice,Albrechtice,LI,RL,--3-----,1301,,5045N 01518E,
,CZ,KAL,Antoninuv Dul,Antoninuv Dul,KR,RL,-----6--,0901,,5035N 01515E,
,CZ,ASA,As,As,,AA,-23----B,9701,,,
,CZ,ATN,Asten,Asten,OL,RL,--3-----,1607,,4813N 01425E,
,CZ,BAB,Babice,Babice,ZL,RL,-----6--,1107,,4907N 01729E,
,CZ,BBC,Babice,Babice,JM,RQ,1-3-----,0901,,4859N 01624E,
,CZ,BAJ,Bakov nad Jizerou,Bakov nad Jizerou,ST,RL,-23-----,0407,,5029N 01456E,
,CZ,BAR,Bartosovice,Bartosovice,MO,RL,1-3-----,1401,,4940N 01803E,
,CZ,BSK,Baska,Baska,MO,RL,--3-----,1301,,4939N 01822E,
,CZ,BTV,Batelov,Batelov,JM,RQ,--3-----,0901,,4919N 01524E,
,CZ,BAT,Batňovice,Batňovice,KR,RL,--3-----,1301,,5031N 01603E,
,CZ,BAV,Bavorov,Bavorov,JC,RL,--3-----,1601,,4907N 01405E,
,CZ,TPZ,Bechovice,Bechovice,ST,RQ,-----6--,0907,,5005N 01437E,
,CZ,BEE,Bechyne,Bechyne,JC,RL,--3-----,0901,,4918N 01429E,
,CZ,BVR,Becváry,Becvary,ST,RL,--3-----,1607,,4957N 01504E,
,CZ,BDH,Bedihost,Bedihost,OL,RQ,-----6--,0907,,4927N 01709E,
,CZ,BNR,Bela nad Radbuzou,Bela nad Radbuzou,PL,RL,-----6--,0901,,4936N 01243E,
,CZ,BLH,Belohrad,Belohrad,20,RL,--3-----,1707,,4942N 01412E,
,CZ,BEL,Belotín,Belotin,OL,RL,--3-----,1307,,4935N 01749E,
,CZ,BPB,Belá pod Bezdezem,Bela pod Bezdezem,ST,RL,--3-----,0212,,5030N 01448E,
,CZ,BPK,Belá pod Kozákovem,Bela pod Kozakovem,LI,RL,--3-----,1501,,5035N 01511E,
,CZ,BPP,Belá pod Pradedem,Bela pod Pradedem,OL,RL,--3-----,1307,,5010N 01711E,
,CZ,BEN,Benesov,Benesov,,AA,-23-----,9509,,,
,CZ,UBI,Benesov nad Ploucnici,Benesov nad Ploucnici,US,RL,-----6--,0901,,5044N 01419E,
,CZ,BNJ,Benátky nad Jizerou,Benatky nad Jizerou,ST,RL,-23-----,0401,,5017N 01450E,
,CZ,BNO,Bernartice nad Odrou,Bernartice nad Odrou,MO,RL,--3-----,1301,,4937N 01757E,
,CZ,BER,Beroun,Beroun,,AA,-23-----,9509,,,
,CZ,BES,Bestovice,Bestovice,PA,RL,--3-----,1401,,5001N 01613E,
,CZ,BZN,Bezno,Bezno,,RL,--3-----,0601,,5022N 01447E,
,CZ,BIL,Bila,Bila,,AA,--3----B,9701,,,
,CZ,BLC,Bilcice,Bilcice,,RQ,--3-----,0607,,4952N 01734E,
,CZ,VKB,Bilovice,Bilovice,OL,RL,-----6--,1107,,4931N 01703E,
,CZ,BIP,Bily Potok,Bily Potok,,AA,--3----B,9701,,,
,CZ,PBV,Birkov,Birkov,PL,RL,-----6--,0901,,4931N 01314E,
,CZ,BVS,Bitozeves,Bitozeves,US,RL,--3-----,1401,,5022N 01339E,
,CZ,BLA,Blansko,Blansko,,AA,-23-----,9509,,,
,CZ,TNN,Blatna,Blatna,JC,RQ,1-------,0901,,,
,CZ,BLJ,Blatnice,Blatnice,JM,RL,--3-----,1301,,4857N 01727E,
,CZ,BTN,Blatnicka,Blatnicka,JM,RL,--3-----,1301,,4856N 01732E,
,CZ,BTA,Blatná,Blatna,JC,RL,-23-----,0701,,4926N 01353E,
,CZ,BLO,Blovice,Blovice,,RL,--3-----,0901,,4934N 01332E,
,CZ,BLS,Blsany,Blsany,US,RL,--3-----,1301,,5013N 01328E,
,CZ,BLU,Bludov,Bludov,OL,RL,--3-----,1601,,4957N 01656E,
,CZ,UCN,Blučina,Blučina,JM,RL,--3-----,1301,,4904N 01639E,
,CZ,BOA,Bocanovice,Bocanovice,,RQ,--3-----,1001,,4933N 01843E,
,CZ,BHV,Bochov,Bochov,KA,RL,--3-----,1107,,5009N 01303E,
,CZ,BDC,Bohdalice,Bohdalice,JM,RQ,1-------,0901,,,
,CZ,BHD,Bohdanec,Bohdanec,,RQ,--3-----,0607,,,
,CZ,BOH,Bohumin,Bohumin,,AA,-23----B,9701,,,
,CZ,BVE,Bohunovice,Bohunovice,,RL,-23-----,0601,,4940N 01717E,
,CZ,BOU,Bohuslavice,Bohuslavice,KR,RL,-----6--,1107,,5019N 01605E,
,CZ,KBI,Bohuslavice nad Metuji,Bohuslavice nad Metuji,KR,RL,-----6--,0901,,5022N 01555E,
,CZ,BSO,Bohusovice nad Ohri,Bohusovice nad Ohri,US,RL,--3--6--,0901,,5030N 01409E,
,CZ,BHT,Bohutín,Bohutin,ST,RL,--3-----,1301,,4939N 01357E,
,CZ,BKV,Bojkovice,Bojkovice,ZL,RQ,--3-----,0901,,4902N 01749E,
,CZ,BLT,Bolatice,Bolatice,MO,RQ,--3-----,0901,,4958N 01805E,
,CZ,BOL,Bolatice,Bolatice,,RQ,1-3-----,0607,,,
,CZ,BOO,Bolehosť,Bolehosť,KR,RL,--3-----,1007,,5013N 01605E,
,CZ,BLR,Boleradice,Boleradice,JM,RL,--3-----,1401,,4858N 01649E,
,CZ,BLE,Boletice,Boletice,JC,RQ,--3-----,0907,,4849N 01413E,
,CZ,B3R,Bor,Bor,KA,RL,--3-----,1501,,5011N 01228E,
,CZ,BOR,Bor u Tachova,Bor u Tachova,,AA,-23-----,9509,,,
,CZ,BRV,Boranovice,Boranovice,ST,RL,-----6--,0901,,5011N 14290E,
,CZ,BRK,Borek,Borek,JC,RL,--3-----,1301,,4921N 01446E,
,CZ,PBK,Borek,Borek,PA,RL,-----6--,0901,,5008N 01552E,
,CZ,BTC,Boretice,Boretice,,RQ,1-3-----,0607,,,
,CZ,BOK,Borohrádek,Borohradek,KR,RL,--3-----,1207,,5006N 01606E,
,CZ,BNY,Borotín,Borotin,64,RL,--3-----,1801,,4935N 01640E,
,CZ,BOV,Borovany,Borovany,,RL,-23-----,0701,,4855N 01440E,
,CZ,ZBE,Borsice,Borsice,ZL,RL,-----6--,0901,,4856N 01735E,
,CZ,BO5,Borsov,Borsov,VY,RL,--3-----,1207,,4924N 01526E,
,CZ,JBU,Borsov nad Vltavou,Borsov nad Vltavou,JC,RL,-----6--,0901,,5032N 01558E,
,CZ,BKE,Boskovice,Boskovice,JM,RQ,-----6--,0907,,4929N 01640E,
,CZ,BZJ,Bozejovice,Bozejovice,JM,RQ,--3-----,1007,,4928N 01429E,
,CZ,BOZ,Bozicany,Bozicany,KA,RQ,--3-----,1001,,5016N 01247E,
,CZ,BDA,Bozí Dar,Bozi Dar,,RL,-2------,0212,,5025N 01254E,
,CZ,BNL,Brandys nad Labem,Brandys nad Labem,,RL,--3-----,0212,,5011N 01440E,
,CZ,BUO,Branka,Branka,,RL,--3-----,0601,,4953N 01752E,
,CZ,BVC,Brankovice,Brankovice,JM,RL,-23-----,0701,,4909N 01709E,
,CZ,BTE,Brantice,Brantice,MO,RL,--3-----,1301,,5004N 01737E,
,CZ,BRS,Braskov,Braskov,ST,RL,--3-----,1307,,5006N 01406E,
,CZ,BRP,Brasy,Brasy,PL,RL,--3-----,1207,,4950N 01334E,
,CZ,BTO,Bratronice,Bratronice,20,RL,--3-----,1807,,5004N 01401E,
,CZ,BVZ,Bratříkov,Bratřikov,LI,RL,--3-----,1301,,5041N 01515E,
,CZ,BRX,Bravantice,Bravantice,80,RL,--3-----,1701,,4945N 01805E,
,CZ,BVA,Breclav,Breclav,,AA,-23-5---,9701,,,
,CZ,BRY,Brezany,Brezany,ST,RQ,-----6--,0907,,5006N 01448E,
,CZ,BRN,Breznice,Breznice,,RL,--3-----,0901,,4933S 01358E,
,CZ,DBZ,Brezník,Breznik,,RL,--3-----,0201,,4910N 01612E,
,CZ,BR8,Brezolupy,Brezolupy,ZL,RL,-----6--,1107,,4909N 01735E,
,CZ,BRE,Brezova,Brezova,,AA,--3----B,9701,,,
,CZ,BNS,Brezová nad Svitavou,Brezova nad Svitavou,PA,RL,--3-----,1407,,4939N 01631E,
,CZ,BZY,Brezuvky,Brezuvky,ZL,RQ,-----6--,0907,,4909N 01742E,
,CZ,BZI,Brezí,Brezi,,RL,--3-----,0407,,5039N 01407E,
,CZ,BDI,Bridlicna,Bridlicna,,RL,--3-----,0701,,4955N 01722E,
,CZ,BRI,Brnik,Brnik,,RL,--3-----,0901,,4959N 01454E,
,CZ,BRQ,Brno,Brno,JM,AA,-2345---,1601,,4912N 01638E,
,CZ,KBD,Brod nad Labem,Brod nad Labem,KR,RL,-----6--,0901,,5022N 01555E,
,CZ,BRM,Broumov,Broumov,,AA,--3----B,9701,,,
,CZ,BRT,Brtnice,Brtnice,VY,RL,--3-----,1301,,4919N 01541E,
,CZ,BBY,Brumov-Bylnice,Brumov-Bylnice,,RQ,--3-----,0607,,4906N 01801E,
,CZ,BNT,Bruntál,Bruntal,,RL,--3-----,0601,,4959N 01727E,
,CZ,BUB,Bubovice,Bubovice,ST,RQ,1-------,0901,,,
,CZ,BLV,Buchlovice,Buchlovice,ZL,RQ,-----6--,0901,,4505N 01720E,
,CZ,BCV,Bucovice,Bucovice,,RL,--3-----,0307,,4909N 01700E,
,CZ,KKR,Budceves,Budceves,KR,RL,--3-----,1601,,5019N 01515E,
,CZ,BUD,Budinek,Budinek,,RL,--3-----,0701,,4945N 01412E,
,CZ,BNB,Budisov nad Budisovkou,Budisov nad Budisovkou,MO,RL,-----6--,0901,,4948N 01738E,
,CZ,BUL,Budyne nad Ohri,Budyne nad Ohri,US,RL,--3-----,1401,,5024N 01409E,
,CZ,BUS,Bustehrad,Bustehrad,ST,RL,-23-----,0701,,5010N 01411E,
,CZ,BYN,Bynov,Bynov,US,RL,-23-----,0701,,5046N 01409E,
,CZ,BY5,Bysice,Bysice,ST,RL,--3-----,1207,,5019N 01437E,
,CZ,BYS,Bysice,Bysice,PR,RQ,1-------,0901,,,
,CZ,BYE,Bystre,Bystre,PA,RQ,--3-----,1001,,4938N 01620E,
,CZ,BPH,Bystrice,Bystrice,,RL,--3-----,0201,,4938N 01844E,
,CZ,BNP,Bystrice nad Pernstejnem,Bystrice nad Pernstejnem,VY,RL,--3-----,0901,,4931N 01616E,
,CZ,BYP,Bystrice pod Hostýnem,Bystrice pod Hostynem,ZL,RL,-23--6--,0407,,4924N 01741E,
,CZ,BYT,Bystrocice,Bystrocice,OL,RL,-----6--,0901,,4932N 17120E,
,CZ,BZC,Bzenec,Bzenec,JM,RL,-23-----,0207,,4858N 01717E,
,CZ,BAN,Bánov,Banov,,AA,--3-----,0212,,4859N 01743E,
,CZ,BLN,Bílina,Bilina,,RL,123-----,0601,,5033N 01346E,
,CZ,BIO,Bílovec,Bilovec,MO,RL,-23-----,0701,,4946N 01802E,
,CZ,BVI,Bílovice,Bilovice,ZL,RL,--3-----,1301,,4906N 01734E,
,CZ,CSV,Caslav,Caslav,ST,RL,--3-----,1207,,4955N 01524E,
,CZ,CST,Castkov,Castkov,,RL,--3-----,0901,,4906N 01737E,
,CZ,CAS,Castolovice,Castolovice,KR,RL,--3-----,0507,,5008N 01611E,
,CZ,CBN,Cebin,Cebin,JM,RQ,--3-----,0901,,4919N 01629E,
,CZ,CEJ,Cejkovice,Cejkovice,JM,RL,--3-----,1501,,4854N 01657E,
,CZ,CLK,Celákovice,Celakovice,,RN,-23-----,0501,,5010N 01446E,
,CZ,CEP,Cepi,Cepi,PR,RQ,123-----,0901,,4959N 01542E,
,CZ,CY2,Cepirohy,Cepirohy,42,RL,--3-----,1701,,5029N 01337E,
,CZ,CNL,Cerekvice nad Loucnou,Cerekvice nad Loucnou,PA,RL,-23-----,0701,,4954N 01614E,
,CZ,SCE,Cerhovice,Cerhovice,ST,RL,-----6--,0901,,4951N 01350E,
,CZ,CEH,Cerna Hora,Cerna Hora,JM,RQ,--3-----,0907,,4925N 01635E,
,CZ,CVP,Cerna v Posumavi,Cerna v Posumavi,,RQ,--3-----,1001,,4844N 01406E,
,CZ,CNI,Cernice,Cernice,US,RL,--3-----,0701,,5034N 01332E,
,CZ,CRC,Cernice,Cernice,PL,RL,--3-----,1401,,4925N 01341E,
,CZ,CER,Cernosice,Cernosice,ST,RL,--3-----,1301,,4958N 01419E,
,CZ,CNZ,Cernozice,Cernozice,,RL,--3-----,0601,,5019N 01552E,
,CZ,CNC,Cernuc,Cernuc,ST,RL,--3-----,0507,,5018N 01412E,
,CZ,C53,Cerná za Bory,Cerna za Bory,PA,RL,--3-----,1607,,5001N 01550E,
,CZ,CVK,Cervenka,Cervenka,OL,RL,--3-----,1501,,4943N 01705E,
,CZ,C7V,Cervená Voda,Cervena Voda,PA,RL,1-------,1407,,5002N 01645E,
,CZ,CVJ,Cervené Janovice,Cervene Janovice,ST,RL,--3-----,0212,,4950N 01515E,
,CZ,CVY,Cervený Kostelec,Cerveny Kostelec,KR,RL,--3-----,1401,,5029N 01605E,
,CZ,U7J,Ceska Kamenice,Ceska Kamenice,US,RL,--3-----,1601,,5048N 01426E,
,CZ,KCE,Ceska Metuje,Ceska Metuje,KR,RL,-----6--,0901,,5033N 01611E,
,CZ,CSB,Cesky Brod,Cesky Brod,,RL,--3-----,0212,,5005N 01452E,
,CZ,CYB,Cesky Dub,Cesky Dub,LI,RL,--3-----,1601,,5039N 01459E,
,CZ,CKR,Cesky Krumlov,Cesky Krumlov,JC,AA,-23--6--,0907,,4849N 01419E,
,CZ,TEA,Cesky Tesín,Cesky Tesin,,AA,-23----B,0212,,4945N 01837E,
,CZ,CS4,Ceská,Ceska,JM,RL,--3-----,1601,,4917N 01634E,
,CZ,CEK,Ceská Kubice,Ceska Kubice,,AA,-2-----B,0212,,4922N 01251E,
,CZ,CLI,Ceská Lípa,Ceska Lipa,,AA,-23-----,0212,,5041N 01433E,
,CZ,CSK,Ceská Skalice,Ceska Skalice,,RL,-23-----,0701,,5024N 01603E,
,CZ,CTR,Ceská Trebová,Ceska Trebova,,AA,-23-----,0212,,4954N 01627E,
,CZ,CEV,Ceská Ves,Ceska Ves,OL,RL,1-3-----,1401,,5015N 01714E,
,CZ,CKB,Ceské Budejovice,Ceske Budejovice,,AA,-23-5---,0212,,4859N 01428E,
,CZ,CKP,Ceské Kopisty,Ceske Kopisty,,RN,-23-----,0501,,5032N 01410E,
,CZ,CEM,Ceské Mezirící,Ceske Mezirici,KR,RL,-23-----,0701,,5017N 01603E,
,CZ,VEA,Ceské Velenice,Ceske Velenice,,AA,-23----B,0212,,4846N 01458E,
,CZ,CTC,Cestice,Cestice,JC,RL,--3-----,1607,,4910N 01349E,
,CZ,CCE,Cestlice,Cestlice,,RL,--3-----,0201,,4959N 01434E,
,CZ,U6R,Cestín,Cestin,ST,RL,--3-----,1407,,4940N 01446E,
,CZ,CBV,Chabarovice,Chabarovice,US,RL,--3-----,0901,,5041N 01356E,
,CZ,CHB,Cheb,Cheb,,AA,-23-5---,9509,,,
,CZ,CHL,Chlebicov,Chlebicov,,RL,--3-----,1107,,,
,CZ,COE,Chlebovice,Chlebovice,MO,RL,--3-----,1301,,4940N 01817E,
,CZ,CLM,Chlum,Chlum,JC,RL,-23-----,0701,,4851N 01355E,
,CZ,C5U,Chlumcany,Chlumcany,US,RL,--3-----,1501,,5020N 01351E,
,CZ,CPC,Chlumcany u Prestic,Chlumcany u Prestic,PL,RQ,-----6--,0907,,4938N 01318E,
,CZ,USC,Chlumec,Chlumec,US,RL,--3-----,1101,,5042N 01356E,
,CZ,CDC,Chlumec nad Cidlinou,Chlumec nad Cidlinou,KR,RL,-----6--,0901,,5009N 01527E,Short:Chlumec
,CZ,CLV,Chlístov,Chlistov,63,RL,--3-----,1801,,4912N 01544E,
,CZ,CCN,Chocen,Chocen,,RL,123-----,0501,,5000N 01614E,
,CZ,CCD,Chocerady,Chocerady,ST,RL,-----6--,0901,,4953N 01448E,
,CZ,CML,Chocomysl,Chocomysl,PL,RL,--3-----,1501,,4928N 01307E,
,CZ,CHO,Chodov,Chodov,PL,RL,--3--6--,1401,,4925N 01249E,
,CZ,CPL,Chodová Planá,Chodova Plana,,RL,-23-----,0601,,4953N 01244E,
,CZ,CHM,Chomutov,Chomutov,,AA,-23-----,9701,,,
,CZ,PCE,Chornice,Chornice,PA,RL,-----6--,0901,,4940N 01645E,
,CZ,CBO,Chotebor,Chotebor,VY,RL,-23-----,0701,,4943N 01541E,
,CZ,CHT,Chotebuz,Chotebuz,,AA,--3----B,9701,,,
,CZ,CSO,Chotesov,Chotesov,PL,RL,--3-----,1201,,4939N 01313E,
,CZ,COO,Chotoviny,Chotoviny,JC,RQ,--3-----,0901,,,
,CZ,CTB,Chotysany,Chotysany,ST,RL,--3-----,1607,,4945N 01449E,
,CZ,CTY,Chovotiny,Chovotiny,,RL,--3-----,1107,,4928N 01441E,
,CZ,CHS,Chrast,Chrast,PA,RL,--3-----,0701,,4954N 01558E,
,CZ,CSY,Chrastany,Chrastany,ST,RQ,-----6--,0907,,5003N 01416E,
,CZ,CUL,Chrastava,Chrastava,,RL,123-----,0601,,5049N 01458E,
,CZ,CBA,Chribská,Chribska,US,RL,-----6--,0907,,5052N 01429E,
,CZ,CPY,Chropyne,Chropyne,ZL,RL,--3-----,0701,,4921N 01722E,
,CZ,CSE,Chroustovice,Chroustovice,PA,RL,--3-----,1601,,4958N 01600E,
,CZ,CHR,Chrudim,Chrudim,,AA,-23-----,9509,,,
,CZ,CHZ,Chrustenice,Chrustenice,OL,RQ,1-------,0901,,,
,CZ,CRT,Chrást,Chrast,PL,RL,--3-----,1301,,4948N 01330E,
,CZ,CNS,Chrást nad Sázavou,Chrast nad Sazavou,ST,RL,--3-----,1301,,4951N 01435E,
,CZ,CHA,Chuchelna,Chuchelna,LI,RQ,-----6--,0907,,5036N 01517E,
,CZ,CLA,Chuchelna,Chuchelna,MO,RQ,-----6--,0907,,4959N 01807E,
,CZ,CHU,Chudobín,Chudobin,,RL,1-3-----,0601,,4934N 01616E,
,CZ,G44,Chvalatice,Chvalatice,JM,RQ,1----6--,1001,,4857N 15450W,
,CZ,CCV,Chvalcov,Chvalcov,ZL,RL,--3-----,1407,,4923N 01743E,
,CZ,CHV,Chvaletice,Chvaletice,,RN,--3-----,0501,,5002N 01525E,
,CZ,AQW,Chvalovice,Chvalovice,JM,RL,--3-----,1407,,4847N 01605E,
,CZ,CNE,Chyne,Chyne,ST,RQ,-----6--,1007,,5005N 01414E,
,CZ,CHN,Chynov,Chynov,JC,RQ,--3-----,0901,,,
,CZ,CN8,Cicenice,Cicenice,31,RL,--3-----,1701,,4909N 01414E,
,CZ,MCE,Cimelice,Cimelice,JM,RQ,1-------,0901,,,
,CZ,CIZ,Cizkovice,Cizkovice,US,RQ,--3-----,0907,,5029N 01402E,
,CZ,CHY,Ckyne,Ckyne,JC,RL,--3-----,0701,,4908N 01321E,
,CZ,CLU,Clunek,Clunek,JC,RL,--3-----,1307,,4907N 01508E,
,CZ,CTE,Ctineves,Ctineves,US,RL,--3-----,0901,,5023N 01419E,
,CZ,CTV,Ctverín,Ctverin,LI,RL,--3-----,1601,,5036N 01506E,
,CZ,LCV,Cvikov,Cvikov,LI,RL,-----6--,0901,,5047N 01438E,
,CZ,CCA,Cínovec,Cinovec,,AA,--3----B,0212,,5044N 01346E,
,CZ,DCI,Dacice,Dacice,JC,RL,--3-----,1207,,4905N 01526E,
,CZ,DLC,Dalecín,Dalecin,,RL,--3-----,0307,,4936N 01615E,
,CZ,DVI,Dalovice,Dalovice,KA,RL,--3--6--,0507,,5015N 01254E,
,CZ,PDE,Dasice,Dasice,PA,RL,-----6--,0901,,5001N 01555E,
,CZ,DAV,Davle,Davle,ST,RL,-----6--,0901,,4953N 01423E,
,CZ,XC3,Deblín,Deblin,JM,RL,--3-----,1407,,4919N 01621E,
,CZ,DCB,Decín,Decin,,AA,123-5---,0212,,5047N 01413E,
,CZ,SKJ,Dehtary,Dehtary,ST,RL,1----6--,1107,,5009N 14038E,
,CZ,DEP,Depoltovice,Depoltovice,41,RL,--3-----,1901,,5018N 01249E,
,CZ,DOH,Destne v Orlickych Horach,Destne v Orlickych Horach,KR,RQ,1-------,0901,,,
,CZ,DST,Destná,Destna,JC,RL,--3-----,1501,,4016N 01456E,
,CZ,DEJ,Destné,Destne,80,RL,--3-----,1701,,4954N 01741E,
,CZ,DTE,Detkovice,Detkovice,OL,RL,--3-----,1607,,4925N 01705E,
,CZ,DMV,Detmarovice,Detmarovice,MO,RL,--3-----,1601,,4957N 01823E,
,CZ,DIS,Divisov,Divisov,PR,RQ,123-----,0901,,,
,CZ,DIV,Divisov,Divisov,,RL,1-3--6--,0307,,4947N 01453E,
,CZ,DKE,Dobkovice,Dobkovice,,RL,-23-----,0601,,5042N 01410E,
,CZ,DBA,Dobra,Dobra,MO,RQ,--3-----,0907,,4941N 01825E,
,CZ,DBY,Dobrany,Dobrany,,RL,-23-----,0601,,4939N 01317E,
,CZ,DJE,Dobrejovice,Dobrejovice,ST,RL,--3-----,1101,,4959N 01435E,
,CZ,DBE,Dobrenice,Dobrenice,KR,RQ,-----6--,1001,,5090N 15390E,
,CZ,DOC,Dobric,Dobric,ST,RL,-----6--,0901,,5001N 01416E,
,CZ,DBH,Dobrichovice,Dobrichovice,ST,RL,--3-----,1407,,4956N 01417E,
,CZ,DRS,Dobris,Dobris,,RL,123--6--,0601,,4947N 01410E,
,CZ,DRK,Dobrkovice,Dobrkovice,ZL,RL,--3--6--,1207,,4906N 01740E,
,CZ,DRO,Dobromerice,Dobromerice,US,RL,1----6--,1107,,5022N 01348E,
,CZ,DBR,Dobronín,Dobronin,VY,RQ,-----6--,0907,,4929N 01539E,
,CZ,SDE,Dobrovice,Dobrovice,ST,RL,-----6--,0901,,5022N 01457E,
,CZ,DDD,Dobroviz,Dobroviz,ST,RL,1----6--,0901,,5070N 14130E,
,CZ,KRB,Dobruska,Dobruska,KR,RQ,1-------,0901,,,
,CZ,DSI,Dobsice,Dobsice,JM,RL,--3-----,1601,,4851N 01605E,
,CZ,DLN,Dolany,Dolany,,RN,--3-----,0501,,5013N 01421E,
,CZ,DIB,Dolni Brezany,Dolni Brezany,PR,RQ,-----6--,0907,,4958N 01428E,
,CZ,Z4D,Dolni Dunajovice,Dolni Dunajovice,JM,RL,--3-----,1501,,4851N 01636E,
,CZ,JDK,Dolni Kounice,Dolni Kounice,JM,RQ,-----6--,0907,,4940N 16280E,
,CZ,DZL,Dolni Lhota u Luhacovic,Dolni Lhota u Luhacovic,MO,RL,-----6--,0901,,4908N 01748E,
,CZ,DO7,Dolni Loucky,Dolni Loucky,VY,RL,--3-----,1501,,4922N 01621E,
,CZ,DJC,Dolni Pena,Dolni Pena,JC,RQ,-----6--,1001,,4907N 01501E,
,CZ,DNA,Dolni Poustevna,Dolni Poustevna,US,RL,--3-----,1101,,5059N 01418E,
,CZ,DOE,Dolni Redice,Dolni Redice,PA,RQ,--3-----,1007,,5005N 01555E,
,CZ,PDN,Dolni Roven,Dolni Roven,PA,RL,-----6--,0901,,5002N 01559E,
,CZ,ODD,Dolni Ujezd (u Prerova),Dolni Ujezd (u Prerova),OL,RL,-----6--,0901,,4933N 01732E,
,CZ,DBV,Dolní Becva,Dolni Becva,,RL,--3-----,0601,,4927N 01811E,
,CZ,DOB,Dolní Benesov,Dolni Benesov,,RL,123-----,0601,,4955N 01807E,
,CZ,BBE,Dolní Berkovice,Dolni Berkovice,,RL,123-----,0601,,5023N 01426E,
,CZ,DBO,Dolní Bojanovice,Dolni Bojanovice,JM,RL,--3-----,0701,,4851N 01702E,
,CZ,DCE,Dolní Cetno,Dolni Cetno,,RL,-23-----,0601,,5024N 01449E,
,CZ,DOD,Dolní Dobrouc,Dolni Dobrouc,53,RL,--3-----,1801,,4959N 01630E,
,CZ,DDA,Dolní Dvoriste,Dolni Dvoriste,,AA,--3----B,0212,,4839N 01427E,
,CZ,SK5,Dolní Jircany,Dolni Jircany,ST,RL,1-3-----,1401,,4957N 01432E,
,CZ,DKN,Dolní Kalná,Dolni Kalna,,RL,--3-----,0601,,5032N 01539E,
,CZ,DKR,Dolní Kralovice,Dolni Kralovice,20,RL,--3-----,1801,,4940N 01509E,
,CZ,DOL,Dolní Lhota,Dolni Lhota,,RL,1-3-----,0601,,4908N 01749E,
,CZ,DLI,Dolní Lipka,Dolni Lipka,,AA,--3----B,0212,,5006N 01643E,
,CZ,DPL,Dolní Podluzí,Dolni Podluzi,US,RL,--3-----,1401,,5053N 01436E,
,CZ,DLR,Dolní Rychnov,Dolni Rychnov,KA,RQ,-----6--,0907,,5009N 01238E,
,CZ,DVE,Dolní Vestonice,Dolni Vestonice,JM,RQ,-----6--,0907,,4853N 01639E,
,CZ,M6T,Dolní Zivotice,Dolni Zivotice,MO,RL,--3-----,1601,,4954N 01747E,
,CZ,DMS,Domasov,Domasov,JM,RL,--3-----,1301,,4915N 01620E,
,CZ,DMZ,Domazelice,Domazelice,71,RL,-----6--,1807,,4926N 01733E,
,CZ,DOM,Domazlice,Domazlice,,AA,-23-----,9509,,,
,CZ,DMU,Domousnice,Domousnice,20,RL,--3-----,1707,,5023N 01506E,
,CZ,DBX,Doubi,Doubi,KA,RL,--3-----,1607,,5012N 01249E,
,CZ,DNS,Doubravice nad Svitavou,Doubravice nad Svitavou,JM,RL,--3-----,1607,,4926N 01638E,
,CZ,V8D,Doubravnik,Doubravnik,64,RL,--3-----,1701,,4925N 01621E,
,CZ,DNO,Doudleby nad Orlicí,Doudleby nad Orlici,KR,RQ,-----6--,1001,,5006N 01615E,
,CZ,DHE,Drahenice,Drahenice,ST,RL,-----6--,0901,,4931N 01358E,
,CZ,DRA,Drasov,Drasov,,RL,--3-----,0901,,4920N 01629E,
,CZ,DRH,Drhovice,Drhovice,JC,RL,--3-----,1401,,4926N 01434E,
,CZ,DSY,Drisy,Drisy,,RQ,--3--6--,0607,,5014N 01439E,
,CZ,DRN,Drnholec,Drnholec,JM,RL,1----6--,0901,,4851N 01630E,
,CZ,DRE,Drnovice,Drnovice,JM,RQ,--3-----,1007,,4917N 01657E,
,CZ,DRL,Drslavice,Drslavice,ZL,RL,--3-----,1301,,4903N 01736E,
,CZ,DKV,Drzkov,Drzkov,,RL,123-----,0601,,5041N 01519E,
,CZ,DRI,Dríten,Driten,JC,RL,--3-----,1601,,4909N 01421E,
,CZ,DNC,Dubenec,Dubenec,KR,RL,--3-----,1601,,5023N 01548E,
,CZ,DBI,Dubi,Dubi,,AA,--3-----,9509,,,
,CZ,DBK,Dubicko,Dubicko,OL,RQ,-----6--,0907,,4950N 01657E,
,CZ,DLV,Dublovice,Dublovice,ST,RQ,--3-----,1007,,4940N 01422E,
,CZ,8KJ,Dubnany,Dubnany,JM,RL,--3-----,1601,,4855N 01706E,
,CZ,DBN,Dubnice,Dubnice,LI,RL,--3-----,0701,,5043N 01449E,
,CZ,DUC,Duchcov,Duchcov,,RL,--3-----,0201,,5036N 01345E,
,CZ,DOV,Dukovany,Dukovany,VY,RQ,--3-----,0901,,,
,CZ,DVO,Dvorce,Dvorce,MO,RL,--3-----,1301,,4950N 01734E,
,CZ,DVK,Dvur Králové nad Labem,Dvur Kralove nad Labem,,AA,-23-----,0212,,5026N 01549E,
,CZ,DYJ,Dyje,Dyje,JM,RL,--3-----,1501,,4851N 01607E,
,CZ,DYM,Dymokury,Dymokury,ST,RL,--3-----,0507,,5014N 01511E,
,CZ,DYN,Dynín,Dynin,JC,RL,--3-----,1301,,4908N 01438E,
,CZ,DYY,Dysina,Dysina,PL,RL,--3-----,1401,,4946N 01329E,
,CZ,DIH,Dívcí Hrad,Divci Hrad,80,RL,-----6--,1807,,5015N 01738E,
,CZ,EJP,Ejpovice,Ejpovice,PL,RL,-23-----,0407,,4945N 01331E,
,CZ,FOL,Folmava,Folmava,,AA,--3----B,9701,,,
,CZ,FNP,Frantiskov nad Ploucnici,Frantiskov nad Ploucnici,US,RL,-----6--,0901,,5043N 01420E,
,CZ,FLZ,Frantiskovy Lazne,Frantiskovy Lazne,KA,RQ,--3-----,0901,,5007N 01222E,
,CZ,FRT,Frenstát pod Radhostem,Frenstat pod Radhostem,,RL,--3-----,0201,,4932N 01812E,
,CZ,FRE,Frycovice,Frycovice,MO,RL,--3-----,1407,,4940N 01814E,
,CZ,FRM,Frydek-Místek,Frydek-Mistek,,AA,-23-----,0212,,4941N 01820E,
,CZ,FRY,Frydlant,Frydlant,,AA,-23-----,9509,,,
,CZ,MFI,Frydlant nad Ostravici,Frydlant nad Ostravici,MO,RL,-----6--,0901,,4935N 01821E,
,CZ,FTK,Frystak,Frystak,ZL,RL,-----6--,0901,,4918N 01742E,
,CZ,FLK,Fulnek,Fulnek,80,RL,--3-----,1807,,4943N 01755E,
,CZ,GOL,Golcuv Jeníkov,Golcuv Jenikov,,RL,-23-----,0601,,4949N 01529E,
,CZ,GRM,Greslové Myto,Greslove Myto,64,RL,--3-----,1701,,4859N 01553E,
,CZ,GGV,Grygov,Grygov,OL,RL,-23-----,0701,,4933N 01719E,
,CZ,HTA,Habartice,Habartice,LI,RL,--3-----,1401,,5100N 01504E,
,CZ,HTO,Habartov,Habartov,KA,RL,--3-----,1301,,5012N 01233E,
,CZ,HJD,Haj u Duchcova,Haj u Duchcova,US,RQ,-----6--,0907,,5037N 01342E,
,CZ,HNJ,Haje nad Jizerou,Haje nad Jizerou,LI,RQ,--3-----,0901,,,
,CZ,HAL,Halenkov,Halenkov,ZL,RL,-23-----,0701,,4919N 01809E,
,CZ,HLM,Halámky,Halamky,,AA,--3----B,0212,,4851N 01455E,
,CZ,HSC,Hanusovice,Hanusovice,OL,RL,--3-----,1207,,5005N 01657E,
,CZ,HVA,Harrachov,Harrachov,,AA,--3----B,9701,,,
,CZ,HAT,Hate,Hate,,AA,--3----B,9701,,,
,CZ,HBV,Havlíckova Borová,Havlickova Borova,VY,RL,--3-----,0701,,4939N 01547E,
,CZ,HVB,Havlíckuv Brod,Havlickuv Brod,,AA,-23-----,0212,,4937N 01535E,
,CZ,HVN,Havran,Havran,US,RL,-----6--,1107,,5026N 01336E,
,CZ,HAV,Havírov,Havirov,,RL,-23-----,0601,,4948N 01824E,
,CZ,HAZ,Hazlov,Hazlov,KA,RL,--3-----,1301,,5009N 01216E,
,CZ,HJC,Hejnice,Hejnice,LI,RQ,--3-----,0901,,5053N 01511E,
,CZ,HEL,Helvíkovice,Helvikovice,PA,RL,--3-----,1601,,5005N 01626E,
,CZ,HEK,Herink,Herink,ST,RL,--3-----,1207,,4958N 01435E,
,CZ,HNL,Hermanice nad Labem,Hermanice nad Labem,KR,RQ,-----6--,0907,,5022N 01555E,
,CZ,HER,Hermanova Hut,Hermanova Hut,PL,RL,-2------,1401,,4942N 01305E,
,CZ,HMM,Hermanuv Mestec,Hermanuv Mestec,,RL,--3-----,0307,,4957N 01540E,
,CZ,HEA,Hevlín,Hevlin,,AA,--3----B,0212,,4845N 01623E,
,CZ,MOZ,Hladke Zivotice,Hladke Zivotice,MO,RL,--3-----,1601,,4941N 01757E,
,CZ,HLA,Hlavenec,Hlavenec,20,RL,--3-----,1701,,5014N 01442E,
,CZ,HLN,Hlinsko,Hlinsko,,AA,-23-----,9509,,,
,CZ,HLH,Hlohovec,Hlohovec,64,RL,--3-----,1701,,4847N 01646E,
,CZ,HLP,Hlubocepy,Hlubocepy,ST,RQ,1-------,0901,,,
,CZ,HLB,Hlubocky,Hlubocky,,RL,--3-----,0201,,4938N 01724E,
,CZ,HLV,Hluboká nad Vltavou,Hluboka nad Vltavou,JC,RQ,-23-----,0907,,4903N 01426E,
,CZ,HUC,Hlucin,Hlucin,MO,RQ,--3-----,0901,,,
,CZ,HLK,Hluk,Hluk,,RL,--3-----,0106,,4859N 01732E,
,CZ,HLU,Hluk,Hluk,ZL,RQ,123-----,0901,,4859N 01731E,
,CZ,HHN,Hnanice,Hnanice,64,RL,--3-----,1801,,4848N 01559E,
,CZ,HVI,Hnevice,Hnevice,,RL,-23-----,0601,,4944N 01306E,
,CZ,HNE,Hnevotín,Hnevotin,,RL,--3-----,0601,,4934N 01711E,
,CZ,HNO,Hnojni,Hnojni,MO,RQ,-23-----,0901,,,
,CZ,TAO,Hnojník,Hnojnik,80,RL,--3-----,1707,,4940N 01832E,
,CZ,HTN,Hnátnice,Hnatnice,PA,RL,--3-----,1301,,5001N 01626E,
,CZ,HSV,Hobsovice,Hobsovice,ST,RQ,--3-----,1001,,5016N 01410E,
,CZ,HOM,Hodkovice nad Mohelkou,Hodkovice nad Mohelkou,LI,RL,-23-----,1401,,5039N 01505E,
,CZ,HOP,Hodkovice Praha Zapad,Hodkovice Praha Zapad,PR,RL,--3-----,0901,,4958N 01429E,
,CZ,HDN,Hodonice,Hodonice,JC,RL,--3-----,1101,,4844N 01425E,
,CZ,HON,Hodonice,Hodonice,JM,RL,--3-----,1207,,4850N 01610E,
,CZ,HOD,Hodonin,Hodonin,,AA,-23-----,9509,,,
,CZ,HOE,Holasice,Holasice,64,RL,--3-----,1801,,4904N 01637E,
,CZ,HOL,Holesov,Holesov,,AA,---4----,9509,,,
,CZ,HCE,Holice,Holice,,RL,--3-----,0601,,5004N 01558E,
,CZ,HLC,Holice,Holice,OL,RL,--3--6--,0901,,4934N 17180E,
,CZ,HOO,Holoubkov,Holoubkov,PL,RL,--3-----,0901,,4947N 01342E,
,CZ,YHO,Holubice,Holubice,,RL,--3-----,0607,,5012N 01418E,
,CZ,BVH,Holubov,Holubov,JC,RL,--3-----,1607,,4853N 01419E,
,CZ,YOV,Holýsov,Holysov,PL,RL,-----6--,1201,,4936N 01306E,
,CZ,HOS,Hora Svatého Sebestiána,Hora Svateho Sebestiana,,AA,--3----B,0212,,5031N 01316E,
,CZ,HZV,Horazd' ovice,Horazd' ovice,,RL,--3-----,0201,,4920N 01341E,
,CZ,HDE,Horazdovice,Horazdovice,PL,RQ,-----6--,0907,,4919N 01342E,
,CZ,HRD,Horesedly,Horesedly,ST,RL,--3-----,1407,,5010N 01337E,
,CZ,HRP,Horice,Horice,,RL,--3--6--,0501,,5021N 01537E,
,CZ,LHY,Horka u Stare Paky,Horka u Stare Paky,LI,RL,--3--6--,0901,,5031N 01534E,
,CZ,HJI,Horni Jiretin,Horni Jiretin,,RQ,--3-----,0607,,5034N 01334E,
,CZ,SHY,Horni Pocaply,Horni Pocaply,ST,RL,-----6--,0901,,5025N 01423E,
,CZ,HSP,Horni Stepanov,Horni Stepanov,OL,RQ,--3-----,0901,,4934N 01637E,
,CZ,HTE,Horni Tasovice,Horni Tasovice,,RL,--3-----,0601,,5010N 01300E,
,CZ,HTV,Horni Tresnovec,Horni Tresnovec,PA,RQ,1-------,0901,,,
,CZ,HAH,Horní Adrspach,Horni Adrspach,,RL,--3-----,0212,,5037N 01606E,
,CZ,HBC,Horní Becva,Horni Becva,,AA,--3----B,0212,,4926N 01817E,
,CZ,HOB,Horní Benesov,Horni Benesov,MO,RL,--3-----,0701,,4958N 01736E,
,CZ,HBA,Horní Bríza,Horni Briza,PL,RL,-23-----,0701,,4950N 01321E,
,CZ,HCV,Horní Cerekev,Horni Cerekev,,RL,--3-----,0201,,4920N 01520E,
,CZ,HDA,Horní Dvoriste,Horni Dvoriste,,AA,-2-----B,0212,,4836N 01425E,
,CZ,HOR,Horní Libchava,Horni Libchava,LI,RL,--3-----,1301,,5043N 01429E,
,CZ,HLD,Horní Lidec,Horni Lidec,,AA,-2-----B,0212,,4911N 01804E,
,CZ,HPN,Horní Pocernice,Horni Pocernice,ST,RL,--3-----,1401,,5007N 01438E,
,CZ,HSO,Horní Slavkov,Horni Slavkov,,RL,-23-----,0701,,5009N 01248E,
,CZ,HSU,Horní Suchá,Horni Sucha,,RL,-23-----,0601,,4948N 01829E,
,CZ,HMR,Horomerice,Horomerice,ST,RL,--3-----,1207,,5008N 01420E,
,CZ,HRV,Horovice,Horovice,,RL,-23-----,0106,,4951N 01354E,
,CZ,HKT,Horsovsky Tyn,Horsovsky Tyn,PL,RL,--3-----,0901,,4931N 01256E,
,CZ,HS5,Horusice,Horusice,20,RL,-----6--,1807,,5000N 01526E,
,CZ,HRY,Hory,Hory,MO,RL,-23-----,0701,,4953N 01745E,
,CZ,HST,Hostinne,Hostinne,JC,RQ,1-------,0901,,,
,CZ,HVE,Hostivice,Hostivice,ST,RL,-23-----,0507,,5005N 01416E,
,CZ,HOT,Hostomice,Hostomice,ZL,RQ,1-------,0901,,,
,CZ,HSE,Hostovice,Hostovice,PA,RQ,-----6--,0907,,5000N 01552E,
,CZ,HOV,Hovezí,Hovezi,ZL,RL,--3-----,1501,,4918N 01804E,
,CZ,HKR,Hradec Králové,Hradec Kralove,,AA,-23-----,0212,,5013N 01551E,
,CZ,HNS,Hradec nad Svitavou,Hradec nad Svitavou,PA,RL,--3-----,1607,,4943N 01629E,
,CZ,HRM,Hradec-nad-Moravici,Hradec-nad-Moravici,,RL,--3-----,0407,,4952N 01752E,
,CZ,DEK,Hradek,Hradek,PL,RL,1----6--,0901,,4943N 01339E,
,CZ,HRN,Hradesin,Hradesin,ST,RL,123-----,0901,,5002N 01445E,
,CZ,HLT,Hradistko,Hradistko,ST,RN,--3-----,0501,,5010N 01456E,
,CZ,2NC,Hranice,Hranice,LI,RL,--3-----,1207,,5044N 01526E,
,CZ,HNI,Hranice,Hranice,OL,RL,-----6--,0901,,4933N 17440E,
,CZ,PHM,Hranice na Morave,Hranice na Morave,PL,RL,-----6--,0901,,4933N 01746E,
,CZ,PDB,Hranicky,Hranicky,PA,RQ,-----6--,1001,,4943N 01648E,
,CZ,HCK,Hrebecniky,Hrebecniky,ST,RL,--3-----,1501,,4959N 01345E,
,CZ,HRE,Hredle,Hredle,ST,RL,--3-----,1601,,5011N 01345E,
,CZ,HSA,Hrensko,Hrensko,,AA,1-3----B,9701,,,
,CZ,HRO,Hrob,Hrob,US,RL,--3-----,1301,,5040N 01343E,
,CZ,HRC,Hrobce,Hrobce,US,RL,--3-----,1501,,5028N 01414E,
,CZ,HCI,Hrobcice,Hrobcice,US,RL,--3-----,1601,,5030N 01347E,
,CZ,HTY,Hrochuv Týnec,Hrochuv Tynec,PA,RL,--3-----,1601,,4958N 01555E,
,CZ,HNV,Hronov,Hronov,KR,RL,--3-----,0901,,5029N 01611E,
,CZ,VHE,Hrotovice,Hrotovice,VY,RL,-----6--,0901,,4908N 01603E,
,CZ,KHN,Hroznetin,Hroznetin,KA,RL,-----6--,0901,,5018N 01252E,
,CZ,HUV,Hruba Vrbka,Hruba Vrbka,JM,RQ,--3-----,0901,,,
,CZ,HRB,Hrubcice,Hrubcice,OL,RL,-----6--,0901,,4944N 17193E,
,CZ,HRU,Hrusky/Breclav,Hrusky/Breclav,JM,RL,1----6--,0901,,4847N 01659E,
,CZ,HRS,Hrusov,Hrusov,ST,RL,--3-----,1601,,5021N 01451E,
,CZ,HXJ,Hrusovany nad Jevisovkou,Hrusovany nad Jevisovkou,64,RL,--3-----,1701,,4850N 01624E,
,CZ,HUB,Hrusovany u Brna,Hrusovany u Brna,JM,RL,--3-----,1101,,4903N 01636E,
,CZ,HUA,Hrádek nad Nisou,Hradek nad Nisou,,RL,--3-----,0201,,5051N 01450E,
,CZ,HDR,Hrádek u Rokycan,Hradek u Rokycan,PL,RL,-----6--,0901,,4944N 01335E,
,CZ,HUD,Hudlice,Hudlice,,RL,--3-----,0201,,4957N 01358E,
,CZ,HUL,Hulín,Hulin,ZL,RL,-23-----,0507,,4919N 01728E,
,CZ,HPC,Humpolec,Humpolec,JC,RL,-23-----,0501,,4933N 01522E,
,CZ,HUS,Husinec,Husinec,,RQ,--3-----,0607,,4903N 01358E,
,CZ,HPE,Hustopece,Hustopece,,RL,--3-----,0201,,4856N 01643E,
,CZ,ZLL,Hvozdna,Hvozdna,ZL,RL,--3-----,1501,,4915N 01745E,
,CZ,HYK,Hyncice,Hyncice,80,RL,--3-----,1801,,5011N 01732E,
,CZ,ICE,Ivancice,Ivancice,,RQ,--3-----,9806,,,
,CZ,IVA,Ivanovice na Hané,Ivanovice na Hane,64,RL,--3-----,1701,,4919N 01706E,
,CZ,JNJ,Jablonec nad Jizerou,Jablonec nad Jizerou,,RL,--3-----,0601,,5042N 01526E,
,CZ,JBC,Jablonec nad Nisou,Jablonec nad Nisou,,AA,-23-----,9701,,,
,CZ,JPY,Jablonecké Paseky,Jablonecke Paseky,,RL,--3-----,0601,,5044N 01513E,
,CZ,JAB,Jablonné nad Orlicí,Jablonne nad Orlici,,RL,123-----,0601,,5002N 01636E,
,CZ,JBV,Jablunkov,Jablunkov,,AA,--3-----,9509,,,
,CZ,JNU,Janovice nad Úhlavou,Janovice nad Uhlavou,PL,RL,--3-----,0701,,4921N 01314E,
,CZ,JAR,Jaromer,Jaromer,KR,RL,-23-----,1401,,5021N 01555E,
,CZ,JNR,Jaroměřice nad Rokytnou,Jaroměřice nad Rokytnou,VY,RL,--3-----,1301,,4906N 01554E,
,CZ,JRV,Jaroslav,Jaroslav,PA,RL,--3-----,1601,,5001N 01605E,
,CZ,JZY,Jazlovice,Jazlovice,ST,RL,--3-----,0701,,4958N 01438E,
,CZ,JVN,Jedovnice,Jedovnice,64,RL,--3-----,1701,,4921N 01646E,
,CZ,JEC,Jelenice,Jelenice,MO,RL,--3-----,1607,,4948N 01750E,
,CZ,VJE,Jemnice,Jemnice,VY,RL,-----6--,0901,,4902N 01534E,
,CZ,JEN,Jencice,Jencice,US,RL,1----6--,0901,,5029N 01401E,
,CZ,JNC,Jenec,Jenec,,RL,-23-----,0601,,5005N 01413E,
,CZ,JSE,Jenisovice,Jenisovice,LI,RL,--3-----,1607,,5038N 01509E,
,CZ,JST,Jenstejn,Jenstejn,ST,RQ,--3-----,0901,,5009N 01436E,
,CZ,JER,Jersín,Jersin,63,RL,--3-----,1807,,4925N 01550E,
,CZ,JES,Jesenice,Jesenice,ST,RL,-23-----,0701,,5006N 01328E,
,CZ,JNE,Jesenice,Jesenice,ST,RL,--3-----,0901,,4958N 01431E,
,CZ,JSN,Jeseník,Jesenik,,RL,--3-----,0212,,5014N 01712E,
,CZ,JNO,Jeseník nad Odrou,Jesenik nad Odrou,MO,RL,--3-----,1601,,4936N 01756E,
,CZ,JTV,Jetrichov,Jetrichov,KR,RL,--3-----,1301,,5036N 01616E,
,CZ,JNY,Jevany,Jevany,ST,RL,--3-----,1501,,4958N 01449E,
,CZ,JEV,Jevicko,Jevicko,,RQ,--3-----,0607,,,
,CZ,JIE,Jevisovice,Jevisovice,JM,RL,1-3-----,0701,,4859N 01600E,
,CZ,JVK,Jevisovka,Jevisovka,JM,RQ,--3-----,0907,,4850N 01628E,
,CZ,JIC,Jicín,Jicin,,AA,-23-----,0212,,5026N 01521E,
,CZ,JHV,Jihlava,Jihlava,,AA,-23-----,9701,,,
,CZ,JIL,Jilemnice,Jilemnice,,RL,-23-----,0601,,5036N 01531E,
,CZ,JVE,Jilove,Jilove,US,RL,--3-----,0901,,5046N 01407E,
,CZ,JTE,Jiloviste,Jiloviste,ST,RQ,--3-----,0907,,4956N 01421E,
,CZ,JIM,Jimramov,Jimramov,VY,RL,-23-----,1207,,4938N 01613E,
,CZ,JNH,Jindrichuv Hradec,Jindrichuv Hradec,,AA,-23-----,9509,,,
,CZ,JIY,Jinocany,Jinocany,20,RL,--3-----,1801,,5002N 01416E,
,CZ,JPJ,Jiretín Pod Jedlovou,Jiretin Pod Jedlovou,US,RL,--3-----,1501,,5052N 01434E,
,CZ,JRA,Jirikov,Jirikov,,AA,--3----B,9701,,,
,CZ,JRN,Jirny,Jirny,,RL,--3-----,0601,,5006N 01442E,
,CZ,JRE,Jiríkovice,Jirikovice,JM,RQ,-----6--,1001,,4910N 01645E,
,CZ,ISB,Jistebnice,Jistebnice,JC,RL,--3-----,1601,,4929N 01432E,
,CZ,JPR,Jílové u Prahy,Jilove u Prahy,,RL,-23-----,0601,,4954N 01430E,
,CZ,KAD,Kadaň,Kadaň,US,RL,123-----,1207,,5023N 01316E,
,CZ,KAM,Kamenice,Kamenice,ST,RL,--3-----,1301,,4954N 01435E,
,CZ,KMC,Kamenice,Kamenice,VY,RL,--3-----,1007,,4922N 01547E,
,CZ,KNL,Kamenice Nad Lipou,Kamenice Nad Lipou,,RQ,--3-----,0901,,,
,CZ,KSV,Kamenický Senov,Kamenicky Senov,,RL,-23-----,0601,,5046N 01428E,
,CZ,KMN,Kamenná,Kamenna,,RL,--3-----,0201,,4951N 01701E,
,CZ,KUJ,Kamenný Újezd,Kamenny Ujezd,JC,RL,--3-----,1601,,4854N 01427E,
,CZ,KVO,Kamyk nad Vltavou,Kamyk nad Vltavou,,RQ,--3-----,0607,,4938N 01415E,
,CZ,KAP,Kaplice,Kaplice,,AA,-23-----,9509,,,
,CZ,SYA,Karany,Karany,ST,RL,-----6--,0901,,5010N 01444E,
,CZ,KRO,Kardasova Recice,Kardasova Recice,JC,RL,--3-----,1401,,4912N 01453E,
,CZ,KLV,Karlovy Vary,Karlovy Vary,,AA,-234----,9606,,,
,CZ,KAR,Karlín,Karlin,JM,RL,--3--6--,0407,,4858N 01658E,
,CZ,KUV,Karolinka,Karolinka,,RL,123-----,0601,,4921N 01815E,
,CZ,KDL,Karvina-Doly,Karvina-Doly,MO,RQ,--3-----,0901,,,
,CZ,KRV,Karviná,Karvina,,AA,-23-----,0212,,4952N 01833E,
,CZ,PKE,Kasejovice,Kasejovice,PL,RL,-----6--,0901,,4928N 01344E,
,CZ,KPH,Kasperske Hory,Kasperske Hory,PL,RL,--3-----,1601,,4909N 01334E,
,CZ,KTR,Katerinice,Katerinice,ZL,RL,--3-----,1107,,4923N 01754E,
,CZ,VKT,Katovice,Katovice,31,RL,--3-----,1807,,4916N 01350E,
,CZ,KJV,Kaznejov,Kaznejov,,RL,-23-----,0701,,4953N 01323E,
,CZ,KDY,Kdyne,Kdyne,PL,RL,-23-----,0701,,4924N 01302E,
,CZ,KEL,Kelc,Kelc,ZL,RL,-----6--,0901,,4929N 01749E,
,CZ,KKX,Kelniky,Kelniky,ZL,RQ,-----6--,1001,,4907N 01739E,
,CZ,KLD,Kladno,Kladno,,AA,-23-----,9509,,,
,CZ,KNM,Kladruby Nad Labem,Kladruby Nad Labem,PA,RL,-----6--,0901,,5003N 01529E,
,CZ,KHJ,Klaster Hradiste nad Jizerou,Klaster Hradiste nad Jizerou,ST,RQ,-----6--,1001,,5031N 01456E,
,CZ,KTV,Klatovy,Klatovy,,AA,-234----,0701,,4924N 01317E,
,CZ,SYK,Klecany,Klecany,ST,RL,-----6--,0901,,5011N 01425E,
,CZ,KNH,Klenovice na Hane,Klenovice na Hane,OL,RQ,-----6--,1001,,4924N 01713E,
,CZ,KMK,Klimkovice,Klimkovice,,RL,--3-----,0901,,4948N 01808E,
,CZ,JLA,Klobouky U Brna,Klobouky U Brna,JM,RL,-----6--,0901,,4859N 01652E,
,CZ,KCX,Klucov,Klucov,ST,RL,--3-----,1601,,5006N 01455E,
,CZ,KNO,Klásterec nad Ohrí,Klasterec nad Ohri,,RL,--3-----,0201,,5023N 01310E,
,CZ,KCC,Klásterec nad Orlicí,Klasterec nad Orlici,,RL,--3-----,0201,,5008N 01633E,
,CZ,KLC,Klícany,Klicany,,AA,-234----,0212,,5012N 01426E,
,CZ,KZE,Knezeves,Knezeves,ST,RL,--3--6--,0501,,5007N 01416E,
,CZ,KNE,Knezice,Knezice,KR,RL,--3-----,1407,,5038N 01535E,
,CZ,KZM,Knezmost,Knezmost,ST,RL,--3-----,0701,,5029N 01503E,
,CZ,KNZ,Kneznice,Kneznice,KR,RL,--3-----,1407,,5030N 01519E,
,CZ,KNI,Knínice,Kninice,VY,RL,--3-----,1301,,4905N 01536E,
,CZ,MKE,Koberice,Koberice,MO,RL,-----6--,0901,,4959N 01803E,
,CZ,KOB,Kobyli,Kobyli,PA,RL,--3-----,1401,,4943N 01609E,
,CZ,KOJ,Kojetice,Kojetice,ST,RL,-23-----,0407,,5014N 01431E,
,CZ,KLN,Kolín,Kolin,,AA,-23-----,0212,,5001N 01512E,
,CZ,KMA,Komarov,Komarov,MO,RL,--3-----,1201,,4955N 01758E,
,CZ,KMV,Komárov,Komarov,ST,RL,-23-----,0701,,4948N 01351E,
,CZ,KNC,Konarovice,Konarovice,ST,RQ,--3-----,0901,,5002N 01517E,
,CZ,KNY,Konojedy,Konojedy,PR,RQ,-----6--,1001,,4994N 01485E,
,CZ,KOP,Koprivnice,Koprivnice,,AA,-23-----,9701,,,
,CZ,KOE,Kornice,Kornice,53,RL,--3-----,1707,,4954N 01618E,
,CZ,ORO,Korotice,Korotice,ST,RL,-----6--,1201,,4952N 01516E,
,CZ,KOR,Korycany,Korycany,JM,RQ,123-----,0901,,,
,CZ,KSI,Kosice,Kosice,20,RL,--3-----,1701,,4954N 01509E,
,CZ,KMY,Kosmonosy,Kosmonosy,ST,RQ,--3-----,0901,,,
,CZ,KOQ,Kosor,Kosor,ST,RL,1----6--,1107,,4959N 14020E,
,CZ,KOS,Kostany,Kostany,US,RL,--3-----,1401,,5039N 01346E,
,CZ,KAY,Kostelany nad Moravou,Kostelany nad Moravou,72,RL,--3-----,1807,,4903N 01724E,
,CZ,KOL,Kostelec,Kostelec,JM,RL,--3--6--,0901,,4920N 01709E,
,CZ,KHK,Kostelec na Hané,Kostelec na Hane,OL,RL,--3-----,1601,,4931N 01704E,
,CZ,KCL,Kostelec nad Cernými Lesy,Kostelec nad Cernymi Lesy,,RL,-23-----,0607,,5000N 01452E,
,CZ,KSL,Kostelec nad Labem,Kostelec nad Labem,ST,RN,123-----,0501,,5014N 01436E,
,CZ,KOO,Kostelec nad Orlicí,Kostelec nad Orlici,,RL,--3-----,0212,,5008N 01614E,
,CZ,KSN,Kostenice,Kostenice,JC,RQ,--3-----,0901,,,
,CZ,KTC,Kostenice,Kostenice,PA,RQ,--3-----,0901,,5000N 01554E,
,CZ,KTE,Kostice,Kostice,JM,RL,--3-----,1601,,4845N 01659E,
,CZ,KST,Kostomlatky,Kostomlatky,ST,RN,--3-----,0501,,5011N 01458E,
,CZ,KLM,Kostomlaty Nad Labem,Kostomlaty Nad Labem,VY,RL,--3-----,1207,,5010S 01457W,
,CZ,KTA,Kosťálov,Kosťalov,,RL,--3-----,0601,,5029N 01400E,
,CZ,KOT,Kotvrdovice,Kotvrdovice,JM,RL,--3-----,0901,,4922N 01648E,
,CZ,KOU,Kounice,Kounice,,RL,--3-----,0901,,5006N 01451E,
,CZ,KRM,Kourim,Kourim,,RL,--3-----,0607,,5001N 01459E,
,CZ,KNS,Kout na Sumave,Kout na Sumave,PL,RL,--3--6--,0901,,4924N 01300E,
,CZ,KOY,Kouty,Kouty,VY,RL,--3-----,1301,,4918N 01547E,
,CZ,KOV,Kozarovice,Kozarovice,ST,RL,--3-----,1207,,4933N 01406E,
,CZ,KOZ,Kozlany,Kozlany,PL,RL,--3-----,0507,,4959N 01333E,
,CZ,KZC,Kozmice,Kozmice,ST,RL,--3-----,1407,,4949N 01448E,
,CZ,KZY,Kozojedy,Kozojedy,PL,RL,--3-----,0701,,4956N 01332E,
,CZ,KZO,Kozomin,Kozomin,ST,RL,--3-----,1307,,5014N 01423E,
,CZ,KTY,Kozusany-Tazaly,Kozusany-Tazaly,OL,RQ,--3-----,1001,,4932N 01715W,
,CZ,KZU,Kozusice,Kozusice,JM,RL,--3-----,0901,,4909N 01711E,
,CZ,KHO,Krahulov,Krahulov,VY,RL,--3-----,1501,,4913N 01548E,
,CZ,KME,Kralice,Kralice,,RL,-----6--,1107,,4952N 01509E,
,CZ,RNH,Kralice na Hané,Kralice na Hane,,RL,1-3-----,0601,,4927N 01711E,
,CZ,KLK,Kraliky,Kraliky,,AA,-23-----,9701,,,
,CZ,KRL,Kralovec,Kralovec,,AA,-23-----,9509,,,
,CZ,KVI,Kralovice,Kralovice,PL,RL,-23-----,0701,,4959N 01329E,
,CZ,STK,Kralovice,Kralovice,ST,RL,-----6--,0901,,5020N 14380E,
,CZ,PA5,Kralovske Vinohrady,Kralovske Vinohrady,ST,RL,--3-----,1207,,5004N 01428E,
,CZ,KNV,Kralupy nad Vltavou,Kralupy nad Vltavou,,RL,123-----,0401,,5014N 01419E,
,CZ,KDR,Kraluv Dvur,Kraluv Dvur,ST,RL,-----6--,1107,,4956N 01403E,
,CZ,RAS,Krasejovka,Krasejovka,JC,RL,--3-----,0901,,4852N 01428E,
,CZ,KKE,Kraslice,Kraslice,KA,RL,-----6--,0901,,5020N 01231E,
,CZ,KHV,Krasna Hora nad Vltavou,Krasna Hora nad Vltavou,ST,RL,--3-----,1107,,4936N 01418E,
,CZ,UKA,Krasna Lipa,Krasna Lipa,US,RL,-----6--,0901,,5029N 01322E,
,CZ,KRA,Krasno,Krasno,,RQ,--3-----,0907,,4929N 01759E,
,CZ,KRS,Krasíkov,Krasikov,PA,RL,--3-----,1301,,4951N 01642E,
,CZ,KVR,Kravare,Kravare,MO,RL,-234----,1301,,4956N 01800E,
,CZ,KCP,Kravare u Ceske Lipa,Kravare u Ceske Lipa,LI,RL,--3-----,1401,,5037N 01423E,
,CZ,KSU,Kravare ve Slezsku,Kravare ve Slezsku,MO,RQ,-----6--,0907,,4956N 01801E,
,CZ,KBR,Krelov,Krelov,OL,RL,--3-----,1307,,4937N 01712E,
,CZ,KRC,Krenice,Krenice,ST,RL,--3-----,1307,,5002N 01440E,
,CZ,NOV,Krenovice,Krenovice,JM,RL,--3-----,1501,,4905N 01603E,
,CZ,KRE,Kresice,Kresice,US,RL,--3-----,0901,,5045N 01412E,
,CZ,KVA,Krhová,Krhova,72,RL,--3-----,1901,,4929N 01800E,
,CZ,KRI,Krinec,Krinec,JC,RQ,--3-----,0901,,,
,CZ,KEN,Krmelin,Krmelin,MO,RQ,-----6--,0907,,4943N 01814E,
,CZ,KRN,Krnov,Krnov,,AA,-23----B,9701,,,
,CZ,KMR,Kromeríz,Kromeriz,,RL,-23-----,0212,,4918N 01724E,
,CZ,KBK,Krucemburk,Krucemburk,VY,RQ,--3--6--,1001,,4941N 01551E,
,CZ,UKK,Krupka,Krupka,US,RQ,-----6--,0907,,5041N 13520E,
,CZ,SKE,Krusovice,Krusovice,ST,RL,-----6--,0901,,5010N 01346E,
,CZ,KRY,Kryry,Kryry,,RL,-23-----,0701,,5010N 01325E,
,CZ,KLO,Králov,Kralov,72,RL,--3-----,1701,,4900N 01741E,
,CZ,KSA,Krásná,Krasna,,RL,--3-----,0407,,5041N 01513E,
,CZ,KUK,Kuklov,Kuklov,,RL,--3-----,0901,,4856N 01411E,
,CZ,MZ4,Kuncice Pod Ondrejnikem,Kuncice Pod Ondrejnikem,MO,RL,--3-----,1601,,4933N 01816E,
,CZ,KUB,Kuncicky u Basky,Kuncicky u Basky,MO,RL,--3-----,1601,,4939N 01822E,
,CZ,PUA,Kuncina,Kuncina,PA,RL,-----6--,0901,,4948N 01639E,
,CZ,KJM,Kunice,Kunice,JM,RL,--3-----,1301,,4929N 01630E,
,CZ,KUS,Kunice,Kunice,ST,RL,--3-----,1601,,4956N 01440E,
,CZ,KUN,Kunovice,Kunovice,JM,RL,-23-----,0401,,4903N 01728E,
,CZ,KVC,Kunovice,Kunovice,ZL,RL,-23-----,1401,,4927N 01749E,
,CZ,KMO,Kunstat Na Morave,Kunstat Na Morave,JM,RQ,--3-----,0901,,4930N 01631E,
,CZ,KNT,Kunstát,Kunstat,JM,RL,--3-----,0701,,4931N 01632E,
,CZ,KNN,Kunín,Kunin,MO,RL,--3-----,0701,,4938N 01800E,
,CZ,KUR,Kurim,Kurim,,RL,--3-----,9901,,,
,CZ,LKY,Kurivody,Kurivody,LI,RL,-----6--,0901,,5035N 01449E,
,CZ,KUH,Kutná Hora,Kutna Hora,,AA,-23-----,0212,,4957N 01516E,
,CZ,ZLY,Kvasice,Kvasice,ZL,RL,1-3-----,1401,,4915N 01728E,
,CZ,KVS,Kvasiny,Kvasiny,KR,RL,-23-----,0901,,5013N 01616E,
,CZ,KYJ,Kyjov,Kyjov,,RL,--3-----,0201,,4900N 01707E,
,CZ,KKA,Kyselka,Kyselka,KA,RL,1----6--,0901,,5004N 01247E,
,CZ,KYS,Kyselka u Karlovych Varu,Kyselka u Karlovych Varu,VY,RL,--3-----,0901,,4902N 01747E,
,CZ,KSC,Kysice,Kysice,PL,RL,--3-----,1607,,4945N 01329E,
,CZ,K2N,Káranice,Karanice,KR,RL,--3-----,1601,,5009N 01533E,
,CZ,PKR,Křimice,Křimice,PL,RL,--3-----,1301,,4945N 01318E,
,CZ,LDA,Ladná,Ladna,JM,RL,--3--6--,1207,,4848N 01652E,
,CZ,LKR,Lanskroun,Lanskroun,PA,RL,--3--6--,0901,,4955N 01637E,
,CZ,LZH,Lanzhot,Lanzhot,,AA,-23----B,9701,,,
,CZ,LBD,Lazne Belohrad,Lazne Belohrad,KR,RQ,--3-----,0901,,,
,CZ,LBO,Lazne Bohdanec,Lazne Bohdanec,PA,RL,--3-----,1007,,5004N 01540E,
,CZ,L8S,Lazne Tousen,Lazne Tousen,ST,RL,--3-----,1601,,5010N 01442E,
,CZ,LEC,Lechovice,Lechovice,,RQ,1-3-----,0607,,,
,CZ,LED,Ledcice,Ledcice,ST,RL,-----6--,1007,,5020N 01418E,
,CZ,LNS,Ledec nad Sázavou,Ledec nad Sazavou,VY,RL,-23-----,0901,,4942N 01517E,
,CZ,LDC,Ledenice,Ledenice,JC,RL,--3-----,1607,,4856N 01438E,
,CZ,L4E,Lednice,Lednice,JM,RL,--3-----,1501,,4848N 01648E,
,CZ,LSK,Leskovec,Leskovec,72,RL,--3-----,1701,,4917N 01800E,
,CZ,JML,Lesonice,Lesonice,JM,RL,--3-----,1607,,4900N 01618E,
,CZ,LTN,Lestina,Lestina,52,RL,--3-----,1801,,5026N 01514E,
,CZ,LET,Letohrad,Letohrad,PA,RL,--3-----,1101,,5002N 01630E,
,CZ,LOE,Letovice,Letovice,,RQ,1-3-----,0607,,,
,CZ,LPL,Lhota pod Libcany,Lhota pod Libcany,KR,RQ,--3-----,0907,,5010N 01542E,
,CZ,LHO,Lhotka-nad-Becvou,Lhotka-nad-Becvou,ZL,RL,--3-----,0901,,4930N 01756E,
,CZ,VSK,Libavské Údolí,Libavske Udoli,JC,RL,--3-----,0901,,5007N 01234E,
,CZ,LK3,Libcany,Libcany,KR,RL,--3-----,1607,,5012N 01541E,
,CZ,LBE,Libceves,Libceves,US,RL,--3--6--,1107,,5027N 01350E,
,CZ,LCY,Libchavy,Libchavy,PA,RQ,--3-----,1001,,4959N 01623E,
,CZ,LBR,Liberec,Liberec,,AA,-23-5---,9509,,,
,CZ,LZI,Libeznice,Libeznice,ST,RQ,--3-----,0901,,5012N 01430E,
,CZ,KLU,Libice nad Cidlinou,Libice nad Cidlinou,KR,RL,-----6--,0901,,5007N 01510E,
,CZ,LBS,Libis,Libis,ST,RL,-----6--,1107,,5017N 14300E,
,CZ,LBL,Liblice,Liblice,20,RL,--3-----,1801,,5018N 01435E,
,CZ,LIC,Libochovany,Libochovany,,RN,--3-----,0501,,5034N 01402E,
,CZ,LBI,Libochovice,Libochovice,US,RL,--3-----,1407,,5024N 01402E,
,CZ,LIB,Libosovice,Libosovice,KR,RL,-2------,1401,,5029N 01510E,
,CZ,LST,Libstát,Libstat,LI,RQ,-----6--,0907,,5034N 01525E,
,CZ,LAB,Libun,Libun,KR,RL,--3-----,1407,,5030N 01518E,
,CZ,LBN,Libusin,Libusin,ST,RL,--3-----,1601,,5010N 01413E,
,CZ,LBA,Libán,Liban,52,RL,--3-----,1707,,5022N 01513E,
,CZ,LCH,Lichkov,Lichkov,,AA,-2-----B,9701,,,
,CZ,LIN,Line,Line,PL,RL,--3-----,0901,,4942N 01316E,
,CZ,OLU,Lipnik nad Becvou,Lipnik nad Becvou,OL,RL,-----6--,0901,,4931N 01735E,
,CZ,SLC,Lipnik u Hrotovic,Lipnik u Hrotovic,ST,RL,-----6--,0901,,5016N 01454E,
,CZ,LIP,Lipno,Lipno,PL,RL,--3-----,1301,,4948N 01310E,
,CZ,LIO,Lipov,Lipov,JM,RL,--3-----,1301,,4854N 01727E,
,CZ,ZZL,Liptál,Liptal,ZL,RL,--3-----,1301,,4917N 01755E,
,CZ,KKL,Lisice,Lisice,KR,RQ,-----6--,0907,,5011N 15240E,
,CZ,LIV,Lisov,Lisov,JC,RQ,-----6--,1001,,4901N 01436E,
,CZ,LIT,Liten,Liten,ST,RL,--3-----,1607,,4954N 01409E,
,CZ,LCE,Litice,Litice,PL,RL,-23-----,0507,,4942N 01321E,
,CZ,LTC,Litomerice,Litomerice,,AA,-23-----,9701,,,
,CZ,LMS,Litomysl,Litomysl,,AA,-23-----,9701,,,
,CZ,LTV,Litovel,Litovel,,RL,-----6--,0601,,4942N 01704E,
,CZ,LVV,Litvínov,Litvinov,,RL,--3-----,0307,,5036N 01337E,
,CZ,LOB,Lobodice,Lobodice,OL,RL,1----6--,0901,,4924N 01717E,
,CZ,LNI,Lochenice,Lochenice,52,RL,-----6--,1807,,5016N 01549E,
,CZ,LUK,Lochovice,Lochovice,,RL,123-----,0601,,4951N 01359E,
,CZ,LOD,Lodenice,Lodenice,,RQ,1-------,0212,,,
,CZ,LOM,Lomnice nad Popelkou,Lomnice nad Popelkou,,RL,-23-----,0907,,5032N 01522E,
,CZ,OLE,Lostice,Lostice,OL,RL,-----6--,0901,,4945N 01656E,
,CZ,OOU,Loucna Nad Desnou,Loucna Nad Desnou,OL,RL,-----6--,0901,,5004N 01706E,
,CZ,JLE,Loucovice,Loucovice,JC,RL,-----6--,0901,,4840N 01416E,
,CZ,LKA,Louka,Louka,JM,RL,--3-----,0901,,4855N 01730E,
,CZ,LUT,Louka,Louka,US,RL,--3-----,0901,,5035N 01339E,
,CZ,LOK,Loukov,Loukov,ST,RQ,--3-----,0901,,,
,CZ,LOU,Louny,Louny,US,RL,--3-----,0407,,5021N 01348E,
,CZ,LOV,Lovcice,Lovcice,,RL,--3-----,0901,,4925N 01331E,
,CZ,LVC,Lovosice,Lovosice,,AA,-23-----,9701,,,
,CZ,LBC,Lubenec,Lubenec,,RQ,1-3-----,0607,,,
,CZ,SUA,Lubna,Lubna,ST,RL,-----6--,0901,,5005N 01342E,
,CZ,LBY,Luby,Luby,KA,RL,--3-----,1207,,5015N 01224E,
,CZ,LNN,Lucany nad Nisou,Lucany nad Nisou,,RL,--3-----,0601,,5044N 01512E,
,CZ,LGV,Ludgerovice,Ludgerovice,MO,RL,--3-----,0901,,4954N 01815E,
,CZ,LKV,Ludkovice,Ludkovice,ZL,RQ,--3-----,1001,,4907N 01744E,
,CZ,LUL,Luhacovice,Luhacovice,,RL,--3-----,0307,,4906N 01746E,
,CZ,LNJ,Luka Nad Jihlavou,Luka Nad Jihlavou,VY,RL,--3-----,0901,,4922N 01542E,
,CZ,LUE,Lukavice,Lukavice,KR,RL,--3-----,0901,,5012N 01618E,
,CZ,LCC,Lulec,Lulec,JC,RQ,1-------,0901,,,
,CZ,LUS,Lustenice,Lustenice,,RL,-23-----,0701,,5019N 01457E,
,CZ,LUI,Lutin,Lutin,OL,RL,--3-----,0901,,4934N 01708E,
,CZ,LZE,Luze,Luze,PA,RL,--3-----,1301,,4954N 01602E,
,CZ,LZV,Luzec Nad Vltavou,Luzec Nad Vltavou,ST,RL,--3-----,1301,,5019N 01424E,
,CZ,LZK,Luzkovice,Luzkovice,ZL,RL,--3-----,1207,,4913N 01745E,
,CZ,LUA,Luzna,Luzna,JC,RL,--3-----,0901,,5007N 01218E,
,CZ,LUZ,Luzna,Luzna,ST,RL,--3-----,0901,,5008N 01346E,
,CZ,LYS,Lysice,Lysice,JM,RL,--3-----,1301,,4927N 01632E,
,CZ,LYL,Lysá nad Labem,Lysa nad Labem,ST,RN,-23-----,0501,,5012N 01450E,
,CZ,LDV,Ládví,Ladvi,,RL,--3-----,0601,,4954N 01436E,
,CZ,LKZ,Lázne Kynzvart,Lazne Kynzvart,41,RL,--3-----,1807,,5001N 01238E,
,CZ,LNY,Líny,Liny,20,RL,--3-----,1801,,5027N 01449E,
,CZ,LPI,Lípa,Lipa,ZL,RL,--3-----,1407,,4912N 01746E,
,CZ,LIS,Lísková u Nemanic,Liskova u Nemanic,,AA,--3----B,0212,,4925N 01243E,
,CZ,MHV,Machov,Machov,KR,RL,--3-----,1301,,5030N 01616E,
,CZ,3LZ,Machova,Machova,ZL,RL,--3-----,1607,,4915N 01733E,
,CZ,MVE,Malenovice,Malenovice,80,RL,--3-----,1801,,4935N 01824E,
,CZ,M2V,Malkov,Malkov,US,RL,--3-----,1601,,5027N 01320E,
,CZ,MSV,Malé Svatonovice,Male Svatonovice,KR,RL,-23-----,1401,,5032N 01603E,
,CZ,MAN,Manetín,Manetin,PL,RL,--3-----,1407,,4959N 01314E,
,CZ,MME,Mankovice,Mankovice,MO,RL,-----6--,0901,,4938N 01753E,
,CZ,MKA,Mariánské Lázne,Marianske Lazne,,AA,-234----,0212,,4958N 01242E,
,CZ,MAE,Mařatice,Mařatice,ZL,RL,--3-----,1301,,4904N 01729E,
,CZ,MCH,Mechnov,Mechnov,ST,RL,--3-----,0401,,4948N 01454E,
,CZ,MED,Medlesic,Medlesic,PA,RQ,--3-----,0901,,,
,CZ,MLV,Medlov,Medlov,JM,RL,--3-----,0701,,4902N 01632E,
,CZ,MEL,Melnik,Melnik,,AA,-23-----,9509,,,
,CZ,MLK,Melník,Melnik,ST,RL,--3--6--,1107,,5021N 01429E,
,CZ,MEJ,Menín,Menin,JM,RL,--3-----,1401,,4905N 01643E,
,CZ,MRN,Merin,Merin,,RQ,----5---,0907,,4923N 15530E,
,CZ,MAR,Merklin u Karlovych Var,Merklin u Karlovych Var,KA,RQ,-----6--,1001,,5019N 01251E,
,CZ,MKN,Merklín,Merklin,KA,RL,-23-----,0901,,5020N 01251E,
,CZ,MLI,Merklín,Merklin,PL,RL,--3-----,0701,,4934N 01312E,
,CZ,MES,Mesice,Mesice,ST,RL,--3-----,1301,,5012N 01431E,
,CZ,MTO,Mesto Touskov,Mesto Touskov,PL,RL,--3-----,0701,,4946N 01315E,
,CZ,VMA,Mezimesti u Broumova,Mezimesti u Broumova,VY,RL,-----6--,0901,,4903N 01548E,
,CZ,MZA,Mezimestí,Mezimesti,,AA,-23----B,0212,,5037N 01615E,
,CZ,MNV,Michnov,Michnov,JM,RL,123--6--,0307,,4936N 01653E,
,CZ,JME,Mikulcice,Mikulcice,JM,RL,-----6--,0901,,4849N 01703E,
,CZ,MKL,Mikulov,Mikulov,,AA,--3----B,9701,,,
,CZ,MCA,Mikulovice,Mikulovice,,AA,-23----B,9701,,,
,CZ,MIL,Milevsko,Milevsko,,AA,-23-----,9509,,,
,CZ,MII,Milotice,Milotice,JM,RL,--3-----,1601,,4858N 01708E,
,CZ,MIB,Milotice nad Becvou,Milotice nad Becvou,OL,RQ,123-5---,1001,,4932N 01750E,
,CZ,MIO,Milovice,Milovice,ST,RL,--3-----,1207,,5014N 01454E,
,CZ,MLN,Milín,Milin,,RL,--3-----,0212,,4938N 01403E,
,CZ,MMN,Mimon,Mimon,,RQ,-2------,9705,,,
,CZ,SLV,Miroslav,Miroslav,JC,RL,--3-----,0901,,,
,CZ,MVA,Mirova,Mirova,KA,RL,--3--6--,1207,,5012N 01244E,
,CZ,MRC,Mirovice,Mirovice,JC,RL,-----6--,0901,,4931N 01403E,
,CZ,MVZ,Mlada Vozice,Mlada Vozice,31,RL,--3-----,1701,,4932N 01449E,
,CZ,BKY,Mlade Buky,Mlade Buky,KR,RL,-----6--,0901,,5036N 01551E,
,CZ,MLA,Mladotice,Mladotice,JC,RL,--3-----,1301,,4920N 01405E,
,CZ,MBV,Mladá Boleslav,Mlada Boleslav,,AA,-23-----,0212,,5025N 01454E,
,CZ,MNI,Mnichov,Mnichov,KA,RL,--3-----,1301,,5002N 01248E,
,CZ,MHC,Mnichovice,Mnichovice,,RQ,--3--6--,0607,,4659N 01443E,
,CZ,MHT,Mnichovo Hradiste,Mnichovo Hradiste,ST,RL,-23-----,0407,,5032N 01459E,
,CZ,MPB,Mnisek pod Brdy,Mnisek pod Brdy,ST,RQ,--3-----,0901,,4952N 01416E,
,CZ,MOH,Mochov,Mochov,ST,RL,-23-----,0901,,5009N 01448E,
,CZ,MCV,Mocovice,Mocovice,ST,RL,--3-----,0901,,4954N 01521E,
,CZ,MDL,Modlany,Modlany,US,RL,--3-----,0901,,5039N 01354E,
,CZ,MOD,Modletice,Modletice,ST,RL,--3-----,0401,,4958N 01436E,
,CZ,MDR,Modrice,Modrice,JM,RL,--3-----,0407,,4908N 01637E,
,CZ,MHI,Mohelnice,Mohelnice,OL,RQ,--3-----,0901,,4947N 01655E,
,CZ,MHL,Mohelnice,Mohelnice,,AA,-23-----,9701,,,
,CZ,MOL,Mokre Lazce,Mokre Lazce,80,RL,--3-----,1707,,4953N 01801E,
,CZ,MK3,Mokrovraty,Mokrovraty,ST,RL,--3-----,1407,,4947N 01414E,
,CZ,MK8,Mokrá,Mokra,JM,RL,--3-----,1307,,4914N 01645E,
,CZ,MOK,Mokrá,Mokra,,RL,--3-----,0601,,5007N 01312E,
,CZ,MKH,Mokrá-Horákov,Mokra-Horakov,64,RL,--3-----,1701,,4913N 01645E,
,CZ,OLD,Moldava,Moldava,US,RL,--3-----,1301,,5043N 01339E,
,CZ,MTV,Molitorov,Molitorov,20,RL,--3-----,1807,,5000N 01458E,
,CZ,MNY,Moravany,Moravany,JM,RL,-----6--,1007,,4903N 01710E,
,CZ,PMY,Moravany,Moravany,PA,RL,-----6--,0901,,5000N 01557E,
,CZ,MOR,Moravicany,Moravicany,OL,RQ,1-3-----,0901,,,
,CZ,VME,Moravske Budejovice,Moravske Budejovice,VY,RL,-----6--,0901,,4903N 01548E,
,CZ,MKV,Moravsky Krumlov,Moravsky Krumlov,,RL,-23-----,0601,,,
,CZ,MRA,Moravsky Pisek,Moravsky Pisek,JM,RQ,1-3-----,0901,,,
,CZ,MZV,Moravsky Zizkov,Moravsky Zizkov,JM,RQ,-----6--,1001,,4849N 01655E,
,CZ,MNS,Moravská Nová Ves,Moravska Nova Ves,JM,RL,--3-----,1501,,4848N 01701E,
,CZ,MVB,Moravská Trebová,Moravska Trebova,,RL,--3-----,0307,,4945N 01640E,
,CZ,MYB,Moravský Beroun,Moravsky Beroun,71,RL,--3--6--,1801,,4948N 01727E,
,CZ,MKO,Morkov,Morkov,80,RQ,--3-----,1801,,4932N 01804E,
,CZ,MVS,Morkovice-Slízany,Morkovice-Slizany,ZL,RQ,-----6--,0907,,4915N 01712E,
,CZ,MOS,Mosnov,Mosnov,MO,RL,--3--6--,0507,,4941N 01808E,
,CZ,MST,Most,Most,,AA,-23-----,9701,,,
,CZ,MTK,Mostek,Mostek,,RL,--3-----,0201,,4930N 01449E,
,CZ,MVC,Mostkovice,Mostkovice,OL,RL,--3-----,1207,,4947N 01704E,
,CZ,MJB,Mosty u Jablunkova,Mosty u Jablunkova,,AA,-23----B,9701,,,
,CZ,MTN,Moutnice,Moutnice,JM,RL,--3-----,0901,,4903N 01644E,
,CZ,SOM,Mseno,Mseno,ST,RL,-----6--,0901,,5027N 01438E,
,CZ,MUV,Mukařov,Mukařov,ST,RL,--3-----,1301,,5000N 01445E,
,CZ,MEE,Mutenice,Mutenice,JM,RL,--3-----,0507,,4855N 01701E,
,CZ,MDY,Mydlovary,Mydlovary,32,RL,--3-----,1807,,4951N 01303E,
,CZ,MYE,Myslocovice,Myslocovice,ZL,RQ,-----6--,0907,,4915N 01733E,
,CZ,MYO,Myto,Myto,PL,RL,--3--6--,1107,,4948N 01344E,
,CZ,MYT,Myto/Cesky Krumlov,Myto/Cesky Krumlov,JC,RL,1----6--,0901,,4847N 01410E,
,CZ,NAA,Nachod,Nachod,,AA,--3----B,9701,,,
,CZ,NHY,Nahorany,Nahorany,KR,RL,--3-----,1601,,5021N 01605E,
,CZ,NPJ,Napajedla,Napajedla,,RQ,--3-----,0607,,,
,CZ,NSY,Nasavrky,Nasavrky,53,RL,--3-----,1801,,5002N 01616E,
,CZ,NUB,Nebovidy,Nebovidy,JM,RL,--3-----,1601,,4908N 01633E,
,CZ,NEC,Nechanice,Nechanice,KR,RL,-23-----,1601,,5014N 01538E,
,CZ,DAK,Nedakonice,Nedakonice,ZL,RL,-----6--,0901,,4902N 01723E,
,CZ,NED,Nedasova Lhota,Nedasova Lhota,,AA,--3----B,9701,,,
,CZ,NEH,Nehvizdy,Nehvizdy,ST,RL,1----6--,0901,,5008N 01444E,
,CZ,NEJ,Nejdek,Nejdek,,RQ,--3-----,9811,,,
,CZ,NLH,Nelahozeves,Nelahozeves,ST,RN,-23-----,0501,,5016N 01418E,
,CZ,NME,Nemcice,Nemcice,JM,RQ,-----6--,0907,,4926N 01642E,
,CZ,NMY,Nemcicky,Nemcicky,JM,RL,--3-----,0701,,4856N 01605E,
,CZ,NMC,Nemcicky u Brna,Nemcicky u Brna,JM,RL,--3-----,1207,,4903N 01630E,
,CZ,NIE,Nemile,Nemile,71,RL,--3-----,1707,,4953N 01651E,
,CZ,NPH,Neplachov,Neplachov,JC,RL,--3--6--,1201,,4908N 01438E,
,CZ,NPK,Nepomuk,Nepomuk,PL,RL,-----6--,0901,,4929N 01336E,
,CZ,NPV,Neprevázka,Neprevazka,ST,RL,-23-----,1101,,5023N 01455E,
,CZ,NRT,Neratovice,Neratovice,ST,RN,123-----,0501,,5016N 01431E,
,CZ,NTL,Neratovice Lobkovice,Neratovice Lobkovice,,RL,--3-----,1301,,5015N 01431E,
,CZ,NLV,Neslovice,Neslovice,JM,RL,--3-----,1207,,4909N 01623E,
,CZ,NIC,Nestemice,Nestemice,US,RL,--3-----,1401,,5040N 01406E,
,CZ,NET,Netolice,Netolice,JC,RL,1-3-----,1401,,4903N 01412E,
,CZ,NVI,Netovice,Netovice,,RL,--3-----,0201,,5013N 01405E,
,CZ,NEV,Netvorice,Netvorice,ST,RL,--3-----,1301,,4949N 01432E,
,CZ,NTN,Netín,Netin,VY,RL,--3-----,1601,,4926N 01557E,
,CZ,NEZ,Nezvestice,Nezvestice,PL,RL,--3-----,1007,,4939N 01331E,
,CZ,NSE,Nisovice,Nisovice,JC,RL,-----6--,0901,,4909N 01354E,
,CZ,NVC,Nivnice,Nivnice,,RQ,--3--6--,0607,,4858N 01738E,
,CZ,NBR,Nizbor,Nizbor,,RL,--3-----,0601,,5000N 01359E,
,CZ,MK4,Nizni Lhoty,Nizni Lhoty,MO,RL,--3-----,1601,,4939N 01826E,
,CZ,NVS,Nosovice,Nosovice,,RL,--3-----,0001,,,
,CZ,NOU,Noutonice,Noutonice,ST,RL,--3-----,1501,,5010N 01417E,
,CZ,VOD,Nova Hospoda,Nova Hospoda,PL,RL,-----6--,1007,,4944N 01319E,
,CZ,NVY,Nove Dvory,Nove Dvory,ST,RL,--3-----,0207,,4958N 01519E,
,CZ,NLS,Nove Losiny,Nove Losiny,OL,RQ,--3-----,0901,,5007N 01702E,
,CZ,5MJ,Nove Mlyny,Nove Mlyny,JM,RL,--3-----,1601,,4852N 01644E,
,CZ,NML,Nove Modlany,Nove Modlany,US,RQ,--3-----,0907,,5040N 01352E,
,CZ,NEE,Nove Veseli,Nove Veseli,VY,RQ,--3-----,1001,,4931N 01555E,
,CZ,NVL,Novosedly,Novosedly,JM,RL,-23-----,0901,,4850N 01630E,
,CZ,NOB,Novy Bor,Novy Bor,,AA,-23-----,0212,,5046N 01435E,
,CZ,NBY,Novy Bydzov,Novy Bydzov,,RL,--3-----,0901,,5014N 01528E,
,CZ,NHV,Novy Hrozenkov,Novy Hrozenkov,ZL,RL,--3-----,1401,,4920N 01812E,
,CZ,NJC,Novy Jicín,Novy Jicin,,AA,-23-----,0212,,4936N 01801E,
,CZ,OVV,Novy Knin,Novy Knin,ST,RL,1----6--,1201,,4947N 14180E,
,CZ,NYC,Novy Rychnov,Novy Rychnov,VY,RL,--3-----,0901,,4923N 01522E,
,CZ,8PL,Novy Saldorf,Novy Saldorf,JM,RL,--3-----,1407,,4850N 01604E,
,CZ,NCA,Nová Bystrice,Nova Bystrice,,AA,--3----B,0212,,4901N 01506E,
,CZ,PAK,Nová Paka,Nova Paka,KR,RL,-23-----,0901,,5029N 01531E,
,CZ,NRL,Nová Role,Nova Role,,RL,-23-----,0601,,5016N 01247E,
,CZ,NOE,Nová Ves,Nova Ves,63,RL,--3-----,1707,,4909N 01553E,
,CZ,NVB,Nové Bránice,Nove Branice,JM,RL,--3-----,1601,,4904N 01627E,
,CZ,NHD,Nové Hrady,Nove Hrady,31,RL,--3-----,1701,,4847N 01447E,
,CZ,NMO,Nové Mesto na Morave,Nove Mesto na Morave,JM,RL,-23-----,0212,,4934N 01604E,
,CZ,NMN,Nové Mesto nad Metují,Nove Mesto nad Metuji,,RL,--3-----,0201,,5021N 01608E,
,CZ,NWS,Nové Mesto pod Smrkem,Nove Mesto pod Smrkem,51,RL,-23-----,1807,,5055N 01513E,
,CZ,NST,Nové Strasecí,Nove Straseci,,RL,--3-----,0601,,5010N 01352E,
,CZ,NVE,Nové Veselí,Nove Veseli,VY,RQ,-----6--,0907,,4931N 01554E,
,CZ,NZA,Nové Zámky,Nove Zamky,ST,RL,--3-----,1301,,5017N 01510E,
,CZ,NHK,Nový Hrádek,Novy Hradek,,RL,--3-----,0701,,5021N 01615E,
,CZ,NVV,Nový Vestec,Novy Vestec,,RL,1-3-----,0601,,5011N 01443E,
,CZ,NCI,Nucice,Nucice,PR,RL,--3-----,0901,,5001N 01414E,
,CZ,NUP,Nupaky,Nupaky,,RL,--3-----,0701,,5000N 01436E,
,CZ,NMB,Nymburk,Nymburk,,AA,-23-----,9509,,,
,CZ,PNO,Nyrsko,Nyrsko,PL,RL,-----6--,0901,,4918N 01309E,
,CZ,NAM,Námest nad Oslavou,Namest nad Oslavou,VY,RL,-23-----,0701,,4913N 01610E,
,CZ,NRY,Nýrany,Nyrany,,RL,-23-----,0701,,4943N 01312E,
,CZ,OCB,Obecnice,Obecnice,ST,RL,--3-----,1207,,4943N 01357E,
,CZ,OBT,Obríství,Obristvi,ST,RN,--3-----,0501,,5018N 01429E,
,CZ,ODO,Odolena Voda,Odolena Voda,,RQ,1-3-----,0607,,,
,CZ,ODV,Odolena Voda,Odolena Voda,,RL,--3-----,0601,,5014N 01423E,
,CZ,ODE,Odolenovice,Odolenovice,LI,RQ,-----6--,0907,,5037N 01508E,
,CZ,ODY,Odry,Odry,MO,RL,-23-----,1101,,4940N 01750E,
,CZ,OKY,Okrisky,Okrisky,,RL,-23-----,0601,,4914N 01546E,
,CZ,OKR,Okrouhlice,Okrouhlice,VY,RL,--3-----,1301,,4938N 01530E,
,CZ,OLH,Oldrichov v Hájích,Oldrichov v Hajich,51,RL,--3-----,1807,,5051N 01505E,
,CZ,OSA,Olesna,Olesna,,RQ,--3-----,0901,,,
,CZ,OLC,Olesnice,Olesnice,KR,RQ,--3-----,1007,,5027N 01605E,
,CZ,JOE,Olesnice Na Morave,Olesnice Na Morave,JM,RL,-----6--,0901,,4933N 01625E,
,CZ,OLO,Olomouc,Olomouc,,AA,-2345---,9701,,,
,CZ,OLV,Olovi,Olovi,,RL,-----6--,0901,,5515N 01233E,
,CZ,OLS,Olsany,Olsany,JC,RL,--3-----,0701,,4908N 01515E,
,CZ,OLY,Olsany,Olsany,VY,RQ,-----6--,1007,,4911N 01533E,
,CZ,OUS,Olsany u Sumperka,Olsany u Sumperka,JM,RQ,--3-----,0901,,,
,CZ,OEC,Olsovec,Olsovec,ZL,RL,--3-----,1601,,4856N 01746E,
,CZ,OMO,Omoljica,Omoljica,,RQ,--3-----,0607,,4445N 02045E,
,CZ,OND,Ondrejov,Ondrejov,ST,RL,--3-----,0407,,4954N 01448E,
,CZ,OPY,Oparany,Oparany,,RL,--3-----,0601,,4924N 01429E,
,CZ,OPV,Opatov,Opatov,KR,RL,--3-----,1307,,5015N 01535E,
,CZ,ONL,Opatovice nad Labem,Opatovice nad Labem,PA,RL,--3-----,0701,,5009N 01547E,
,CZ,OPA,Opava,Opava,,AA,-23-----,9701,,,
,CZ,OCX,Opocno,Opocno,KR,RL,1----6--,1201,,5016N 01607E,
,CZ,OAV,Oracov,Oracov,ST,RL,-----6--,1007,,5070N 01333E,
,CZ,ORV,Orechov,Orechov,JM,RL,--3-----,0701,,4907N 01632E,
,CZ,MOA,Orlova,Orlova,MO,RL,-----6--,0901,,4951N 01826E,
,CZ,ONB,Osek nad Becvou,Osek nad Becvou,OL,RQ,-----6--,0907,,4931N 01732E,
,CZ,OSI,Osice,Osice,KR,RL,1----6--,0901,,5009N 01541E,
,CZ,PAO,Osik,Osik,PA,RQ,1-------,0901,,,
,CZ,OKV,Oskava,Oskava,OL,RL,--3-----,1207,,4954N 01707E,
,CZ,OZ9,Oskava,Oskava,OL,RL,--3-----,1401,,4954N 01707E,
,CZ,OSY,Oslavany,Oslavany,JM,RL,--3-----,0407,,4908N 01620E,
,CZ,OBA,Osoblaha,Osoblaha,MO,RL,-----6--,0901,,5016N 01743E,
,CZ,OSV,Osov,Osov,ST,RL,--3-----,1501,,4951N 01405E,
,CZ,OTT,Ostrata,Ostrata,,RL,--3-----,0901,,4916N 01746E,
,CZ,OSR,Ostrava,Ostrava,,AA,-2345---,9606,,,
,CZ,ORE,Ostravice,Ostravice,MO,RL,-----6--,0901,,4932N 01823E,
,CZ,OTR,Ostretin,Ostretin,PA,RL,--3-----,1007,,5003N 01602E,
,CZ,OST,Ostroměr,Ostroměr,KR,RL,-23-----,0901,,5022N 01533E,
,CZ,ONO,Ostrov,Ostrov,,RL,-23--6--,0601,,5019N 01256E,
,CZ,OTO,Ostrov nad Oslavou,Ostrov nad Oslavou,VY,RL,--3-----,1301,,4929N 01559E,
,CZ,OSS,Ostrov u Stríbra,Ostrov u Stribra,PL,RL,--3-----,1007,,4942N 01305E,
,CZ,OAE,Ostrovacice,Ostrovacice,JM,RL,--3-----,1601,,4913N 01625E,
,CZ,ONV,Ostrozská Nová Ves,Ostrozska Nova Ves,JM,RL,-23-----,0407,,4901N 01726E,
,CZ,OTI,Otice,Otice,MO,RL,--3-----,1307,,4955N 01752E,
,CZ,ONC,Otnice,Otnice,JM,RQ,--3-----,0901,,4905N 01649E,
,CZ,OTV,Otovice,Otovice,KR,RL,--3--6--,0507,,5034N 01624E,
,CZ,OTC,Otrokovice,Otrokovice,,AA,--34----,9509,,,
,CZ,OVC,Otvovice,Otvovice,,RQ,--3--6--,0607,,5013N 01416E,
,CZ,OUC,Oucmanice,Oucmanice,PA,RL,--3-----,1601,,4959N 01617E,
,CZ,OVY,Ovcáry,Ovcary,ST,RL,-23-----,0701,,5015N 01437E,
,CZ,PAC,Pacov,Pacov,VY,RL,--3-----,0701,,4929N 01501E,
,CZ,PNB,Panenské Brezany,Panenske Brezany,,RL,--3-----,0601,,5013N 01426E,
,CZ,PRB,Pardubice,Pardubice,,AA,-2345---,9701,,,
,CZ,PND,Paseky nad Jizerou,Paseky nad Jizerou,LI,RL,--3-----,1407,,5043N 01524E,
,CZ,PSV,Paskov,Paskov,,RL,--3--6--,0501,,4944N 01818E,
,CZ,5PV,Pastviny,Pastviny,PA,RL,--3-----,1307,,5005N 01633E,
,CZ,PAV,Pavlov,Pavlov,ST,RL,--3-----,1301,,5006N 01410E,
,CZ,PVO,Pavlov,Pavlov,JM,RL,--3-----,0701,,4852N 01640E,
,CZ,PVV,Pavlov,Pavlov,VY,RL,--3-----,0901,,4924N 01515E,
,CZ,PPO,Pavlovice u Prerova,Pavlovice u Prerova,,RQ,--3--6--,0607,,4928N 01732E,
,CZ,PKY,Pecky,Pecky,,RL,--3-----,0307,,5005N 01501E,
,CZ,PEL,Pelhrimov,Pelhrimov,,AA,-23-----,9509,,,
,CZ,MMJ,Pelhrimovy,Pelhrimovy,MO,RL,--3-----,1401,,5011N 01740E,
,CZ,PEN,Pencin,Pencin,OL,RL,-----6--,1107,,4934N 01701E,
,CZ,PNC,Pencín,Pencin,LI,RL,--3-----,1601,,5041N 01514E,
,CZ,PTV,Petrov,Petrov,,AA,--3-----,9701,,,
,CZ,SKP,Petrovice,Petrovice,20,RL,--3-----,1801,,5004N 01339E,
,CZ,PKA,Petrovice u Karviné,Petrovice u Karvine,,AA,-2-----B,0212,,4954N 01832E,
,CZ,TRL,Petrvald,Petrvald,MO,RL,-23-----,0701,,4950N 01824E,
,CZ,PEV,Petřvald,Petřvald,MO,RL,--3-----,1301,,4943N 01809E,
,CZ,PPU,Pisecna u Jeseniku,Pisecna u Jeseniku,PA,RL,-----6--,0901,,5003N 01627E,
,CZ,PSK,Pisek,Pisek,JC,AA,-23-----,1607,,4918N 01409E,
,CZ,PLN,Plana nad Luznici,Plana nad Luznici,JC,RQ,--3-----,0901,,4921N 01442E,
,CZ,PAU,Plana u Marianskych Lazni,Plana u Marianskych Lazni,PL,RQ,123-----,0901,,4952N 01245E,
,CZ,PLA,Planany,Planany,20,RL,--3-----,1701,,5002N 01501E,
,CZ,ANA,Planá,Plana,PL,RL,-23-----,0507,,4952N 01244E,
,CZ,PXL,Planá nad Luznicí,Plana nad Luznici,JC,RL,-23-----,0701,,4921N 01443E,
,CZ,PSY,Plasy,Plasy,PL,RL,--3-----,0901,,4956N 01324E,
,CZ,PVY,Plavy,Plavy,,RL,--3-----,0201,,5042N 01519E,
,CZ,PLS,Plesna,Plesna,KA,RL,--3-----,0901,,5013N 01221E,
,CZ,PYD,Pleteny Ujezd,Pleteny Ujezd,ST,RQ,--3-----,0907,,5006N 01407E,
,CZ,PLZ,Plzen,Plzen,,AA,-2345---,9701,,,
,CZ,PZO,Pobezovice,Pobezovice,,RQ,--3-----,0607,,4931N 01248E,
,CZ,POC,Pocatky,Pocatky,JC,RL,--3-----,0207,,4915N 01514E,
,CZ,PBY,Podborany,Podborany,,RL,-23-----,0601,,5013N 01325E,
,CZ,EZI,Podbrezí,Podbrezi,KR,RL,--3-----,1407,,5016N 01613E,
,CZ,POD,Podebrady,Podebrady,,RL,--3-----,0201,,5009N 01507E,
,CZ,PDV,Podivin,Podivin,JM,RQ,--3-----,0901,,4850N 01651E,
,CZ,VXC,Podolanka,Podolanka,ST,RL,--3-----,1307,,5009N 01436E,
,CZ,PDL,Podoli,Podoli,JM,RL,--3-----,1607,,4911N 01644E,
,CZ,PDX,Podomí,Podomi,64,RL,--3-----,1701,,4921N 01650E,
,CZ,PRE,Pohorelice,Pohorelice,,RL,-23-----,0601,,4858N 01630E,
,CZ,JPA,Pohorelice U Brna,Pohorelice U Brna,JM,RL,-----6--,0901,,4859N 01631E,
,CZ,PLY,Polepy,Polepy,US,RL,--3-----,1401,,5030N 01416E,
,CZ,POL,Polerady,Polerady,,RL,--3-----,0001,,,
,CZ,4PO,Polesovice,Polesovice,ZL,RL,--3-----,1407,,4902N 01720E,
,CZ,PLO,Polevsko,Polevsko,,RL,--3-----,0601,,5046N 01432E,
,CZ,PNJ,Police nad Metují,Police nad Metuji,,RL,123-----,0601,,5032N 01614E,
,CZ,PLK,Policka,Policka,,RL,-23-----,0106,,4942N 01616E,
,CZ,PNA,Polna,Polna,VY,RQ,1----6--,0907,,4920N 01543E,
,CZ,KPY,Polna U Jihlavy,Polna U Jihlavy,KA,RL,-----6--,0901,,5009N 01215E,
,CZ,OHA,Pomezí nad Ohrí,Pomezi nad Ohri,,AA,--3----B,0212,,5005N 01217E,
,CZ,LPA,Ponikla,Ponikla,LI,RL,-----6--,0901,,5039N 01527E,
,CZ,POP,Popuvky,Popuvky,OL,RL,1-3-----,1401,,4920N 01718E,
,CZ,POU,Popuvky,Popuvky,JM,RL,--3-----,1601,,4911N 01629E,
,CZ,PCN,Porícany,Poricany,ST,RL,--3-----,1601,,5006N 01456E,
,CZ,PRS,Poríci nad Sázavou,Porici nad Sazavou,ST,RL,--3-----,0407,,4950N 01441E,
,CZ,UPY,Postoloprty,Postoloprty,US,RL,-----6--,0901,,5022N 01343E,
,CZ,PBJ,Postorna,Postorna,JM,RL,-----6--,0901,,4845N 01652E,
,CZ,PLV,Postrelmov,Postrelmov,OL,RL,--3-----,1301,,4955N 01655E,
,CZ,PZN,Postrizín,Postrizin,ST,RL,--3-----,1301,,5014N 01423E,
,CZ,OPT,Potstat,Potstat,OL,RL,-----6--,0901,,4939N 01739E,
,CZ,POT,Potucky-silnice,Potucky-silnice,,AA,-2-----B,9701,,,
,CZ,POO,Potvorov,Potvorov,PL,RQ,--3-----,0901,,,
,CZ,PZY,Pouzdrany,Pouzdrany,,RQ,--3--6--,0607,,4856N 01637E,
,CZ,PZE,Pozorice,Pozorice,JM,RL,--3-----,0901,,4912N 01647E,
,CZ,PRT,Prachatice,Prachatice,,AA,-23-----,9509,,,
,CZ,P4A,Prachovice,Prachovice,PA,RL,--3-----,1501,,4954N 01538E,
,CZ,XUY,Prague-Vinohrady,Prague-Vinohrady,ST,RL,1-3-----,1401,,5004N 01427E,
,CZ,PRG,Praha,Praha,,AA,-2345---,9606,,,
,CZ,PKC,Praskacka,Praskacka,KR,RL,--3-----,1307,,5010N 01544E,
,CZ,PRZ,Prazmo,Prazmo,MO,RL,--3-----,1301,,4936N 01829E,
,CZ,POJ,Predboj,Predboj,ST,RL,--3-----,1601,,5014N 01429E,
,CZ,PUT,Predklásteri,Predklasteri,JM,RL,--3-----,1607,,4921N 01624E,
,CZ,PRJ,Predmerice nad Jizerou,Predmerice nad Jizerou,,RL,-----6--,0901,,5015N 01447E,
,CZ,PNL,Predmerice nad Labem,Predmerice nad Labem,KR,RL,-23-----,0507,,5015N 01549E,
,CZ,PRD,Predín,Predin,63,RL,--3-----,1801,,4911N 01540E,
,CZ,PLC,Prelouc,Prelouc,,RL,-23-----,0701,,5002N 01534E,
,CZ,PRV,Prerov,Prerov,,AA,-234----,9701,,,
,CZ,XNL,Prerov nad Labem,Prerov nad Labem,ST,RL,--3-----,1301,,5010N 01450E,
,CZ,POV,Prestanov,Prestanov,US,RL,--3-----,1207,,5041N 01355E,
,CZ,PST,Prestice,Prestice,PL,RL,-23-----,0701,,4934N 01320E,
,CZ,PLT,Prezletice,Prezletice,ST,RQ,-----6--,0907,,5010N 01434E,
,CZ,PRI,Pribram,Pribram,,AA,-23-----,9509,,,
,CZ,PBA,Pribyslav,Pribyslav,VY,RL,--3-----,1201,,4916N 01547E,
,CZ,PCV,Prichovice,Prichovice,PL,RL,--3-----,1207,,4934N 01320E,
,CZ,PII,Prichovice,Prichovice,PL,RL,--3-----,1601,,4934N 01320E,
,CZ,PIC,Prisovice,Prisovice,,RL,--3-----,0901,,5035N 00155E,
,CZ,PTY,Pritluky,Pritluky,,RL,--3-----,0901,,4551N 01646E,
,CZ,PBT,Probostov,Probostov,US,RL,--3-----,1601,,5040N 01350E,
,CZ,PSE,Prosenice,Prosenice,ST,RQ,--3-----,0901,,4942N 01429E,
,CZ,PRL,Prosenická Lhota,Prosenicka Lhota,ST,RL,--3-----,1301,,4941N 01429E,
,CZ,PRM,Prosimerice,Prosimerice,JM,RL,--3-----,1607,,4854N 01611E,
,CZ,PRO,Prostejov,Prostejov,,AA,-23-----,9701,,,
,CZ,JPN,Protivin,Protivin,JC,RL,-----6--,0901,,4912N 01413E,
,CZ,PVN,Provodín,Provodin,,RQ,--3-----,0607,,5037N 01435E,
,CZ,PHE,Pruhonice,Pruhonice,,RL,--3-----,0601,,,
,CZ,PRU,Prunérov,Prunerov,PA,RL,-23-----,0901,,5025N 01316E,
,CZ,PUK,Prusánky,Prusanky,JM,RL,--3--6--,1301,,4850N 01659E,
,CZ,PDO,Prádlo,Pradlo,32,RL,--3-----,1807,,4930N 01332E,
,CZ,PBR,Príbor,Pribor,MO,RL,-23-----,0701,,4939N 01809E,
,CZ,7JK,Psáry,Psary,ST,RL,--3-----,1407,,4956N 01431E,
,CZ,PTI,Ptení,Pteni,,RQ,--3-----,0607,,4930N 01656E,
,CZ,PYS,Pysely,Pysely,JC,RQ,--3-----,0901,,,
,CZ,PSN,Písnice,Pisnice,,RL,--3-----,0201,,4959N 01428E,
,CZ,PRY,Přemyslovice,Přemyslovice,OL,RL,--3-----,1301,,4934N 01658E,
,CZ,RAC,Racice,Racice,US,RL,--3-----,1607,,5028N 01421E,
,CZ,RDR,Radimer,Radimer,PA,RL,--3-----,1607,,4943N 01627E,
,CZ,VRP,Radnice u Plzne,Radnice u Plzne,VY,RL,-----6--,0901,,5004N 01425E,
,CZ,RAU,Radonice,Radonice,US,RQ,1-------,0901,,,
,CZ,RDN,Radonice,Radonice,ST,RQ,1-------,0901,,,
,CZ,RNO,Radostín nad Oslavou,Radostin nad Oslavou,VY,RL,--3-----,1407,,4927N 01557E,
,CZ,RAD,Radotín,Radotin,KA,RL,--3-----,1301,,5040N 01315E,
,CZ,RVN,Radovesnice,Radovesnice,,RQ,--3-----,0607,,5001N 01509E,
,CZ,RDV,Radvanice,Radvanice,MO,RQ,-----6--,1001,,4949N 01820E,
,CZ,RJS,Rajec-Jestrebi,Rajec-Jestrebi,JM,RQ,--3-----,0901,,4925N 01638E,
,CZ,RAJ,Rajhrad,Rajhrad,JM,RQ,123-----,0901,,,
,CZ,RAK,Rakovník,Rakovnik,,AA,-23-----,0212,,5006N 01345E,
,CZ,RKV,Rakvice,Rakvice,JM,RL,-23-----,0701,,4851N 01650E,
,CZ,RPO,Rapotice,Rapotice,,RL,-23--6--,0601,,4911N 01616E,
,CZ,RAT,Rapotín,Rapotin,OL,RL,--3-----,1401,,4959N 01700E,
,CZ,RSS,Rasosky,Rasosky,KR,RL,--3-----,1307,,5019N 01555E,
,CZ,RSP,Raspenava,Raspenava,LI,RL,--3-----,1207,,5053N 01507E,
,CZ,RKO,Ratískovice,Ratiskovice,JM,RL,--3-----,0701,,4856N 01710E,
,CZ,CVR,Recice,Recice,,RL,--3-----,0901,,4930N 01510E,
,CZ,REP,Repníky,Repniky,PA,RL,--3-----,1501,,4955N 01605E,
,CZ,REV,Repov,Repov,ST,RL,--3-----,0901,,5024N 01457E,
,CZ,REC,Revnice,Revnice,ST,RL,--3-----,1307,,4955N 01415E,
,CZ,RNC,Revnicov,Revnicov,ST,RQ,--3-----,1007,,5011N 01348E,
,CZ,RUP,Ricany u Prahy,Ricany u Prahy,PL,RQ,--3-----,0901,,,
,CZ,XXX,RIS Inland waterways,RIS Inland waterways,,AI,1-------,1101,,,
,CZ,ZKQ,Rohatec,Rohatec,,RL,--3-----,9805,,,
,CZ,OLR,Rohle,Rohle,OL,RQ,--3-----,0901,,,
,CZ,RKC,Rokycany,Rokycany,,AA,--3-----,9701,,,
,CZ,RNJ,Rokytnice nad Jizerou,Rokytnice nad Jizerou,JC,RL,--3-----,0901,,5043N 01527E,
,CZ,KRH,Rokytnice v Orlickych Horach,Rokytnice v Orlickych Horach,KR,RL,-----6--,0901,,5010N 01628E,
,CZ,RUR,Rosice,Rosice,,RL,-23-----,0701,,4911N 01623E,
,CZ,RTV,Rotava,Rotava,KA,RQ,--3-----,0901,,,
,CZ,RNL,Roudnice nad Labem,Roudnice nad Labem,,AA,-23-----,9701,,,
,CZ,RSV,Rousinov,Rousinov,,RL,--3-----,0201,,4949N 01449E,
,CZ,S4Y,Rovensko pod Troskami,Rovensko pod Troskami,KR,RL,--3-----,1407,,5030N 01515E,
,CZ,RZD,Rozd'alovice,Rozd'alovice,20,RL,--3-----,1707,,5018N 01510E,
,CZ,RPT,Rozmitál pod Tremsinem,Rozmital pod Tremsinem,ST,RL,--3-----,1607,,4936N 01353E,
,CZ,RVR,Roznov pod Radhostem,Roznov pod Radhostem,ZL,RQ,-----6--,0907,,4927N 01809E,
,CZ,RPR,Roznov pod Radhosthem,Roznov pod Radhosthem,,RL,--3-----,9806,,,
,CZ,RZT,Roztoky,Roztoky,ST,RN,-23-----,0501,,5010N 01424E,
,CZ,RZA,Rozvadov,Rozvadov,,AA,--3----B,9701,,,
,CZ,RNB,Rtyne nad Bílinou,Rtyne nad Bilinou,US,RL,-23-----,0701,,5036N 01351E,
,CZ,RPD,Rtyne V Podkrkonosi,Rtyne V Podkrkonosi,KR,RL,--3-----,1601,,5030N 01604E,
,CZ,RPY,Rudna u Prahy,Rudna u Prahy,ST,RQ,--3-----,0901,,,
,CZ,RUD,Rudná,Rudna,,RL,--3-----,0212,,5002N 01413E,
,CZ,RDK,Rudník,Rudnik,KR,RL,--3-----,1407,,5036N 01544E,
,CZ,RUA,Rumburk,Rumburk,,AA,-2-----B,9701,,,
,CZ,RUK,Rumburk,Rumburk,US,RL,-----6--,1107,,5057N 01434E,
,CZ,RBV,Rybitvi,Rybitvi,PA,RL,--3-----,1207,,5003N 01543E,
,CZ,RNK,Rychnov nad Kneznou,Rychnov nad Kneznou,,AA,-23-----,9509,,,
,CZ,RJN,Rychnov u Jablonce Nad Nisou,Rychnov u Jablonce Nad Nisou,LI,RL,--3-----,1201,,5041N 01508E,
,CZ,RYH,Rychnovek,Rychnovek,52,RL,--3-----,1707,,5021N 01558E,
,CZ,RCV,Rychvald,Rychvald,,RL,-----6--,0901,,4952N 01822E,
,CZ,RYM,Rymarov,Rymarov,80,RL,--3-----,1701,,4956N 01716E,
,CZ,RYN,Rynoltice,Rynoltice,LI,RQ,--3-----,0901,,,
,CZ,RAB,Ráby,Raby,53,RL,--3-----,1807,,5004N 01548E,
,CZ,RVC,Rácovice,Racovice,,RL,-23-----,0601,,4901N 01541E,
,CZ,RJK,Rájecko,Rajecko,JM,RL,--3-----,1301,,4924N 01639E,
,CZ,RCY,Rícany,Ricany,,RL,--3-----,0201,,5000N 01440E,
,CZ,RIV,Ríkov,Rikov,KA,RL,--3-----,1601,,5023N 01601E,
,CZ,SDV,Sadov,Sadov,KA,RL,--3-----,1501,,5016N 01254E,
,CZ,SAD,Sadská,Sadska,JC,RL,-23-----,0901,,5008N 01459E,
,CZ,JK6,Sakvice,Sakvice,JM,RL,1-3-----,1401,,4854N 01642E,
,CZ,SAP,Saplava,Saplava,KR,RL,--3-----,1407,,5019N 01532E,
,CZ,SDI,Sardice,Sardice,,RL,--3--6--,0601,,4858N 01702E,
,CZ,SAA,Satov,Satov,,AA,-2-----B,9701,,,
,CZ,SAC,Sebranice,Sebranice,JM,RL,--3-----,1501,,4930N 01635E,
,CZ,SAI,Sebranice,Sebranice,PA,RQ,--3-----,0907,,4947N 16150E,
,CZ,SED,Sedlcany,Sedlcany,,RL,--3-----,0201,,4940N 01425E,
,CZ,NKN,Sedlec,Sedlec,JC,RL,1-3-----,1401,,4910N 01420E,
,CZ,SSP,Sedlec-Prcice,Sedlec-Prcice,JC,RL,--3-----,1307,,4934N 01431E,
,CZ,SDB,Sedlice u Blatne,Sedlice u Blatne,JC,RQ,-----6--,0907,,4922N 01356E,
,CZ,SDL,Sedliste,Sedliste,MO,RL,--3-----,1607,,4943N 01821E,
,CZ,SEM,Semcice,Semcice,,RL,1----6--,0901,,5022N 15000E,
,CZ,SML,Semily,Semily,,AA,-23-----,9509,,,
,CZ,SNH,Senice na Hané,Senice na Hane,OL,RL,--3-----,0507,,4938N 01706E,
,CZ,BTS,Senicka,Senicka,OL,RL,--3-----,1501,,4938N 01703E,
,CZ,SNR,Senohraby,Senohraby,PR,RL,--3-----,1207,,4954N 01443E,
,CZ,SNO,Senov,Senov,MO,RL,--3-----,0901,,4947N 01822E,
,CZ,SEN,Senov Ostrava Mesto,Senov Ostrava Mesto,MO,RL,--3-----,0901,,4749N 01822E,
,CZ,SEV,Sevetin,Sevetin,JC,RQ,--3-----,1001,,4906N 01435E,
,CZ,SZC,Sezemice,Sezemice,US,RL,-----6--,1201,,5037N 01354E,
,CZ,SZM,Sezemice,Sezemice,PA,RL,--3-----,0701,,5004N 01551E,
,CZ,SEZ,Sezimovo Ústí,Sezimovo Usti,JM,RL,--3-----,0407,,4923N 01442E,
,CZ,SIB,Sibřina,Sibřina,ST,RL,--3-----,1301,,5004N 01440E,
,CZ,SIV,Sivice,Sivice,JM,RL,--3-----,1601,,4912N 01647E,
,CZ,SKU,Skalice,Skalice,US,RL,--3-----,1301,,5034N 01408E,
,CZ,SSX,Skalice nad Svitavou,Skalice nad Svitavou,JM,RL,--3-----,1601,,4929N 01636E,
,CZ,SCL,Skalice u Ceske Lipy,Skalice u Ceske Lipy,JC,RQ,--3-----,0901,,,
,CZ,SKA,Skalná,Skalna,KA,RL,-23-----,0701,,5010N 01222E,
,CZ,SKR,Skrivany,Skrivany,KR,RL,--3-----,1601,,5016N 01530E,
,CZ,SNB,Skuhrov nad Belou,Skuhrov nad Belou,,RL,--3-----,0601,,5013N 01617E,
,CZ,SKT,Skutec,Skutec,,RL,-23-----,0701,,4951N 01600E,
,CZ,SKV,Skvorec,Skvorec,,RL,--3-----,0701,,5003N 01444E,
,CZ,SLY,Slaný,Slany,ST,RL,-23-----,0507,,5014N 01406E,
,CZ,SNE,Slapanice,Slapanice,JM,RL,-23-----,0701,,4910N 01645E,
,CZ,SLA,Slapy,Slapy,ST,RL,--3-----,0701,,4949N 01424E,
,CZ,STA,Slatina,Slatina,,RQ,1-3-----,0607,,,
,CZ,SNY,Slatinany,Slatinany,,AA,--3-----,9509,,,
,CZ,SVN,Slavicín,Slavicin,ZL,RL,--3-----,0701,,4905N 01753E,
,CZ,SUH,Slavkov,Slavkov,ZL,RL,--3-----,1501,,4857N 01737E,
,CZ,SVB,Slavkov u Brna,Slavkov u Brna,JM,RL,-23-----,0701,,4909N 01652E,
,CZ,ULV,Sluknov,Sluknov,US,RL,-----6--,0901,,5101N 01428E,
,CZ,SSV,Slusovice,Slusovice,ZL,RL,--3-----,1207,,4915N 01748E,
,CZ,SLE,Slustice,Slustice,ST,RQ,-----6--,1007,,5003N 01441E,
,CZ,SDY,Smidary,Smidary,KR,RL,--3-----,1307,,5018N 01529E,
,CZ,CRS,Smilovice,Smilovice,MO,RQ,1----6--,1001,,4940N 01835E,
,CZ,SMR,Smirice,Smirice,,RL,-23-----,0106,,5001N 01505E,
,CZ,SME,Smrzice,Smrzice,OL,RQ,-----6--,0907,,4930N 01706E,
,CZ,OVK,Smrzovka,Smrzovka,,RL,123-----,0601,,5044N 01515E,
,CZ,SMO,Smíchov,Smichov,,RL,1-3-----,0601,,5004N 01424E,
,CZ,SBE,Sobeslav,Sobeslav,JC,RL,--3-----,0207,,4919N 01443E,
,CZ,SOV,Sobesovice,Sobesovice,MO,RL,--3-----,1307,,4943N 01827E,
,CZ,SBA,Sobotka,Sobotka,KR,RL,-23-----,0701,,5028N 01511E,
,CZ,SOB,Sobotín,Sobotin,OL,RL,--3-----,1401,,5001N 01705E,
,CZ,SOK,Sokolov,Sokolov,,AA,-23-----,9701,,,
,CZ,SOL,Solnice,Solnice,KR,RL,--3-----,0701,,5012N 01614E,
,CZ,SOE,Sousedovice,Sousedovice,31,RL,--3-----,1801,,4914N 01352E,
,CZ,SKY,Spicky,Spicky,OL,RQ,--3-----,0907,,4933N 01749E,
,CZ,SPY,Spytihnev,Spytihnev,ZL,RL,-23-----,0701,,4909N 01731E,
,CZ,SPR,Spáléne Porící,Spalene Porici,PL,RL,--3-----,0701,,4937N 01335E,
,CZ,7OW,Srbská,Srbska,LI,RL,--3-----,1407,,5058N 01513E,
,CZ,SRH,Srch,Srch,PA,RL,--3-----,1307,,5005N 01546E,
,CZ,PSO,Stankov,Stankov,PL,RL,-----6--,0901,,4933N 01304E,
,CZ,SUZ,Stankovice U Zatce,Stankovice U Zatce,US,RL,--3-----,0901,,5021N 01335E,
,CZ,KCY,Stare Krecany,Stare Krecany,US,RL,--3-----,1601,,5057N 01430E,
,CZ,ZSE,Stare Mesto u Uherskeho Hradiste,Stare Mesto u Uherskeho Hradiste,ZL,RL,-----6--,0901,,4905N 01728E,
,CZ,SVC,Starovice,Starovice,64,RL,--3-----,1707,,4857N 01643E,
,CZ,SBV,Stary Bydzov,Stary Bydzov,KR,RL,--3-----,1301,,5016N 01527E,
,CZ,SHZ,Stary Hrozenkov,Stary Hrozenkov,,AA,--3----B,0212,,4858N 01753E,
,CZ,SPC,Stary Plzenec,Stary Plzenec,,RQ,1-3-----,0607,,,
,CZ,SBO,Stará Boleslav,Stara Boleslav,,RL,--3-----,0212,,5012N 01441E,
,CZ,SRO,Stará Role,Stara Role,KA,RL,-23-----,1401,,5014N 01249E,
,CZ,SAV,Stará Voda,Stara Voda,KA,RL,--3-----,1607,,5500N 01236E,
,CZ,SHD,Staré Hradiste,Stare Hradiste,,AA,-23-----,0212,,5004N 01547E,
,CZ,STM,Staré Mesto,Stare Mesto,OL,RL,-23-----,0701,,5010N 01657E,
,CZ,ST2,Staré Mesto pod Sneznikem,Stare Mesto pod Sneznikem,OL,RL,--3-----,1601,,5010N 01657E,
,CZ,SRC,Staríc,Staric,MO,RL,-23-----,1207,,4941N 01816E,
,CZ,SYV,Starý Vestec,Stary Vestec,ST,RL,--3-----,1401,,5009N 01451E,
,CZ,SNC,Statenice,Statenice,ST,RL,--3-----,1301,,5009N 01419E,
,CZ,STE,Stechovice,Stechovice,ST,RN,1-3-----,0501,,4951N 01424E,
,CZ,SLS,Stehelceves,Stehelceves,ST,RQ,-----6--,0907,,5010N 01411E,
,CZ,ENO,Stenovice,Stenovice,PL,RL,--3-----,1301,,4940N 01324E,
,CZ,SNK,Stepanov nad Svratkou,Stepanov nad Svratkou,JM,RL,--3-----,0901,,4930N 01620E,
,CZ,STP,Stepánov,Stepanov,OL,RL,--3-----,1407,,4941N 01713E,
,CZ,STB,Sternberk,Sternberk,OL,RL,--3-----,1401,,4943N 01717E,
,CZ,STT,Stetí,Steti,,RN,123--6--,0501,,5027N 01423E,
,CZ,KSY,Stezery,Stezery,KR,RL,-----6--,0901,,5013N 01545E,
,CZ,SIT,Stitina,Stitina,MO,RL,-23-----,1607,,4955N 01801E,
,CZ,STH,Stochov,Stochov,ST,RL,--3-----,0901,,5009N 01358E,
,CZ,SUP,Stod u Plzne,Stod u Plzne,PL,RL,--3-----,0901,,4938N 01310E,
,CZ,S9N,Strachotín,Strachotin,JM,RL,--3-----,1407,,4854N 01639E,
,CZ,SKN,Strakonice,Strakonice,,AA,-23-----,9509,,,
,CZ,STC,Strancice,Strancice,,RL,--3-----,0201,,4957N 01439E,
,CZ,SSC,Strasice,Strasice,PL,RL,--3-----,1601,,4944N 01346E,
,CZ,SVO,Straskov,Straskov,,RL,-23-----,0601,,5022N 01414E,
,CZ,SZR,Straz pod Ralskem,Straz pod Ralskem,LI,RQ,--3-----,0901,,5042N 01448E,
,CZ,OTA,Strazna,Strazna,OL,RL,-----6--,0901,,4950N 01708E,
,CZ,STZ,Strazov,Strazov,PL,RQ,--3-----,0901,,,
,CZ,SZV,Strazovice,Strazovice,JM,RL,--3-----,1207,,4901N 01703E,
,CZ,SEY,Stredokluky,Stredokluky,ST,RL,--3-----,0701,,5008N 01414E,
,CZ,STL,Strelice,Strelice,JM,RL,-23-----,0701,,4909N 01630E,
,CZ,SRL,Strelna,Strelna,,AA,--3----B,9701,,,
,CZ,BRA,Stribrna Skalice,Stribrna Skalice,ST,RL,1----6--,0901,,4954N 01451E,
,CZ,SMV,Strmilov,Strmilov,JC,RQ,-----6--,0907,,4909N 01512E,
,CZ,SRT,Struharov,Struharov,ST,RL,--3-----,1601,,4957N 01445E,
,CZ,SEB,Strunkovice nad Blanicí,Strunkovice nad Blanici,JC,RQ,-----6--,0907,,4905N 01403E,
,CZ,SRZ,Struznice,Struznice,LI,RQ,-----6--,0907,,5042N 01428E,
,CZ,STN,Strání,Strani,,AA,--3----B,0212,,4854N 01744E,
,CZ,SNN,Stráz nad Nisou,Straz nad Nisou,,RL,-23-----,0701,,5047N 01459E,
,CZ,STR,Stráznice,Straznice,JM,RL,--3-----,0407,,4854N 01719E,
,CZ,SZA,Strázny,Strazny,,AA,--3----B,0212,,4854N 01342E,
,CZ,SZN,Strázné,Strazne,KR,RL,--3-----,0701,,5040N 01536E,
,CZ,SZ2,Strázovice,Strazovice,ST,RL,--3-----,1401,,4943N 01431E,
,CZ,SBR,Stríbro,Stribro,PL,RL,-23-----,0701,,4946N 01300E,
,CZ,SIZ,Strítez,Stritez,VY,RL,--3-----,0901,,4928N 01538E,
,CZ,STY,Studanky,Studanky,PL,AA,--3----B,0907,,4922N 01300E,
,CZ,SRV,Studenka,Studenka,MO,RQ,-23-----,0901,,,
,CZ,STU,Studená,Studena,,RL,--3-----,0201,,4911N 01517E,
,CZ,STD,Stádlec,Stadlec,,RL,--3-----,0601,,4924N 01430E,
,CZ,SNV,Stítná nad Vlárí,Stitna nad Vlari,MO,RL,-23-----,0407,,4904N 01759E,
,CZ,9YI,Střílky,Střilky,ZL,RL,--3-----,1301,,4909N 01713E,
,CZ,LDU,Suchdol nad Odrou,Suchdol nad Odrou,MO,RL,--3-----,1301,,4938N 01756E,
,CZ,SCM,Suchohrdly,Suchohrdly,JM,RL,--3-----,1607,,4857N 01622E,
,CZ,UHY,Suchy,Suchy,JM,RL,--3-----,1601,,4929N 01646E,
,CZ,SLZ,Suchá Loz,Sucha Loz,,RL,--3-----,0307,,4858N 01743E,
,CZ,OSL,Suché Lazce,Suche Lazce,MO,RL,--3-----,1501,,4954N 01759E,
,CZ,SDC,Sudice,Sudice,,AA,--3----B,9701,,,
,CZ,SUK,Sudkov,Sudkov,OL,RL,--3-----,0701,,4956N 01657E,
,CZ,SUD,Sudomerice,Sudomerice,,AA,-23----B,9701,,,
,CZ,SKD,Sukorady,Sukorady,ST,RQ,--3--6--,1001,,5026N 01502E,
,CZ,SUL,Sulice,Sulice,PA,RQ,--3-----,0901,,,
,CZ,SUM,Sumperk,Sumperk,,AA,-23-----,9701,,,
,CZ,SPK,Supíkovice,Supikovice,OL,RQ,--3-----,1007,,5018N 01715E,
,CZ,SUS,Susice,Susice,,AA,-23-----,9701,,,
,CZ,AAA,Svatava,Svatava,KA,RL,--3-----,0901,,5011N 01238E,
,CZ,VSR,Svatoborice,Svatoborice,JM,RL,--3-----,1407,,4859N 01706E,
,CZ,SVK,Svaty Kriz,Svaty Kriz,,AA,--3----B,9701,,,
,CZ,MSA,Svetla Hora,Svetla Hora,MO,RL,-----6--,0901,,5003N 01725E,
,CZ,SNS,Svetlá nad Sázavou,Svetla nad Sazavou,,RL,--3-----,0601,,4940N 01524E,
,CZ,SPJ,Svetlá pod Jestedem,Svetla pod Jestedem,LI,RL,--3-----,1601,,5043N 01459E,
,CZ,SDO,Sviadnov,Sviadnov,,RL,123--6--,0601,,4942N 01821E,
,CZ,SVY,Svijany,Svijany,20,RL,--3-----,1707,,5034N 01504E,
,CZ,STV,Svitavy,Svitavy,,AA,-23-----,9701,,,
,CZ,SVI,Svitávka,Svitavka,64,RL,--3-----,1707,,4930N 01636E,
,CZ,SVE,Svojsice,Svojsice,PA,RL,--3-----,1301,,4958N 01536E,
,CZ,SVR,Svrkyně,Svrkyně,,RL,-23-----,0601,,5009N 01417E,
,CZ,OEV,Syrovice,Syrovice,US,RL,--3-----,1607,,5016N 01328E,
,CZ,SXR,Syrovice,Syrovice,64,RL,--3-----,1801,,4905N 01633E,
,CZ,SYR,Syrovín,Syrovin,JM,RL,--3-----,1601,,4902N 01716E,
,CZ,SAZ,Sázava,Sazava,,RL,-23-----,0607,,4952N 01454E,
,CZ,TBR,Tabor,Tabor,,AA,-23-----,9509,,,
,CZ,TAC,Tachov,Tachov,,AA,-23-----,9509,,,
,CZ,TVA,Tanvald,Tanvald,,RL,123--6--,0601,,5044N 01518E,
,CZ,TCV,Tecovice,Tecovice,72,RL,--3-----,1701,,4913N 01735E,
,CZ,SHC,Tehovec,Tehovec,ST,RL,-----6--,0901,,4959N 14440E,
,CZ,TLC,Telc,Telc,JM,RL,--3-----,0901,,4911N 01528E,
,CZ,TC9,Telce,Telce,ST,RL,--3-----,1307,,5018N 01359E,
,CZ,CET,Telnice,Telnice,,RQ,-----6--,0907,,5044N 01358E,
,CZ,TML,Temelín,Temelin,JC,RL,-23-----,0901,,4912N 01421E,
,CZ,TEP,Teplice,Teplice,,AA,-23-----,9701,,,
,CZ,TNM,Teplice nad Metují,Teplice nad Metuji,KR,RL,--3-----,1301,,5036N 01611E,
,CZ,TPL,Teplá,Tepla,KA,RL,--3-----,1501,,4959N 01252E,
,CZ,UTN,Terezin,Terezin,US,RL,-----6--,0901,,5031N 01409E,
,CZ,TES,Tesovice,Tesovice,JC,RL,--3-----,0901,,4903N 01401E,
,CZ,ATH,Tichá,Ticha,MO,RL,--3-----,1301,,4934N 01814E,
,CZ,TSC,Tisice,Tisice,ST,RL,--3-----,0901,,5016N 01433E,
,CZ,TIS,Tisnov,Tisnov,JM,RL,123-----,0507,,4921N 01626E,
,CZ,TLU,Tlumacov,Tlumacov,ZL,RL,-----6--,1201,,4915N 01730E,
,CZ,TOP,Topolna,Topolna,ZL,RL,--3-----,0701,,4907N 01732E,
,CZ,TOM,Touzim,Touzim,,RL,123-----,0601,,5004N 01259E,
,CZ,TOV,Tovacov,Tovacov,OL,RL,--3-----,0507,,4926N 01717E,
,CZ,MTE,Tranovice,Tranovice,MO,RL,-----6--,0901,,4942N 01833E,
,CZ,TRV,Trebarov,Trebarov,PA,RL,--3-----,0701,,4950N 01643E,
,CZ,TPO,Trebechovice pod Orebem,Trebechovice pod Orebem,,RQ,--3-----,0607,,5012N 01559E,
,CZ,TBE,Treben,Treben,41,RL,--3-----,1707,,5008N 01224E,
,CZ,TRN,Trebenice,Trebenice,US,RL,--3-----,0901,,5028N 01359E,
,CZ,TSO,Trebestovice,Trebestovice,,RQ,--3--6--,0607,,5006N 01457E,
,CZ,TBN,Trebon,Trebon,JC,RL,-----6--,0901,,4901N 01447E,
,CZ,TBD,Treboradice,Treboradice,,RQ,--3-----,0607,,5010N 01431E,
,CZ,TRE,Trebotov,Trebotov,,RQ,--3-----,0901,,,
,CZ,TRB,Trebíc,Trebic,,AA,-23-----,0212,,4913N 01553E,
,CZ,TBV,Trebísov,Trebisov,PL,RL,--3-----,0701,,4926N 01325E,
,CZ,TMO,Tremosnice,Tremosnice,PA,RL,--3-----,1401,,4953N 01535E,
,CZ,TMS,Tremosná,Tremosna,PL,RL,--3-----,1601,,4949N 01324E,
,CZ,TRT,Trest,Trest,VY,RQ,-----6--,0907,,4917N 01529E,
,CZ,THV,Trhanov,Trhanov,PL,RL,--3-----,1601,,4925N 01251E,
,CZ,TSY,Trhove Sviny,Trhove Sviny,JC,RQ,--3-----,0901,,,
,CZ,STO,Trhovy Stepanov,Trhovy Stepanov,ST,RL,-----6--,0901,,4942N 01501E,
,CZ,THS,Trhové Sviny,Trhove Sviny,JC,RL,--3-----,1307,,4850N 01438E,
,CZ,TNC,Trinec,Trinec,,AA,-23-5---,9509,,,
,CZ,TRM,Trmice,Trmice,,RL,-23-----,0307,,5039N 01400E,
,CZ,VKA,Trnavka,Trnavka,PA,RQ,1----6--,0907,,5002N 01528E,
,CZ,TRO,Trnovany,Trnovany,US,RQ,--3-----,0901,,,
,CZ,TBO,Troubsko,Troubsko,JM,RL,--3-----,0701,,4910N 01630E,
,CZ,TRS,Trsice,Trsice,OL,RL,--3-----,1401,,4933N 01726E,
,CZ,TRU,Trutnov,Trutnov,,AA,-23-----,9701,,,
,CZ,TPC,Tucapy,Tucapy,ZL,RL,--3-----,1501,,4902N 01719E,
,CZ,TUC,Tuchomerice,Tuchomerice,PR,RL,1----6--,0901,,5008N 01417E,
,CZ,TUP,Tupesy,Tupesy,ZL,RL,--3-----,1201,,4905N 01722E,
,CZ,TUR,Turnov,Turnov,,AA,-23-----,9509,,,
,CZ,TSK,Tursko,Tursko,ST,RQ,--3--6--,0901,,5012N 01420E,
,CZ,TVC,Tvorovice,Tvorovice,OL,RL,--3-----,1207,,4923N 01713E,
,CZ,TDI,Tvrdonice,Tvrdonice,JM,RL,--3--6--,0507,,4846N 01700E,
,CZ,TNV,Tyn nad Vltavou,Tyn nad Vltavou,JC,RL,--3-----,0901,,4914N 01425E,
,CZ,TNO,Tyniste nad Orlici,Tyniste nad Orlici,KR,RQ,--3-----,0901,,,
,CZ,TAB,Tábor,Tabor,JC,RL,-----6--,1107,,4924N 01439E,
,CZ,TYL,Týnec nad Labem,Tynec nad Labem,ST,RN,-23-----,0501,,5002N 01521E,
,CZ,TAS,Týnec nad Sázavou,Tynec nad Sazavou,,RL,--3-----,0607,,4949N 01438E,
,CZ,TEC,Těchonín,Těchonin,PA,RL,--3-----,1301,,5004N 01637E,
,CZ,TZK,Těrlicko,Těrlicko,MO,RL,--3-----,1301,,4944N 01830E,
,CZ,UH2,Uhersky Ostroh,Uhersky Ostroh,ZL,RQ,-----6--,1001,,4859N 01723E,
,CZ,UHE,Uherské Hradiste,Uherske Hradiste,,AA,-234----,0212,,4904N 01727E,
,CZ,UBR,Uherský Brod,Uhersky Brod,JM,RL,-23-----,0501,,4902N 01739E,
,CZ,SJV,Uhlirske Janovice,Uhlirske Janovice,,RQ,-----6--,1001,,4953N 01504E,
,CZ,UKY,Uholicky,Uholicky,20,RL,--3-----,1801,,5010N 01420E,
,CZ,UJZ,Ujezd,Ujezd,ZL,RL,--3--6--,1207,,4910N 01754E,
,CZ,UJE,Ujezdecek,Ujezdecek,42,RL,--3-----,1801,,5038N 01350E,
,CZ,UHO,Unhost,Unhost,ST,RL,--3-----,0907,,5005N 01408E,
,CZ,UCV,Unicov,Unicov,,RL,--3-----,0201,,4946N 01707E,
,CZ,UPI,Upice,Upice,KR,RL,--3-----,1401,,5031N 01601E,
,CZ,USV,Usov,Usov,,RL,--3-----,0212,,4948N 01701E,
,CZ,ULN,Ustí nad Labem,Usti nad Labem,,AA,123-5---,0212,,5040N 01402E,
,CZ,UVY,Uvaly,Uvaly,ST,RQ,--3-----,0901,,5005N 01444E,
,CZ,UZK,Uzice,Uzice,ST,RQ,--3-----,0901,,,
,CZ,JVV,Vacov,Vacov,JC,RL,-----6--,0901,,4908N 01344E,
,CZ,VPK,Valasska Polanka,Valasska Polanka,ZL,RL,--3-----,1501,,4915N 01800E,
,CZ,ZVY,Valasske Klobouky,Valasske Klobouky,ZL,RL,-----6--,0901,,4909N 01800E,
,CZ,VPL,Valasská Polanka,Valasska Polanka,72,RL,--3-----,1701,,4915N 01800E,
,CZ,VMZ,Valasské Mezirící,Valasske Mezirici,,AA,-23-----,0212,,4928N 01758E,
,CZ,VTC,Valtice,Valtice,JM,RL,--3-----,0501,,4845N 01645E,
,CZ,SKL,Valtínov,Valtinov,,RL,--3-----,0307,,4906N 01516E,
,CZ,VMB,Vamberk,Vamberk,,RL,-----6--,0601,,5006N 01617E,
,CZ,VNA,Vanovice,Vanovice,JM,RL,--3-----,1407,,4934N 01640E,
,CZ,VNE,Vanovice,Vanovice,ST,RL,--3-----,1407,,5015N 01457E,
,CZ,VFA,Varnsdorf,Varnsdorf,,AA,-23----B,9701,,,
,CZ,VAS,Vasirov,Vasirov,ST,RL,--3-----,1607,,5008N 01357E,
,CZ,VEJ,Vejprnice,Vejprnice,PL,RL,-23-----,0701,,4944N 01317E,
,CZ,VPT,Vejprty,Vejprty,US,RL,--3-----,0901,,5030N 01302E,
,CZ,VLC,Velecin,Velecin,PL,RL,--3-----,0901,,5005N 01324E,
,CZ,VB2,Veleliby,Veleliby,ST,RL,--3-----,1601,,5013N 01501E,
,CZ,VMY,Velemysleves,Velemysleves,US,RL,--3-----,1407,,5024N 01334E,
,CZ,VLN,Velen,Velen,,RL,--3-----,0601,,5009N 01432E,
,CZ,VLS,Velesin,Velesin,JC,RL,--3-----,0901,,4850N 01428E,
,CZ,VEL,Veletov,Veletov,ST,RN,--3-----,0501,,5002N 01518E,
,CZ,VES,Velika Ves,Velika Ves,JC,RQ,1-------,1101,,,
,CZ,VUK,Velim u Kolina,Velim u Kolina,,RL,--3-----,0901,,5003N 01506E,
,CZ,VDA,Velka Dobra,Velka Dobra,,RL,--3-----,0901,,5006N 01404E,
,CZ,VHS,Velka Hled'sebe,Velka Hled'sebe,KA,RL,--3-----,0901,,4958N 01240E,
,CZ,VPM,Velka Polom,Velka Polom,MO,RQ,-----6--,0907,,4952N 01806E,
,CZ,CMO,Velke Hostice,Velke Hostice,MO,RL,--3-----,1601,,4956N 01758E,
,CZ,VPA,Velke Pavlovice,Velke Pavlovice,JM,RL,--3-----,1207,,4854N 01649E,
,CZ,VPC,Velke Porici,Velke Porici,KR,RQ,--3-----,0901,,5028N 01611E,
,CZ,VBT,Velká Bystrice,Velka Bystrice,OL,RL,--3-----,1401,,4936N 01721E,
,CZ,VEB,Velká Bítes,Velka Bites,,RL,--3-----,0212,,4918N 01613E,
,CZ,VLX,Velká Losenice,Velka Losenice,63,RL,--3-----,1801,,4935N 01550E,
,CZ,VNV,Velká nad Velickou,Velka nad Velickou,,AA,--3----B,0212,,4853N 01732E,
,CZ,LKE,Velké Brezno,Velke Brezno,42,RL,--3-----,1707,,5040N 01409E,
,CZ,VBO,Velké Bílovice,Velke Bilovice,JM,RL,--3-----,0701,,4851N 01655E,
,CZ,VKC,Velké Karlovice,Velke Karlovice,,AA,--3----B,0212,,4922N 01818E,
,CZ,VMI,Velké Mezirící,Velke Mezirici,,RL,--3-----,0212,,4921N 01601E,
,CZ,VMC,Velké Nemcice,Velke Nemcice,64,RL,--3-----,1701,,4859N 01640E,
,CZ,VCE,Velké Opatovice,Velke Opatovice,,RL,-23-----,0607,,4936N 01641E,
,CZ,VPO,Velké Popovice,Velke Popovice,ST,RL,--3-----,0501,,4956N 01437E,
,CZ,VOS,Velký Osek,Velky Osek,ST,RN,-23-----,0501,,5006N 01510E,
,CZ,VKS,Velký Senov,Velky Senov,US,RL,--3-----,1307,,5059N 01423E,
,CZ,TYC,Velký Týnec,Velky Tynec,OL,RL,--3-----,1201,,4933N 01720E,
,CZ,VLT,Veltruby,Veltruby,ST,RN,-23-----,0501,,5005N 01510E,
,CZ,VVY,Velvary,Velvary,ST,RQ,--3-----,0901,,5017N 01415E,
,CZ,VLV,Velvety,Velvety,US,RL,--3-----,0901,,5036N 01353E,
,CZ,VIC,Vermerovice,Vermerovice,PA,RL,-----6--,0901,,5000N 01634E,
,CZ,VNC,Vernerice,Vernerice,US,RQ,--3-----,0901,,5040N 01419E,
,CZ,VER,Verovice,Verovice,80,RL,--3-----,1807,,4933N 01807E,
,CZ,JVI,Veseli nad Luznici,Veseli nad Luznici,JC,RL,-----6--,0901,,4911N 01442E,
,CZ,VNM,Veselí nad Moravou,Veseli nad Moravou,JM,RL,-23-----,0901,,,
,CZ,PRC,Vestec,Vestec,PR,RQ,--3-----,0901,,,
,CZ,VEE,Vestec,Vestec,ST,RL,--3-----,0901,,4959N 01431E,
,CZ,VTK,Vetrkovice,Vetrkovice,MO,RL,--3-----,1407,,4947N 01750E,
,CZ,VTI,Vetrní,Vetrni,JC,RL,--3-----,0701,,4846N 01417E,
,CZ,VAA,Veverská Bityska,Veverska Bityska,,RL,123-----,0607,,4917N 01627E,
,CZ,VVK,Veverské Knínice,Veverske Kninice,JM,RL,--3-----,1301,,4914N 01625E,
,CZ,VNJ,Vichova nad Jizerou,Vichova nad Jizerou,LI,RL,--3-----,0901,,5038N 01530E,
,CZ,VVC,Vidovice,Vidovice,ST,RL,--3-----,1501,,4956N 01440E,
,CZ,OVE,Vikyrovice,Vikyrovice,OL,RL,-----6--,0901,,4959N 01701E,
,CZ,VIL,Vilémov,Vilemov,US,RL,--3-----,1301,,5058N 01420E,
,CZ,VIM,Vimperk,Vimperk,,AA,-23-----,9509,,,
,CZ,VNI,Vinarice,Vinarice,ST,RL,--3-----,0901,,4953N 01406E,
,CZ,VNR,Vinor,Vinor,PR,RL,--3-----,0207,,5009N 01435E,
,CZ,VIN,Vintirov,Vintirov,KA,RL,-----6--,0901,,5023N 12718E,
,CZ,VSN,Visnove,Visnove,JM,RQ,--3-----,0901,,4859N 01609E,
,CZ,MOV,Vitkov,Vitkov,MO,RQ,--3-----,0901,,,
,CZ,VZI,Vizovice,Vizovice,ZL,RL,--3-----,0701,,4913N 01752E,
,CZ,VLM,Vlasim,Vlasim,,RL,--3-----,0401,,4942N 01454E,
,CZ,VLK,Vlkos,Vlkos,JM,RL,--3-----,1301,,4859N 01710E,
,CZ,VDY,Vodnany,Vodnany,31,RL,--3-----,1801,,4909N 01411E,
,CZ,VOO,Vodochody,Vodochody,US,RL,--3-----,1601,,5022N 01415E,
,CZ,VJO,Vojkovice,Vojkovice,ST,RL,--3-----,0207,,5018N 01300E,
,CZ,VJA,Vojtanov,Vojtanov,,AA,-23----B,9701,,,
,CZ,VRY,Volary,Volary,,RQ,1-3-----,0607,,,
,CZ,VCR,Volduchy,Volduchy,,RL,--3-----,0601,,4947N 01337E,
,CZ,VYN,Volyne,Volyne,JC,RL,--3-----,1201,,4910N 01353E,
,CZ,VRV,Vortová,Vortova,PA,RL,--3-----,1601,,4943N 01556E,
,CZ,VOT,Votice,Votice,,RL,--3-----,0901,,4939N 01439E,
,CZ,VRX,Vraclav,Vraclav,PA,RL,--3-----,1607,,4958N 01605E,
,CZ,VVR,Vracov,Vracov,JM,RL,--3-----,1307,,4858N 01712E,
,CZ,VNY,Vranany,Vranany,,RQ,--3-----,0607,,5019N 01420E,
,CZ,VRN,Vrané nad Vltavou,Vrane nad Vltavou,ST,RN,-23-----,0501,,4957N 01424E,
,CZ,VTM,Vratimov,Vratimov,MO,RQ,--3-----,0901,,,
,CZ,VRZ,Vraz,Vraz,ST,RL,-23-----,0701,,4959N 01409E,
,CZ,VTW,Vrbatky,Vrbatky,OL,RL,--3-----,1501,,4930N 01712E,
,CZ,VRB,Vrbicany,Vrbicany,US,RL,--3-----,1607,,5028N 01405E,
,CZ,VPP,Vrbno pod Pradedem,Vrbno pod Pradedem,MO,RQ,-----6--,0907,,5007N 01722E,
,CZ,VBC,Vrbovec,Vrbovec,JM,RL,--3-----,1301,,4849N 01606E,
,CZ,VRC,Vrchlabí,Vrchlabi,,AA,-23-----,0212,,5037N 01536E,
,CZ,VRJ,Vrchotovy Janovice,Vrchotovy Janovice,20,RL,--3-----,1707,,4941N 01436E,
,CZ,VSA,Vresina,Vresina,MO,RQ,-----6--,0907,,4957N 01812E,
,CZ,VRE,Vresova,Vresova,KA,RQ,--3-----,0901,,,
,CZ,VSV,Vsechov,Vsechov,JC,RL,--3-----,1301,,4926N 01437E,
,CZ,VHV,Vsechovice,Vsechovice,OL,RL,--3-----,1307,,4928N 01746E,
,CZ,VHY,Vsechromy,Vsechromy,PR,RQ,--3-----,0901,,4957N 01439E,
,CZ,VLB,Vselibice,Vselibice,LI,RQ,--3-----,0901,,,
,CZ,VSX,Vseliby,Vseliby,52,RL,--3-----,1801,,5026N 01605E,
,CZ,VSD,Vseradice,Vseradice,ST,RQ,-----6--,1007,,4953N 01407E,
,CZ,VBY,Vseruby,Vseruby,,AA,--3----B,9701,,,
,CZ,VSE,Vsetaty,Vsetaty,,RL,-23-----,0701,,5017N 01436E,
,CZ,VST,Vsetín,Vsetin,,AA,-23-----,0212,,4920N 01800E,
,CZ,VKV,Vyskov,Vyskov,,AA,-23-----,9509,,,
,CZ,VYS,Vyskytna,Vyskytna,VY,RL,--3-----,0901,,4926N 01522E,
,CZ,VYC,Vysocany,Vysocany,PL,RL,--3-----,0701,,4942N 01245E,
,CZ,VCH,Vysoky Chlumec,Vysoky Chlumec,,RL,--3-----,0601,,4937N 01423E,
,CZ,VKL,Vysoká Liben,Vysoka Liben,ST,RL,-----6--,1201,,5021N 01440E,
,CZ,SVP,Vysoká Pec,Vysoka Pec,US,RL,--3-----,1401,,5031N 01328E,
,CZ,VMO,Vysoké Myto,Vysoke Myto,,AA,-234----,0212,,4957N 01610E,
,CZ,VVI,Vysoké Veselí,Vysoke Veseli,KR,RL,--3-----,1101,,5019N 01526E,
,CZ,OYE,Vysovice,Vysovice,OL,RL,-----6--,0901,,4925N 01708E,
,CZ,VYB,Vyssi Brod,Vyssi Brod,31,RL,--3-----,1701,,4837N 01419E,
,CZ,ZBC,Zabcice,Zabcice,JM,RL,--3-----,1401,,4901N 01636E,
,CZ,ZAY,Zabokrky,Zabokrky,KR,RL,--3-----,0901,,5030N 01612E,
,CZ,ZNM,Zabreh na Morave,Zabreh na Morave,,RQ,--3-----,0607,,,
,CZ,ZCR,Zaclér,Zacler,,RL,--3-----,0212,,5039N 01554E,
,CZ,ZZB,Zadni Zborovice,Zadni Zborovice,JC,RL,--3-----,0901,,4920N 01351E,
,CZ,ZAH,Zahostice,Zahostice,JC,RQ,--3-----,0901,,,
,CZ,ZJI,Zajecí,Zajeci,JM,RL,-23-----,0701,,4853N 01648E,
,CZ,ZKP,Zakupy,Zakupy,LI,RQ,--3-----,0901,,5041N 01439E,
,CZ,ZLA,Zalany,Zalany,US,RL,--3-----,1401,,5035N 01354E,
,CZ,ZAZ,Zaluzany,Zaluzany,ST,RL,--3-----,0901,,4933N 01405E,
,CZ,ZAM,Zamberk,Zamberk,,AA,-23-----,9701,,,
,CZ,SWQ,Zaravice,Zaravice,PA,RL,--3-----,1501,,5006N 01534E,
,CZ,ZAS,Zasmuky,Zasmuky,ST,RL,--3-----,0901,,4957N 01502E,
,CZ,ZSV,Zasová,Zasova,ZL,RL,--3-----,1601,,4929N 01803E,
,CZ,ZUB,Zastávka,Zastavka,JC,RL,-23-----,0901,,4912N 01622E,
,CZ,Z2Q,Zatcany,Zatcany,JM,RL,--3-----,1601,,4905N 01644E,
,CZ,ZAT,Zatec,Zatec,,AA,-23-5---,9701,,,
,CZ,ZZE,Zborovice,Zborovice,ZL,RL,-----6--,0901,,4915N 01717E,
,CZ,ZLE,Zbraslavice,Zbraslavice,ST,RQ,-----6--,0907,,4949N 01511E,
,CZ,PZH,Zbuch,Zbuch,PL,RL,-----6--,0901,,4941N 01313E,
,CZ,ZBU,Zbuzany,Zbuzany,,RQ,--3-----,0607,,5001N 01416E,
,CZ,ZBL,Zbyslavice,Zbyslavice,MO,RL,--3-----,1601,,4948N 01805E,
,CZ,JZB,Zbysov,Zbysov,JM,RL,-----6--,0901,,4909N 01620E,
,CZ,ZDR,Zd'ár u Mnichova Hradiste,Zd'ar u Mnichova Hradiste,ST,RL,--3-----,1307,,5032N 01504E,
,CZ,ZDM,Zdar nad Metuji,Zdar nad Metuji,KR,RQ,-----6--,0907,,5033N 01612E,
,CZ,ZDE,Zdechovice,Zdechovice,PA,RL,--3-----,1401,,5001N 01528E,
,CZ,ZBY,Zdiby,Zdiby,,RQ,--3-----,0607,,5010N 01427E,
,CZ,ZDI,Zdice,Zdice,ST,RL,-23-----,0901,,4954N 01359E,
,CZ,ZDK,Zdikov,Zdikov,JC,RL,--3-----,0901,,4905N 01342E,
,CZ,LZC,Zdirec,Zdirec,LI,RL,-----6--,0901,,5031N 01437E,
,CZ,L4L,Zdislavice,Zdislavice,ZL,RL,--3-----,1501,,4913N 01716E,
,CZ,ZDC,Zdislavice,Zdislavice,ST,RL,--3-----,1607,,4941N 01459E,
,CZ,ZDV,Zdislavice,Zdislavice,20,RL,--3-----,1701,,4941N 01459E,
,CZ,ZCE,Zdánice,Zdanice,JM,RL,--3-----,1607,,4904N 01702E,
,CZ,ZDA,Zdánice,Zdanice,,RL,-23-----,0701,,4904N 01703E,
,CZ,ZCK,Zdánice (Kolín),Zdanice (Kolin),ST,RQ,-----6--,1001,,4958N 01457E,
,CZ,ZNS,Zdár nad Sázavou,Zdar nad Sazavou,VY,AA,-23-----,1101,,4934N 01557E,
,CZ,ZND,Zdírec Nad Doubravkou,Zdirec Nad Doubravkou,VY,RL,--3-----,0507,,4942N 01549E,
,CZ,ZEB,Zebrák,Zebrak,,RL,--3-----,0212,,4952N 01354E,
,CZ,ZTE,Zelatovice,Zelatovice,OL,RQ,-----6--,0907,,4926N 01730E,
,CZ,ZLC,Zelechovice,Zelechovice,OL,RL,--3-----,0907,,4945N 01709E,
,CZ,ZCD,Zelechovice nad Drevnicí,Zelechovice nad Drevnici,ZL,RL,-23-----,0901,,4913N 01745E,
,CZ,ZEL,Zelenec,Zelenec,ST,RL,--3-----,1101,,5008N 01440E,
,CZ,ZLK,Zelenky,Zelenky,,RQ,--3-----,0607,,5036N 01346E,
,CZ,ZTV,Zeletava,Zeletava,VY,RQ,--3-----,0901,,4908N 01541E,
,CZ,SZE,Zelevcice,Zelevcice,ST,RL,-----6--,0901,,5016N 01406E,
,CZ,Z8K,Zeleznice,Zeleznice,KR,RL,--3-----,1501,,5028N 01522E,
,CZ,ZYB,Zelezny Brod,Zelezny Brod,LI,RQ,--3-----,0901,,5038N 01515E,
,CZ,RDA,Zelezná Ruda,Zelezna Ruda,,AA,--3----B,0212,,4908N 01314E,
,CZ,ZLV,Zidlochovice,Zidlochovice,JM,RL,--3-----,0701,,4902N 01638E,
,CZ,ZIV,Zirovnice,Zirovnice,JC,RL,--3-----,0207,,4919N 01511E,
,CZ,ZIT,Zitkova,Zitkova,ZL,RL,--3-----,1601,,4859N 01753E,
,CZ,ZIZ,Zizice,Zizice,ST,RL,--3-----,1601,,5015N 01409E,
,CZ,KOA,Zlata Koruna,Zlata Koruna,JC,RL,--3-----,1501,,4851N 01423E,
,CZ,ZHR,Zlate Hory,Zlate Hory,,AA,--3----B,9701,,,
,CZ,ZLB,Zleby,Zleby,ST,RL,-----6--,1107,,4954N 01529E,
,CZ,ZLN,Zlin,Zlin,,AA,-234----,9701,,,
,CZ,ZLI,Zliv,Zliv,JC,RQ,-----6--,0907,,4903N 01421E,
,CZ,ZNC,Zlonice,Zlonice,ST,RQ,-----6--,0907,,5017N 01405E,
,CZ,ZLU,Zlunice,Zlunice,,RL,--3-----,1107,,5030N 01538E,
,CZ,ZCN,Zlícín,Zlicin,PR,RQ,--3--6--,1001,,5004N 01417E,
,CZ,ZMO,Znojmo,Znojmo,,AA,-23-----,9701,,,
,CZ,ZUC,Zruc,Zruc,32,RL,--3-----,1801,,4948N 01326E,
,CZ,ZRS,Zruc nad Sázavou,Zruc nad Sazavou,ST,RL,--3-----,0507,,4944N 01506E,
,CZ,ZBR,Zubri,Zubri,ZL,RL,--3-----,1301,,4929N 01805E,
,CZ,OZA,Zulova,Zulova,OL,RL,-----6--,0901,,5019N 01706E,
,CZ,ZVE,Zverínek,Zverinek,,RL,-23-----,0701,,5009N 01500E,
,CZ,ZVO,Zvoleneves,Zvoleneves,ST,RL,--3-----,1207,,5014N 01411E,
,CZ,ZAB,Zábreh,Zabreh,OL,RL,-23-----,0701,,4953N 01652E,
,CZ,ZHI,Záhorí,Zahori,LI,RL,--3-----,1101,,5037N 01516E,
,CZ,ZKY,Zákolany,Zakolany,ST,RL,-23-----,0701,,5012N 01414E,
,CZ,ZRK,Zámrsk,Zamrsk,PA,RL,--3-----,1101,,4959N 01609E,
,CZ,ZRY,Záryby,Zaryby,20,RL,--3-----,1801,,5013N 01438E,
,CZ,UHC,Úhelnice,Uhelnice,ST,RL,--3-----,0701,,5027N 01500E,
,CZ,UMN,Úmonín,Umonin,ST,RL,--3-----,1301,,4953N 01516E,
,CZ,UBO,Úsobrno,Usobrno,JM,RL,--3-----,1401,,4936N 01646E,
,CZ,UST,Ústek,Ustek,US,RL,--3-----,1601,,5035N 01421E,
,CZ,UOI,Ústí nad Orlicí,Usti nad Orlici,,RL,--3-----,0201,,4958N 01623E,
,CZ,UVA,Úvalno,Uvalno,MO,RL,-23-----,0701,,5003N 01745E,
,CZ,CYD,Černý Dŭl,Černy Dŭl,KR,RL,--3-----,1301,,5038N 01543E,
,CZ,CVA,Červená Voda,Červena Voda,PA,RL,--3-----,1301,,5002N 01645E,
