,AT,MDF,"Mollersdorf, Tull an der Donau","Mollersdorf, Tull an der Donau",3,RL,--3-----,0407,,4822N 01600E,
,AT,MLD,"Mollersdorf, Baden","Mollersdorf, Baden",3,RL,--3-----,1301,,4801N 01618E,
,AT,ABC,Abfaltersbach,Abfaltersbach,7,RL,--3-----,1707,,4645N 01232E,
,AT,ABS,Absam,Absam,7,RL,--3-----,0901,,4718N 01130E,
,AT,ABT,Abtenau,Abtenau,5,RQ,--3-----,1101,,4733N 01321E,
,AT,AWD,Abwinden,Abwinden,4,RL,-23-----,0507,,4816N 01426E,
,AT,FG7,Achau,Achau,,RQ,1----6--,0907,,4840N 16230W,
,AT,ACK,Achenkirch,Achenkirch,7,RL,--3-----,1301,,4731N 01142E,
,AT,AND,Aderklaa,Aderklaa,3,RL,--3-----,0901,,4817N 01632E,
,AT,AWG,Adlwang,Adlwang,,RL,--3-----,0601,,4759N 01413E,
,AT,ADO,Admont,Admont,6,RL,-23-----,0701,,4734N 01427E,
,AT,SAD,Adnet,Adnet,5,RL,-----6--,0901,,4741N 01308E,
,AT,AFR,Afritz,Afritz,,RL,--3-----,0607,,4643N 01348E,
,AT,AGG,Aggsbach Dorf,Aggsbach Dorf,3,RL,--3-----,1001,,4817N 01525E,
,AT,AGM,Aggsbach Markt,Aggsbach Markt,3,RL,--3-----,1407,,4818N 01524E,
,AT,ACH,Aich,Aich,2,RL,--3-----,0207,,4635N 01402E,
,AT,AIN,Aigen,Aigen,4,RQ,-----6--,1007,,4830N 01354E,
,AT,AIG,Aigen im Mühlkreis,Aigen im Muhlkreis,,RL,--3-----,0201,,4838N 01357E,
,AT,ARO,Albersdorf,Albersdorf,6,RL,--3-----,0701,,4707N 01541E,
,AT,AKV,Alkoven,Alkoven,4,RL,--3-----,0207,,4817N 01406E,
,AT,ALE,Allentsteig,Allentsteig,,RL,--3-----,0901,,4841N 01519E,
,AT,ALH,Allerheiligen,Allerheiligen,6,RL,--3-----,0901,,4654N 01533E,
,AT,ALL,Allhaming,Allhaming,4,RL,--3-----,0701,,4809N 01410E,
,AT,NAL,Allhartsberg,Allhartsberg,3,RL,--3--6--,0901,,4801N 01447E,
,AT,AL9,Alpbach,Alpbach,7,RL,--3-----,1407,,4724N 01157E,
,AT,ATH,Altach,Altach,8,RL,-23--6--,0501,,4721N 00939E,
,AT,ATS,Altaussee,Altaussee,6,RL,-----6--,0901,,4738N 01346E,
,AT,AL4,Altenberg,Altenberg,3,RL,--3-----,1301,,4820N 01614E,
,AT,AGZ,Altenberg bei Linz,Altenberg bei Linz,4,RL,--3-----,1207,,4822N 01420E,
,AT,RUG,Altenburg,Altenburg,3,RL,--3-----,1701,,4838N 01535E,
,AT,AMK,Altenmarkt,Altenmarkt,,RQ,--3-----,9501,,,
,AT,ALK,Altenmarkt im Pongau,Altenmarkt im Pongau,,RL,--3-----,0201,,4722N 01325E,
,AT,AWH,Altenwörth,Altenworth,3,RL,1-3-----,0507,,4823N 01551E,
,AT,AHI,Altheim,Altheim,4,RL,--3-----,0701,,4815N 01314E,
,AT,AHO,Althofen,Althofen,,RL,-23-----,0607,,4652N 01429E,
,AT,ALT,Althofen,Althofen,,RL,--3-----,0201,,4709N 01414E,
,AT,ATG,Altlengbach,Altlengbach,,RL,--3-----,0201,,4809N 01555E,
,AT,AMU,Altmuenster,Altmuenster,4,RL,--3-----,0307,,4754N 01345E,
,AT,AMS,Ameis,Ameis,3,RL,--3-----,1107,,4840N 01632E,
,AT,ZAD,Ampflwang im Hausruckwald,Ampflwang im Hausruckwald,4,RL,-23--6--,1301,,4806N 01334E,
,AT,ATT,Amstetten,Amstetten,3,RL,--3-----,1607,,4807N 01452E,
,AT,ADU,Andau,Andau,,RL,--3-----,0607,,4746N 01702E,
,AT,ABU,Andelsbuch,Andelsbuch,8,RL,--3-----,1501,,4724N 00953E,
,AT,RCH,Andrichsfurt,Andrichsfurt,4,RL,--3-----,1601,,4815N 01331E,
,AT,ANR,Anger,Anger,6,RL,--3-----,0901,,4716N 01541E,
,AT,ERG,Angerberg,Angerberg,7,RL,--3-----,1801,,4730N 01202E,
,AT,ANF,Anif,Anif,,RQ,--3-----,9806,,,
,AT,ANS,Ansfelden,Ansfelden,4,RL,-23-----,0401,,4812N 01417E,
,AT,TNU,Antau,Antau,1,RL,--3-----,1607,,4746N 01629E,
,AT,ARG,Anthering,Anthering,,RL,-23-----,0607,,4752N 01301E,
,AT,AHN,Antiesenhofen,Antiesenhofen,,RQ,0-------,9307,,,
,AT,APT,Apetlon,Apetlon,1,RQ,--3-----,1101,,4745N 01650E,
,AT,ARB,Arbesthal,Arbesthal,3,RL,--3-----,1207,,4804N 01642E,
,AT,ARI,Arbing,Arbing,4,RL,-----6--,1807,,4813N 01442E,
,AT,ADG,Ardagger,Ardagger,3,RL,--3-----,1301,,4810N 01449E,
,AT,AOT,Arnoldstein,Arnoldstein,,RL,--3-----,0201,,4633N 01342E,
,AT,ASC,Aschach an der Donau,Aschach an der Donau,4,RL,--3-----,0401,,4822N 01402E,
,AT,ADS,Aschach an der Steyr,Aschach an der Steyr,4,RL,-----6--,1301,,4800N 01420E,
,AT,ABM,Aschbach Markt,Aschbach Markt,3,RL,-23-----,0701,,4804N 01445E,
,AT,APG,Aspang,Aspang,3,RL,-23-----,0701,,4733N 01605E,
,AT,ASP,Aspern,Aspern,,RQ,0-------,9004,,,
,AT,ATN,Asten,Asten,4,RL,123-----,0507,,4813N 01424E,
,AT,ATP,Attnang-Puchheim,Attnang-Puchheim,4,RL,-23-----,0401,,4800N 01343E,
,AT,ATB,Atzbach,Atzbach,4,RL,--3-----,1607,,4805N 01342E,
,AT,ATZ,Atzenbrugg,Atzenbrugg,3,RL,-----6--,1301,,4817N 01554E,
,AT,ADD,Au an der Donau,Au an der Donau,,RQ,--3-----,1007,,4813N 01434E,
,AT,ARN,Auern,Auern,4,RQ,--3-----,1101,,4759N 01407E,
,AT,UER,Auersthal,Auersthal,,RL,-23-----,0607,,4822N 01638E,
,AT,ABK,Aurach Bei Kitzbuhel,Aurach Bei Kitzbuhel,7,RQ,-----6--,1001,,4744N 01230W,
,AT,ALZ,Aurolzmünster,Aurolzmunster,,RL,-23-----,0607,,4815N 01327E,
,AT,AUE,Bad Aussee,Bad Aussee,6,RL,--3-----,1607,,4735N 01346E,
,AT,BDG,Bad Deutsch-Altenburg,Bad Deutsch-Altenburg,3,RL,--3-----,1101,,4808N 01654E,
,AT,BRH,Bad Erlach,Bad Erlach,3,RL,--3-----,1401,,4744N 01612E,
,AT,BFI,Bad Fischau,Bad Fischau,,RL,-23-----,0607,,4750N 01610E,
,AT,BGC,Bad Gleichenberg,Bad Gleichenberg,,RL,--3-----,0001,,,
,AT,BGM,Bad Goisern,Bad Goisern,4,RQ,--3-----,1101,,4738N 01337E,
,AT,BHL,Bad Hall,Bad Hall,,RL,--3-----,0601,,4802N 01412E,
,AT,ICH,Bad Ischl,Bad Ischl,,RL,--3-----,0201,,4742N 01336E,
,AT,BKZ,Bad Kreuzen,Bad Kreuzen,,RQ,--3-----,9705,,,
,AT,BFL,Bad Leonfelden,Bad Leonfelden,4,RL,--3-----,0207,,4831N 01417E,
,AT,BMF,Bad Mitterndorf,Bad Mitterndorf,6,RQ,--3-----,0507,,4733N 01355E,
,AT,BKB,Bad Radkersburg,Bad Radkersburg,6,RQ,--3-----,1101,,4641N 01559E,
,AT,BSL,Bad Sankt Leonhard im Lavanttal,Bad Sankt Leonhard im Lavanttal,2,RL,-23-----,0212,,4657N 01447E,
,AT,BSB,Bad Sauerbrunn,Bad Sauerbrunn,1,RL,--3-----,1207,,4746N 01620E,
,AT,BSH,Bad Schallerbach,Bad Schallerbach,4,RQ,--3-----,1101,,4814N 01355E,
,AT,BVU,Bad Vigaun,Bad Vigaun,5,RL,--3-----,1307,,4740N 01308E,
,AT,BVL,Bad Vöslau,Bad Voslau,,RL,--3-----,0201,,4757N 01613E,
,AT,BWN,Bad Wimsbach-Neydharting,Bad Wimsbach-Neydharting,4,RL,--3-----,1407,,4804N 01354E,
,AT,BDN,Baden,Baden,,RL,--3-----,0201,,4800N 01614E,
,AT,6KS,Badendorf,Badendorf,6,RL,--3-----,1601,,4651N 01536E,
,AT,BDS,Badersdorf,Badersdorf,1,RL,--3-----,1207,,4712N 01622E,
,AT,BGA,Badgastein,Badgastein,5,RL,-23-5---,1401,,4707N 01308E,
,AT,BDA,Baierdorf bei Anger,Baierdorf bei Anger,6,RQ,--3-----,0907,,4708N 01520E,
,AT,BTE,Baumgarten am Tullnerfeld,Baumgarten am Tullnerfeld,3,RL,--3-----,1407,,4817N 01602E,
,AT,BIB,Baumgarten Im Burgenland,Baumgarten Im Burgenland,1,RL,--3-----,1701,,4744N 01630E,
,AT,BGT,Baumgartenberg,Baumgartenberg,,RL,-23--6--,0601,,4813N 01444E,
,AT,BMB,Behamberg,Behamberg,9,RL,--3-----,0701,,4802N 01430E,
,AT,BGH,Berghausen,Berghausen,6,RL,--3-----,1207,,4642N 01535E,
,AT,BES,Bergheim/Salzburg,Bergheim/Salzburg,,RL,--3-----,0201,,4750N 01301E,
,AT,BNF,Berndorf,Berndorf,,RQ,--3-----,9501,,,
,AT,SXA,Bernhardsthal,Bernhardsthal,3,RL,1-3-----,1307,,4841N 01652E,
,AT,VOR,Bezau,Bezau,8,RL,--3--6--,0901,,4723N 00954E,
,AT,BIE,Biedermannsdorf,Biedermannsdorf,,RL,-23-----,0607,,4805N 01621E,
,AT,BKD,Birkfeld,Birkfeld,6,RQ,-----6--,1201,,4721N 01541E,
,AT,BIS,Bisamberg/Wien,Bisamberg/Wien,,RL,--3-----,0201,,4820N 01621E,
,AT,BFS,Bischofshofen,Bischofshofen,5,RL,123-----,0307,,4725N 01313E,
,AT,BKA,Bleiberg-Kreuth,Bleiberg-Kreuth,2,RQ,--3-----,1101,,4637N 01338E,
,AT,BBG,Bleiburg,Bleiburg,,RL,-23-----,0607,,4635N 01448E,
,AT,BNT,Blindenmarkt,Blindenmarkt,3,RL,-----6--,1301,,4808N 01459E,
,AT,BLU,Bludenz,Bludenz,,RL,--3-----,0201,,4709N 00949E,
,AT,BND,Brand,Brand,8,RL,--3-----,1307,,4706N 00944E,
,AT,BRD,Brand,Brand,3,RL,--3-----,1307,,4832N 01519E,
,AT,BRA,Braunau am Inn,Braunau am Inn,4,RL,--3--6--,0501,,4815N 01302E,
,AT,BRZ,Bregenz,Bregenz,8,RL,123-----,1307,XGZ,4730N 00946E,
,AT,BTH,Breitenaich,Breitenaich,4,RL,--3-----,1407,,4815N 01358E,
,AT,BTU,Breitenau,Breitenau,3,RL,--3-----,0207,,4744N 01609E,
,AT,ZAE,Breitenau am Hochlantsch,Breitenau am Hochlantsch,6,RL,--3--6--,0901,,4724N 01528E,
,AT,BBN,Breitenbrunn,Breitenbrunn,,RL,--3-----,0201,,4756N 01643E,
,AT,BFW,Breitenfurt bei Wien,Breitenfurt bei Wien,3,RL,--3-----,1401,,4808N 01609E,
,AT,BSZ,Breitenschützing,Breitenschutzing,4,RL,--3-----,1301,,4805N 01348E,
,AT,BWA,Breitenwaida,Breitenwaida,3,RL,--3-----,1207,,4830N 01604E,
,AT,BXT,Brixen im Thale,Brixen im Thale,7,RL,--3-----,0901,,4727N 01215E,
,AT,BXG,Brixlegg,Brixlegg,,RL,--3-----,0201,,4725N 01152E,
,AT,BRG,Bruck an der Glocknerstrasse,Bruck an der Glocknerstrasse,,RL,--3-----,0106,,4717N 01249E,
,AT,BKL,Bruck an der Leitha,Bruck an der Leitha,,RQ,--3-----,9806,,,
,AT,BRU,Bruck an der Mur,Bruck an der Mur,6,RL,--3-----,1607,,4725N 01517E,
,AT,6TA,Bruckbach,Bruckbach,3,RL,--3-----,1601,,4800N 01444E,
,AT,BRN,Brunn,Brunn,,RL,--3-----,0201,,4720N 01459E,
,AT,BAG,Brunn am Gebirge,Brunn am Gebirge,,RL,-23-----,0607,,4807N 01618E,
,AT,BWD,Brunn an der Wild,Brunn an der Wild,3,RL,--3-----,1701,,4841N 01531E,
,AT,NNE,Brunnenthal,Brunnenthal,4,RL,--3-----,1307,,4828N 01327E,
,AT,BRL,Brückl,Bruckl,,RQ,--3-----,0101,,,
,AT,BUC,Buch,Buch,3,RQ,--3-----,1101,,4807N 01502E,
,AT,BHK,Buchkirchen,Buchkirchen,4,RL,--3-----,1701,,4814N 01401E,
,AT,BB9,Burg,Burg,1,RL,--3-----,1401,,4713N 01624E,
,AT,BGK,Burgkirchen,Burgkirchen,4,RQ,--3-----,1301,,4812N 01306E,
,AT,BRB,Bärenbach,Barenbach,6,RQ,--3-----,0501,,4741N 01507E,
,AT,BBH,Bärnbach,Barnbach,,RQ,--3-----,0101,,,
,AT,ZAC,Böheimkirchen,Boheimkirchen,3,RL,-----6--,1301,,4812N 01546E,
,AT,BOE,Böhlerwenk,Bohlerwenk,3,RL,123-----,1207,,4759N 01445E,
,AT,URS,Bürs,Burs,8,RL,-23--6--,1307,,4708N 00948E,
,AT,DAM,Damüls,Damuls,8,RL,--3-----,1801,,4717N 00953E,
,AT,DDT,Dellach im Drautal,Dellach im Drautal,2,RL,--3-----,0901,,4644N 01304E,
,AT,DSU,Desselbrunn,Desselbrunn,4,RL,--3-----,0701,,4801N 01346E,
,AT,DSZ,Deutsch Schutzen,Deutsch Schutzen,,RL,--3-----,0607,,4710N 01627E,
,AT,DWA,Deutsch Wagram,Deutsch Wagram,,RL,123-----,0601,,4818N 01634E,
,AT,DKZ,Deutschkreutz,Deutschkreutz,1,RL,1----6--,1107,,4736N 01638E,
,AT,DEU,Deutschlandsberg,Deutschlandsberg,,RL,--3-----,0201,,4649N 01513E,
,AT,DIA,Dietach,Dietach,4,RL,--3-----,0701,,4805N 01425E,
,AT,DTD,Dietachdorf,Dietachdorf,4,RL,--3-----,1301,,4805N 01425E,
,AT,ERR,Dobermannsdorf,Dobermannsdorf,,RL,1-------,1107,,4836N 01649E,
,AT,D2L,Dobl,Dobl,4,RL,--3-----,1601,,4816N 01324E,
,AT,DBL,Dobl,Dobl,6,RL,--3-----,1301,,4657N 01522E,
,AT,NNN,Donnerskirchen,Donnerskirchen,1,RL,1-------,1107,,4754N 01638E,
,AT,DRF,Dorf,Dorf,4,RL,--3-----,0307,,4817N 01337E,
,AT,DFF,Dorf an der Pram,Dorf an der Pram,4,RL,--3-----,1601,,4816N 01337E,
,AT,DFL,Dorfla,Dorfla,6,RQ,--3-----,1101,,4700N 01528E,
,AT,DOR,Dornbirn,Dornbirn,8,RL,--3-----,1601,,4725N 00943E,
,AT,DRA,Drasenhofen,Drasenhofen,3,RQ,1----6--,1001,,4845N 01639W,
,AT,DRO,Dross,Dross,3,RL,1-3-----,1307,,4827N 01534E,
,AT,DUR,Dürnkrut,Durnkrut,3,RL,-23-----,1301,,4828N 01651E,
,AT,DUE,Dürnstein,Durnstein,,RL,123-----,0601,,4823N 01531E,
,AT,EBB,Ebbs,Ebbs,7,RL,--3-----,1307,,4738N 01213E,
,AT,EBN,Eben,Eben,,RL,--3-----,0607,,4738N 01605E,
,AT,ESG,Ebenau,Ebenau,5,RL,--3-----,1407,,4748N 01311E,
,AT,EFH,Ebenfurth,Ebenfurth,1,RL,--3-----,1301,,4752N 01622E,
,AT,EBS,Ebensee,Ebensee,4,RL,--3-----,0701,,4748N 01346E,
,AT,ETL,Ebenthal,Ebenthal,,RL,--3-----,0201,,4826N 01647E,
,AT,EBE,Ebergassing,Ebergassing,,RL,--3-----,0201,,4802N 01631E,
,AT,ERF,Eberndorf,Eberndorf,2,RL,--3-----,0701,,4635N 01438E,
,AT,NEB,Ebersbrunn,Ebersbrunn,3,RL,--3-----,1207,,4831N 01552E,
,AT,ESW,Eberschwang,Eberschwang,4,RL,--3-----,0701,,4809N 01334E,
,AT,EBD,Ebersdorf,Ebersdorf,6,RL,--3--6--,0901,,4712N 01557E,
,AT,EBZ,Eberstalzell,Eberstalzell,4,RL,-----6--,1201,,4802N 01358E,
,AT,ETN,Eberstein,Eberstein,2,RL,--3-----,1407,,4648N 01433E,
,AT,EBR,Ebreichsdorf,Ebreichsdorf,3,RL,1-3-----,0407,,4757N 01624E,
,AT,ELL,Edelstal,Edelstal,1,RL,--3-----,0901,,4806N 01659E,
,AT,EDZ,Edlitz,Edlitz,3,RL,--3-----,0701,,4807N 01530E,
,AT,EFR,Eferding,Eferding,4,RL,--3-----,1607,,4819N 01401E,
,AT,EGG,Egg,Egg,8,RL,--3-----,1801,,4725N 00953E,
,AT,EGB,Eggelsberg,Eggelsberg,4,RL,--3-----,0701,,4804N 01259E,
,AT,EBU,Eggenburg,Eggenburg,3,RL,-23-----,0701,,4638N 01549E,
,AT,PP3,Eggendorf,Eggendorf,3,RL,--3-----,1601,,4822N 01538E,
,AT,EGT,Eggendorf im Traunkreis,Eggendorf im Traunkreis,4,RL,--3-----,0407,,4807N 01408E,
,AT,GEI,Eggerding,Eggerding,4,RL,--3-----,1407,,4808N 01344E,
,AT,EHR,Ehrenhausen,Ehrenhausen,,RL,--3-----,0201,,4643N 01534E,
,AT,EH7,Ehrwald,Ehrwald,7,RL,--3-----,1801,,4724N 01055E,
,AT,EWD,Eibiswald,Eibiswald,6,RL,1----6--,1107,,4641N 01550E,
,AT,EEZ,Eisenerz,Eisenerz,,RQ,--3-----,0101,,,
,AT,EKV,Eisenkappel-Vellach,Eisenkappel-Vellach,2,RL,--3-----,1601,,4629N 01435E,
,AT,EIT,Eisenstadt,Eisenstadt,,RL,--3-----,0201,,4750N 01632E,
+,AT,ELI,Elixhausen,Elixhausen,5,RL,-23-----,1907,,4752N 01304E,
,AT,EAJ,Elsarn am Jauerling,Elsarn am Jauerling,3,RL,--3-----,1301,,4822N 01522E,
,AT,EGL,Elsbethen Glasenbach,Elsbethen Glasenbach,5,RL,-----6--,1301,,4720N 01320E,
,AT,EMM,Emmersdorf an der Donau,Emmersdorf an der Donau,3,RL,-23-----,1001,,4814N 01520E,
,AT,BRI,Engabrunn,Engabrunn,,RL,1-------,1107,,4827N 01545E,
,AT,AHZ,Engelhartszell,Engelhartszell,4,RQ,--3-----,1301,,4831N 01344E,
,AT,ERO,Engelmannsbrunn,Engelmannsbrunn,3,RL,1-3-----,1401,,4827N 01553E,
,AT,DFC,Engerwitzdorf,Engerwitzdorf,4,RL,1-3-----,1401,,4821N 01427E,
,AT,ENA,Enns,Enns,,RQ,--3-----,9501,,,
,AT,ENO,Ennsdorf,Ennsdorf,,RL,--3-----,0201,,4812N 01428E,
,AT,ENZ,Enzersdorf an der Fischa,Enzersdorf an der Fischa,3,RL,--3-----,1301,,4805N 01636E,
,AT,ETH,Enzersdorf im Thale,Enzersdorf im Thale,3,RL,--3-----,0701,,4835N 01614E,
,AT,EZF,Enzesfeld,Enzesfeld,3,RL,-23-----,0701,,4755N 01611E,
,AT,ESN,Eppenstein,Eppenstein,,RL,-23-----,0607,,4708N 01444E,
,AT,ERL,Erl,Erl,,RL,1-3--6--,0601,,4740N 01210E,
,AT,EHN,Ernsthofen,Ernsthofen,3,RL,--3-----,1307,,4808N 01429E,
,AT,EPD,Erpersdorf,Erpersdorf,,RL,1-3-----,0601,,4820N 01554E,
,AT,ERP,Erpfendorf,Erpfendorf,,RL,--3-----,0607,,4734N 01228E,
,AT,ESB,Esternberg,Esternberg,4,RL,--3-----,1001,,4833N 01334E,
,AT,EAK,Etsdorf am Kamp,Etsdorf am Kamp,1,RL,-23-----,0901,,4826N 01544E,
,AT,EUG,Eugendorf,Eugendorf,5,RL,-23-----,0212,,4752N 01307E,
,AT,EUH,Eurenhausen,Eurenhausen,,RQ,0-------,9307,,,
,AT,FSU,Faistenau,Faistenau,,RL,1-3-----,0601,,4746N 01313E,
,AT,LKN,Falkenstein,Falkenstein,3,RL,1-------,1301,,4843N 01335E,
,AT,FHR,Fehring,Fehring,,RL,1-3--6--,0601,,4656N 01600E,
,AT,FST,Feistritz,Feistritz,,RQ,--3-----,9501,,,
,AT,FDU,Feistritz an der Drau,Feistritz an der Drau,,RL,--3-----,0607,,4642N 01340E,
,AT,FIT,Feistritz im Rosental,Feistritz im Rosental,,RL,--3-----,0201,,4631N 01410E,
,AT,FED,Feldbach,Feldbach,6,RL,-23-----,0307,,4657N 01553E,
,AT,FKT,Feldkirch,Feldkirch,8,RL,--3-----,0212,,4714N 00936E,
,AT,FEK,Feldkirchen an der Donau,Feldkirchen an der Donau,4,RL,--3-----,1001,,4821N 01403E,
,AT,FKC,Feldkirchen bei Graz,Feldkirchen bei Graz,6,RL,-23-----,0701,,4701N 01527E,
,AT,FKI,Feldkirchen im Kärnten,Feldkirchen im Karnten,,RL,-23-----,0607,,4643N 01405E,
,AT,FXO,Felixdorf,Felixdorf,3,RL,-23-----,0701,,4753N 01615E,
,AT,FWG,Fels am Wagram,Fels am Wagram,3,RL,--3-----,0701,,4827N 01549E,
,AT,FLH,Ferlach,Ferlach,,RQ,--3-----,9705,,,
,AT,FEO,Ferndorf,Ferndorf,,RL,--3-----,0201,,4644N 01337E,
,AT,FNZ,Fernitz,Fernitz,,RL,--3-----,0201,,4833N 01541E,
,AT,FBN,Feuersbrunn,Feuersbrunn,3,RL,--3-----,1301,,4826N 01547E,
,AT,FBB,Fieberbrunn,Fieberbrunn,7,RL,--3-----,0901,,4729N 01233E,
,AT,FIS,Fischamend Dorf,Fischamend Dorf,3,RL,--3-----,0501,,4807N 01636E,
,AT,FSB,Fischbach,Fischbach,6,RL,--3-----,1607,,4726N 01539E,
,AT,FSC,Fisching,Fisching,6,RL,--3-----,1607,,4710N 01444E,
,AT,FLA,Flachau,Flachau,5,RQ,--3-----,1101,,4720N 01324E,
,AT,FLO,Floridsdorf,Floridsdorf,9,RL,--3-----,0901,,4815N 01624E,
,AT,FOH,Fohnsdorf,Fohnsdorf,6,RL,--3-----,0507,,4712N 01441E,
,AT,FOR,Fornach,Fornach,4,RL,-23-----,1301,,4802N 01326E,
,AT,FAU,Forstau,Forstau,5,RL,-----6--,1201,,4722N 01332E,
,AT,FBG,Frankenburg,Frankenburg,4,RL,--3-----,0401,,4804N 01329E,
,AT,FRN,Frankenmarkt,Frankenmarkt,,RQ,-23-----,9709,,,
,AT,FRT,Frastanz,Frastanz,,RL,--3-----,0201,,,
,AT,FRA,Frauendorf,Frauendorf,3,RL,--3-----,1307,,4833N 01458E,
,AT,FAA,Frauendorf An Der Au,Frauendorf An Der Au,3,RL,--3-----,1601,,4823N 01555E,
,AT,FKN,Frauenkirchen,Frauenkirchen,,RL,-23-----,0607,,4750N 01656E,
,AT,FTL,Frauental an der Lassnitz,Frauental an der Lassnitz,6,RL,-23-----,0701,,4650N 01516E,
,AT,FRB,Freinberg,Freinberg,4,RL,--3-----,1001,,4834N 01331E,Scharding
,AT,FSD,Freistadt,Freistadt,,RL,--3-----,0201,,4830N 01430E,
,AT,FRE,Fresing,Fresing,,RL,--3-----,0201,,4645N 01526E,
,AT,FNA,Freudenau,Freudenau,9,RQ,1-3-----,0901,,4811N 01626E,
,AT,FDG,Friedburg,Friedburg,4,RL,-23-----,0701,,4801N 01314E,
,AT,FRH,Friesach,Friesach,2,RL,--3-----,1407,,4657N 01425E,
,AT,FRI,Fritzens,Fritzens,,RL,-23-----,0607,,4718N 01135E,
,AT,FLT,Frohnleiten,Frohnleiten,,RQ,--3-----,9705,,,
,AT,FHK,Frojach-Katsch,Frojach-Katsch,6,RL,--3-----,0901,,4707N 01428E,
,AT,FPS,Fulpmes,Fulpmes,,RL,1-3-----,0601,,4709N 01121E,
,AT,FTH,Furth bei Göttweig,Furth bei Gottweig,,RQ,--3-----,0201,,,
,AT,FAS,Fuschl am See,Fuschl am See,5,RL,--3--6--,1301,,4748N 01318E,
,AT,FSA,Fussach,Fussach,,RL,-----6--,0601,,4729N 00939E,
,AT,FGN,Fügen,Fugen,7,RL,--3-----,0507,,4721N 01151E,
,AT,FUR,Fürnitz,Furnitz,2,RL,--3-----,0212,,4633N 01349E,
,AT,FUF,Fürstenfeld,Furstenfeld,6,RL,-23--6--,1307,,4703N 01605E,
,AT,GAA,Gaaden,Gaaden,3,RQ,--3-----,1101,,4803N 01611E,
,AT,GBD,Gabersdorf,Gabersdorf,6,RL,--3-----,1207,,4646N 01535E,
,AT,GAB,Gablitz,Gablitz,3,RQ,--3-----,1101,,4813N 01609E,
,AT,GFZ,Gaflenz,Gaflenz,4,RL,--3-----,1301,,4753N 01443E,
,AT,GHR,Gaishorn am See,Gaishorn am See,6,RL,--3-----,1207,,4729N 01433E,
,AT,RTV,Gallbrunn,Gallbrunn,,RL,1----6--,1107,,,
,AT,6NR,Gallneukirchen,Gallneukirchen,4,RL,-----6--,1201,,4821N 01425E,
,AT,GAL,Galtür,Galtur,7,RL,--3-----,0507,,4658N 01011E,
,AT,GMI,Gaming,Gaming,3,RL,--3-----,1201,,4756N 01506E,
,AT,GA6,Gamlitz,Gamlitz,6,RL,1----6--,1107,,4643N 01533E,
,AT,GPN,Gampern,Gampern,4,RL,--3-----,1401,,4759N 01333E,
,AT,GAK,Gars am Kamp,Gars am Kamp,3,RL,--3-----,1701,,4835N 01539E,
,AT,GAN,Garsten,Garsten,,RQ,--3-----,9501,,,
,AT,GSF,Gaspoltshofen,Gaspoltshofen,,RL,-23-----,0106,,4808N 01344E,
,AT,GAS,Gastern,Gastern,3,RL,--3-----,1601,,4853N 01513E,
,AT,GTD,Gattendorf,Gattendorf,1,RL,--3-----,0901,,4801N 01659E,
,AT,DER,Gedersdorf,Gedersdorf,3,RL,--3-----,0307,,4826N 01541E,
,AT,GNR,Geinberg,Geinberg,,RL,-23-----,0701,,4816N 01315E,
,AT,GRS,Geras,Geras,3,RL,-----6--,1201,,4847N 01540E,
,AT,GDF,Gerasdorf bei Wien,Gerasdorf bei Wien,3,RL,--3-----,1101,,4817N 01627E,
,AT,GER,Gerersdorf bei Güssing,Gerersdorf bei Gussing,,RL,--3-----,0201,,4704N 01615E,
,AT,GTR,Geretsberg,Geretsberg,4,RL,--3-----,0701,,4805N 01256E,
,AT,GET,Getzersdorf,Getzersdorf,3,RL,--3-----,1301,,4820N 01541E,
,AT,UBL,Giesshübl,Giesshubl,3,RL,--3-----,1707,,4806N 01614E,
,AT,GLA,Glanegg,Glanegg,2,RL,--3-----,0507,,4643N 01411E,
,AT,GLZ,Glanz,Glanz,,RL,--3-----,0607,,4646N 01339E,
,AT,GST,Gleinstätten,Gleinstatten,6,RL,-----6--,0901,,4645N 01522E,
,AT,GSD,Gleisdorf,Gleisdorf,,RQ,--3-----,9501,,,
,AT,GLD,Glinzendorf,Glinzendorf,3,RL,--3-----,1607,,4815N 01638E,
,AT,GLI,Glinzing,Glinzing,3,RL,--3-----,1607,,4804N 01432E,
,AT,GGZ,Gloggnitz,Gloggnitz,3,RQ,--3-----,1101,,4740N 01556E,
,AT,GDN,Gmunden,Gmunden,,RL,123-----,0601,,4755N 01348E,
,AT,GMU,Gmünd,Gmund,3,RL,--3-----,1607,,4846N 01459E,
,AT,GMK,Gmünd In Kärnten,Gmund In Karnten,2,RL,-----6--,1107,,4654N 01332E,
,AT,GNA,Gnas,Gnas,6,RL,--3-----,0901,,4652N 01549E,
,AT,GNS,Gnesau,Gnesau,2,RL,--3-----,1207,,4646N 01358E,
,AT,GS2,Gofis,Gofis,8,RL,--3-----,1307,,4713N 00937E,
,AT,GOW,Goldwörth,Goldworth,4,RL,--3-----,1001,,4820N 01406E,
,AT,GAE,Golling an der Erlauf,Golling an der Erlauf,,RL,--3-----,0901,,4812N 01511E,
,AT,GGS,Golling an der Salzach,Golling an der Salzach,5,RL,--3-----,1301,,4736N 01310E,
,AT,GOL,Gols,Gols,1,RL,-23-----,0701,,4754N 01654E,
,AT,GRF,Gosdorf,Gosdorf,6,RL,-----6--,0901,,4644N 01547E,
,AT,GSB,Gottlesbrunn,Gottlesbrunn,3,RL,--3-----,1301,,4803N 01644E,
,AT,GOT,Gotzendorf,Gotzendorf,3,RQ,--3-----,1101,,4726N 01609E,
,AT,GC5,Grafenbach,Grafenbach,2,RL,--3-----,1501,,4645N 01439E,
,AT,GRA,Grafenstein,Grafenstein,,RL,--3-----,0201,,4636N 01427E,
,AT,GFW,Grafenworth,Grafenworth,3,RL,--3-----,1301,,4824N 01547E,
,AT,GRT,Gramastetten,Gramastetten,4,RQ,--3-----,1101,,4823N 01413E,
,AT,GRL,Gramatneusiedl,Gramatneusiedl,,RL,--3-----,0201,,4801N 01629E,
,AT,B9G,Grambach,Grambach,6,RL,--3-----,1701,,4701N 01530E,
,AT,GNZ,Granz,Granz,,RL,-23--6--,0607,,4813N 01509E,
,AT,GKN,Gratkorn,Gratkorn,,RL,--3-----,0201,,4708N 01520E,
,AT,GTW,Gratwein,Gratwein,6,RL,-----6--,1201,,4707N 01519E,
,AT,GRZ,Graz,Graz,6,AI,-2345---,1307,,4704N 01527E,
,AT,GFS,Greifenstein,Greifenstein,3,RL,123-----,0507,,4820N 01614E,
,AT,GRN,Grein,Grein,,RL,123-----,0601,,4813N 01450E,
,AT,GFT,Greinsfurth,Greinsfurth,3,RL,--3-----,1107,,4807N 01451E,
,AT,GTN,Gresten,Gresten,3,RL,--3-----,0507,,4759N 01501E,
,AT,GMB,Gries am Brenner,Gries am Brenner,7,RL,--3-----,1701,,4702N 01128E,
,AT,GIE,Grieskirchen,Grieskirchen,4,RL,--3-----,1607,,4814N 01349E,
,AT,GRI,Griffen,Griffen,,RL,--3-----,0607,,4642N 01444E,
,AT,GZS,Grinzens,Grinzens,7,RL,--3-----,1207,,4713N 01115E,
,AT,GRR,Grobssklein,Grobssklein,6,RL,--3-----,1601,,4644N 01526E,
,AT,GZR,Gross Gerungs,Gross Gerungs,,RL,-23-----,0601,,4835N 01457E,
,AT,GRU,Gross Sankt Florian,Gross Sankt Florian,6,RL,-23-----,1101,,4649N 01519E,
,AT,SWH,Gross-Schweinbarth,Gross-Schweinbarth,3,RL,1-3-----,1101,,4824N 01637E,
,AT,GSH,Gross-Siegharts,Gross-Siegharts,3,RL,--3-----,1601,,4847N 01524E,
,AT,GBF,Grossebersdorf,Grossebersdorf,3,RL,-23-----,0407,,4822N 01628E,
,AT,GRO,Grossenzersdorf/Wien,Grossenzersdorf/Wien,9,RL,--3-----,0212,,4812N 01632E,
,AT,GHF,Grosshöflein,Grosshoflein,,RL,-23-----,0607,,4750N 01629E,
,AT,GLG,Grosslobming,Grosslobming,6,RL,--3-----,1707,,4711N 01448E,
,AT,GPF,Grosspetersdorf,Grosspetersdorf,1,RL,--3-----,1101,,4714N 01619E,
,AT,GRM,Grossraming,Grossraming,4,RL,--3-----,1201,,4753N 01433E,
,AT,GTL,Grossriedenthal,Grossriedenthal,3,RQ,--3-----,1101,,4829N 15520E,
,AT,GSU,Grossschönau,Grossschonau,3,RL,--3-----,1101,,4839N 01456E,
,AT,GWF,Grossweikersdorf,Grossweikersdorf,3,RL,--3-----,1301,,4828N 01559E,
,AT,GWD,Grosswiesendorf,Grosswiesendorf,3,RL,--3-----,1501,,4827N 01559E,
,AT,GND,Grunddorf,Grunddorf,3,RL,--3-----,1301,,4825N 01545E,
,AT,GBG,Gröbming,Grobming,6,RL,--3-----,1207,,4726N 01354E,
,AT,GRG,Grödig,Grodig,5,RL,--3-----,0212,,4744N 01302E,
,AT,GMM,Gummern,Gummern,2,RL,-23--6--,1001,,4639N 01347E,
,AT,GPK,Gumpoldskirchen,Gumpoldskirchen,,RL,--3-----,0201,,4802N 01616E,
,AT,GUK,Gunskirchen,Gunskirchen,,RL,--3-----,0201,,4808N 01356E,
,AT,GUN,Guntramsdorf,Guntramsdorf,,RL,--3-----,0201,,4802N 01618E,
,AT,GUT,Gurten,Gurten,4,RL,--3-----,1201,,4815N 01320E,
,AT,GSN,Gutenstein,Gutenstein,,RL,1-3-----,0601,,4752N 01553E,
,AT,GNF,Gänserndorf,Ganserndorf,3,RL,--3-----,0307,,4821N 01644E,
,AT,ORF,Gödersdorf,Godersdorf,2,RL,-23-----,0901,,4634N 01351E,
,AT,GSG,Gösing,Gosing,3,RL,--3-----,1301,,4828N 01549E,
,AT,GOF,Gössendorf,Gossendorf,6,RL,-----6--,0901,,4659N 01529E,
,AT,GMA,Göttlesbrunn-Arbesthal,Gottlesbrunn-Arbesthal,3,RL,--3-----,1307,,4802N 01643E,
,AT,GOE,Götzis,Gotzis,8,RL,--3-----,1101,,4719N 00937E,
,AT,GLO,Günselsdorf,Gunselsdorf,3,RL,--3-----,0701,,4757N 01615E,
,AT,GSS,Güssing,Gussing,,RL,--3-----,0607,,4704N 01620E,
,AT,HAG,Haag,Haag,,RL,-23-----,0607,,4807N 01434E,
,AT,HAH,Haag am Hausruck,Haag am Hausruck,4,RL,-----6--,1301,,4811N 01338E,
,AT,DOF,Hadersdorf,Hadersdorf,3,RL,1-------,1107,,4827N 01543E,
,AT,HKM,Hadersdorf-Kammern,Hadersdorf-Kammern,3,RL,1-3-----,1307,,4827N 01543E,
,AT,HRS,Hadres,Hadres,3,RL,--3-----,1707,,4842N 01607E,
,AT,HGB,Hagenbrunn,Hagenbrunn,3,RL,--3-----,0207,,4820N 01624E,
,AT,HAB,Haibach,Haibach,4,RL,--3-----,0401,,4824N 01355E,
,AT,HAD,Haid,Haid,,RQ,-23-----,9705,,,
,AT,HHN,Haidershofen,Haidershofen,4,RL,-23-----,0407,,4804N 01427E,
,AT,HIA,Hainburg,Hainburg,,RL,--3-----,0201,,4808N 01656E,
,AT,LTX,Hainfeld,Hainfeld,3,RL,1-3-----,1401,,4802N 01546E,
,AT,HZD,Haitzendorf,Haitzendorf,3,RL,--3-----,1301,,4826N 01544E,
,AT,ALB,Halbturn,Halbturn,1,RL,--3-----,0901,,4752N 01659E,
,AT,HAL,Hall,Hall,6,RL,--3-----,1307,,4736N 01427E,
,AT,HIT,Hall in Tirol,Hall in Tirol,7,RL,--3-----,0401,,4717N 01131E,
,AT,HLL,Hallein,Hallein,,RQ,-23-----,9704,,,
,AT,HLT,Hallstatt,Hallstatt,4,RL,--3-----,1301,,4733N 01339E,
,AT,HLG,Hallwang,Hallwang,5,RL,-23-----,1301,,4751N 01305E,
,AT,HBG,Handenberg,Handenberg,4,RL,--3-----,0701,,4808N 01301E,
,AT,HSN,Hansenhütte,Hansenhutte,,RQ,0-------,9307,,,
,AT,HRD,Hard,Hard,,RL,--3-----,0001,,,
,AT,BDH,Haring,Haring,7,RL,--3-----,0207,,4130N 01206E,
,AT,HAE,Haringsee,Haringsee,,RL,--3-----,0901,,4811N 01647E,
,AT,HAR,Harmannsdorf,Harmannsdorf,3,RQ,--3-----,1001,,4824N 01618E,
,AT,HTA,Hartberg,Hartberg,6,RL,--3-----,1501,,4716N 01558E,
,AT,HKN,Hartkirchen,Hartkirchen,4,RQ,-----6--,1007,,4821N 01400E,
,AT,HRT,Hartl,Hartl,6,RL,--3-----,1301,,4711N 01555E,
,AT,HCH,Haslach,Haslach,4,RL,--3-----,1207,,4825N 01440E,
,AT,HLM,Haslach an der Mühl,Haslach an der Muhl,4,RQ,--3-----,0907,,4835N 01402E,
,AT,HAC,Haugschlag,Haugschlag,3,RL,--3-----,1301,,4859N 01503E,
,AT,GHH,Haugsdorf,Haugsdorf,3,RL,1-------,1107,,4842N 01604E,
,AT,ITN,Hausleiten,Hausleiten,3,RL,1-------,1107,,4823N 01606E,
,AT,TEN,Hausmannstatten,Hausmannstatten,6,RL,1-------,1107,,4659N 01530E,
,AT,HMN,Hausmannstätten,Hausmannstatten,6,RL,--3-----,1101,,4659N 01531E,
,AT,HME,Hausmenning,Hausmenning,3,RL,--3-----,0212,,4804N 01448E,
,AT,HEC,Heidenreichstein,Heidenreichstein,,RL,--3-----,0201,,4851N 01506E,
,AT,HEI,Heiligenkreuz,Heiligenkreuz,3,RL,--3-----,1301,,4818N 01547E,
,AT,HKR,Heiligenkreuz,Heiligenkreuz,1,RL,--3-----,0901,,4803N 01608E,
,AT,HKZ,Heiligenkreuz,Heiligenkreuz,4,RL,--3-----,1301,,4752N 01407E,
,AT,HZL,Heiligenkreuz im Lafnitztal,Heiligenkreuz im Lafnitztal,1,RL,--3-----,0901,,4659N 01615E,
,AT,HFS,Heinfels,Heinfels,7,RL,-23-----,0407,,4645N 01227E,
,AT,HEL,Helfenberg,Helfenberg,4,RL,--3-----,0507,,4832N 01408E,
,AT,HEO,Henndorf am Wallersee,Henndorf am Wallersee,,RL,--3-----,0201,,4754N 01311E,
,AT,HNN,Hennersdorf,Hennersdorf,3,RL,-----6--,1301,,4806N 01622E,
,AT,HMG,Hermagor,Hermagor,,RQ,--3-----,9501,,,
,AT,HER,Herzogenburg,Herzogenburg,,RL,--3-----,0201,,4816N 01541E,
,AT,HED,Herzogsdorf,Herzogsdorf,4,RL,--3-----,1107,,4826N 01407E,
,AT,HMD,Hetzmannsdorf,Hetzmannsdorf,3,RL,--3-----,1301,,4826N 01624E,
,AT,HFL,Hieflau,Hieflau,6,RL,--3-----,0901,,4736N 01444E,
,AT,HIM,Hilm,Hilm,3,RL,-----6--,1301,,4801N 01445E,
,AT,ABG,Himberg,Himberg,,RL,-----6--,0601,,4805N 01626E,
,AT,HBL,Hinterbrühl,Hinterbruhl,3,RL,--3-----,1207,,4805N 01614E,
,AT,HRM,Hirm,Hirm,1,RL,--3-----,1601,,4747N 01628E,
,AT,SH5,Hirnsdorf,Hirnsdorf,6,RL,--3-----,1501,,4711N 01549E,
,AT,HHG,Hirschegg,Hirschegg,8,RL,--3-----,1307,,4720N 01010E,
,AT,HIR,Hirschegg Rein,Hirschegg Rein,6,RL,--3-5---,1307,,4701N 01455E,
,AT,HIG,Hirschwang,Hirschwang,3,RL,-23-----,1301,,4742N 01549E,
,AT,HTE,Hirtenberg,Hirtenberg,,RL,--3-----,0201,,4755N 01610E,
,AT,HTZ,Hitzendorf,Hitzendorf,6,RL,--3-----,1107,,4702N 01515E,
,AT,HBH,Hobenbach,Hobenbach,3,RL,-----6--,1107,,4821N 01539E,
,AT,BNN,Hobersbrunn,Hobersbrunn,3,RL,1-------,1107,,4830N 01634E,
,AT,HOC,Hochfilzen,Hochfilzen,7,RL,-----6--,0901,,4728N 01237E,
,AT,BE8,Hof bei salzburg,Hof bei salzburg,5,RL,--3-----,1707,,4749N 01313E,
,AT,HFN,Hofen,Hofen,7,RL,--3-----,0901,,4734N 01027E,
,AT,HDT,Hofkirchen an der Trattnach,Hofkirchen an der Trattnach,4,RL,--3--6--,1301,,4813N 01344E,
,AT,HOM,Hofkirchen im Mühlkreis,Hofkirchen im Muhlkreis,4,RL,--3-----,1001,,4829N 01348E,
,AT,HNT,Hofkirchen im Traunkreis,Hofkirchen im Traunkreis,4,RL,--3-----,0701,,4808N 01422E,
,AT,EIN,Hoflein,Hoflein,3,RL,1-------,1107,,4804N 01647E,
,AT,HDR,Hofstatten An Der Raab,Hofstatten An Der Raab,6,RL,--3-----,1601,,4704N 01544E,
,AT,HAU,Hohenau an der March,Hohenau an der March,,RL,--3-----,0201,,,
,AT,HIH,Hoheneich,Hoheneich,3,RL,--3-----,1401,,4846N 01501E,
,AT,HOH,Hohenems,Hohenems,8,AI,---4----,1607,,4722N 00941E,
,AT,HON,Hohenruppersdorf,Hohenruppersdorf,,RL,-23-----,0601,,4828N 01639E,
,AT,H3H,Hohenwarth,Hohenwarth,3,RL,--3-----,1601,,4756N 01559E,
,AT,OHO,Hohenzell,Hohenzell,4,RL,--3--6--,1301,,4811N 01332E,
,AT,HOL,Hollabrunn,Hollabrunn,,RQ,--3-----,0201,,,
,AT,LLG,Hollenburg,Hollenburg,,RQ,--3-----,1101,,4822N 01541E,
,AT,HLB,Hollersbach,Hollersbach,6,RL,--3-----,0501,,4728N 01529E,
,AT,HLZ,Holzberg,Holzberg,6,RL,--3-----,1101,,4702N 01519E,
,AT,OCH,Holzhausen,Holzhausen,4,RL,--3-----,1407,,4813N 01405E,
,AT,HOF,Hopfgarten,Hopfgarten,6,RL,-----6--,1107,,4738N 01351E,
,AT,HOP,Hopfgarten im Brixental,Hopfgarten im Brixental,7,RL,--3-----,0901,,4727N 01210E,
,AT,HOT,Horitschon,Horitschon,,RL,-23-----,0607,,4735N 01633E,
,AT,HOR,Horn,Horn,,RL,--3-----,0201,,4839N 01539E,
,AT,HSE,Hornstein,Hornstein,1,RL,--3-----,0901,,4752N 01626E,
,AT,HUT,Huttau,Huttau,5,RL,--3-----,1301,,4725N 01318E,
,AT,HST,Höchst,Hochst,8,RL,--3-----,0407,,4727N 00937E,
,AT,HBR,Höhenberg,Hohenberg,3,RL,--3-----,1301,,4754N 01537E,
,AT,HOG,Hönigsberg,Honigsberg,6,RL,-23-----,0901,,4736N 01538E,
,AT,HBZ,Hörbranz,Horbranz,8,RL,--3----B,0901,,4733N 00945E,
,AT,HRH,Hörsching,Horsching,4,RL,-234-6--,0907,,4814N 01411E,
,AT,HZF,Hötzelsdorf,Hotzelsdorf,3,RL,--3--6--,1207,,4846N 01539E,
,AT,ILL,Illmitz,Illmitz,,RL,--3-----,0607,,4746N 01648E,
,AT,ILZ,Ilz,Ilz,6,RL,--3-----,0507,,4705N 01555E,
,AT,IMS,Imst,Imst,7,RL,-----6--,0901,,4714N 01044E,
,AT,IZG,Innermanzing,Innermanzing,3,RL,--3-----,1707,,4808N 01554E,
,AT,INN,Innsbruck,Innsbruck,7,AI,--345---,1601,,4716N 01124E,
,AT,ZIN,Inzersdorf an der Traisen,Inzersdorf an der Traisen,3,RL,1-------,1107,,4819N 01540E,
,AT,IIK,Inzersdorf Im Kremstal,Inzersdorf Im Kremstal,4,RL,--3-----,1601,,4755N 01404E,
,AT,INZ,Inzing,Inzing,7,RL,--3-----,0901,,4716N 01112E,
,AT,AZX,Irdning,Irdning,6,RL,--3-----,1501,,4730N 01406E,
,AT,ITR,Itter,Itter,7,RQ,--3-----,0907,,4728N 01203E,
,AT,ITT,Itterdörfl,Itterdorfl,7,RL,--3-----,0207,,4727N 01208E,
,AT,JGE,Jagerberg,Jagerberg,,RL,--3-----,0201,,4651N 01544E,
,AT,JPS,Japons,Japons,3,RL,1----6--,1201,,4847N 01534E,
,AT,JEG,Jeging,Jeging,4,RL,--3-----,1701,,4803N 01308E,
,AT,JEN,Jenbach,Jenbach,,RL,--3-----,0201,,4723N 01146E,
,AT,JDF,Jennersdorf,Jennersdorf,,RL,-23-----,0106,,4656N 01600E,
,AT,JZS,Jerzens,Jerzens,7,RL,--3-----,1207,,4709N 01044E,
,AT,ZLF,Jetzelsdorf,Jetzelsdorf,3,RL,1-------,1107,,4842N 01603E,
,AT,JOC,Joching,Joching,,RL,-23-----,0607,,4823N 01527E,
,AT,JOS,Jois,Jois,,RL,-23-----,0607,,4758N 01648E,
,AT,JDB,Judenberg,Judenberg,,RL,--3-----,0201,,4709N 01440E,
,AT,JDN,Judenburg,Judenburg,,RQ,--3-----,9501,,,
,AT,JDD,Judendorf,Judendorf,6,RL,1----6--,1107,,4707N 01521E,
,AT,JUN,Jungholz,Jungholz,,AI,----5---,9805,,,
,AT,JSS,Jöss,Joss,6,RL,--3-----,1801,,4650N 01530E,
,AT,KAL,Kallham,Kallham,4,RQ,--3-----,1101,,4817N 01343E,
,AT,KDF,Kalsdorf,Kalsdorf,,RL,--3-----,0001,,,
,AT,KAB,Kaltenbach,Kaltenbach,7,RL,--3-----,0212,,4717N 01152E,
,AT,KAM,Kammern im Liesingtal,Kammern im Liesingtal,8,RL,123-----,0701,,4724N 01454E,
,AT,KDO,Kammersdorf,Kammersdorf,3,RQ,--3-----,1001,,4837N 01614E,
,AT,KFB,Kapfenberg,Kapfenberg,,RQ,--3-----,9501,,,
,AT,SKS,Kapfenstein,Kapfenstein,6,RL,--3-----,0901,,4653N 01558E,
,AT,KPL,Kappl,Kappl,,RL,--3-----,0601,,4703N 01022E,
,AT,KAP,Kaprun,Kaprun,5,RL,-----6--,1201,,4716N 01246E,
,AT,KAR,Karlsdorf,Karlsdorf,,RL,-23-----,0607,,4650N 01328E,
,AT,K2R,Karlstetten,Karlstetten,3,RL,--3-----,1701,,4815N 01534E,
,AT,KAF,Katzelsdorf,Katzelsdorf,6,RQ,--3-----,1101,,4655N 01550E,
,AT,KFM,Kefermarkt,Kefermarkt,4,RL,--3-----,1301,,4826N 01432E,
,AT,KMK,Kematen an der Krems,Kematen an der Krems,3,RL,--3-----,1301,,4806N 01411E,
,AT,KTT,Kematen in Tirol,Kematen in Tirol,,RL,123--6--,0601,,4715N 01116E,
,AT,KYB,Kematen Ybbs,Kematen Ybbs,,RL,--3-----,9805,,,
,AT,KMG,Kemating,Kemating,,RL,--3-----,0001,,,
,AT,KME,Kemeten,Kemeten,1,RL,--3-----,0901,,4714N 01609E,
,AT,KNB,Kennelbach,Kennelbach,,RQ,--3-----,9704,,,
,AT,ZRF,Ketzelsdorf,Ketzelsdorf,3,RL,1-------,1107,,4839N 01639E,
,AT,KIE,Kienberg,Kienberg,,RQ,--3-----,0201,,,
,AT,KIN,Kindberg,Kindberg,,RL,-23-----,0607,,4730N 01527E,
,AT,KBA,Kirchbach,Kirchbach,,RQ,--3-----,1007,,4757N 15732E,
,AT,KBW,Kirchberg am Wagram,Kirchberg am Wagram,,RL,-23-----,0607,,4826N 01554E,
,AT,KIR,Kirchberg am Walde,Kirchberg am Walde,,RL,--3-----,0901,,4843N 01505E,
,AT,KAD,Kirchberg an der Raab,Kirchberg an der Raab,6,RL,--3--6--,0901,,4659N 01546E,
,AT,KRL,Kirchbichl,Kirchbichl,,RL,-23--6--,0607,,4731N 01205E,
,AT,KKM,Kirchdorf an der Krems,Kirchdorf an der Krems,4,RL,-23-----,0701,,4754N 01407E,
,AT,KFT,Kirchdorf in Tirol,Kirchdorf in Tirol,7,RL,--3-----,1307,,4734N 01227E,
,AT,KHH,Kirchham,Kirchham,4,RL,--3-----,1607,,4758N 01354E,
,AT,KII,Kirchheim im Innkreis,Kirchheim im Innkreis,4,RL,--3--6--,1301,,4812N 01323E,
,AT,KLZ,Kirchschlag bei Linz,Kirchschlag bei Linz,4,RL,--3-----,1207,,4824N 01416E,
,AT,BGW,Kirchschlag in der Buckligen Welt,Kirchschlag in der Buckligen Welt,3,RL,--3-----,1801,,4730N 01617E,
,AT,KTE,Kirchstetten,Kirchstetten,3,RL,--3-----,1301,,4811N 01549E,
,AT,KSE,Kittsee,Kittsee,,RL,--3-----,0607,,4805N 01704E,
,AT,KIT,Kitzbuhel,Kitzbuhel,7,RL,--3-----,1101,,4727N 01223E,
,AT,KSS,Kitzeck im Sausal,Kitzeck im Sausal,6,RL,--3-----,1207,,4646N 01526E,
,AT,KHO,Klaffer,Klaffer,4,RL,--3-----,0701,,4842N 01353E,
,AT,KLU,Klagenfurt,Klagenfurt,2,AI,-2345---,1101,,4637N 01418E,
,AT,KLA,Klaus,Klaus,,RL,--3-----,0607,,4719N 00939E,
,AT,KSP,Klein Sankt Paul,Klein Sankt Paul,2,RL,--3-----,1107,,4650N 01432E,
,AT,KHS,Kleinharras,Kleinharras,,RL,-23-----,0607,,4827N 01637E,
,AT,K8B,Kleinhoflein,Kleinhoflein,1,RL,--3-----,1601,,4750N 01630E,
,AT,BGN,Kleinmutschen,Kleinmutschen,1,RL,--3-----,1207,,4727N 01634E,
,AT,KNS,Kleinneusiedl,Kleinneusiedl,3,RL,--3-----,0701,,4805N 01636E,
,AT,KPO,Kleinpöchlarn,Kleinpochlarn,3,RL,-23-----,1001,,4813N 01513E,
,AT,KRM,Kleinraming,Kleinraming,4,RL,--3-----,0701,,4801N 01430E,
,AT,KLH,Kleinreichenbach,Kleinreichenbach,3,RL,--3-----,1801,,4846N 01515E,
,AT,KDT,Kleinriedenthal,Kleinriedenthal,3,RL,--3-----,1207,,4845N 01601E,
,AT,KIF,Kleinwiesendorf,Kleinwiesendorf,3,RL,--3-----,1601,,4827N 01559E,
,AT,KZL,Kleinzell,Kleinzell,3,RL,--3-----,1301,,4759N 01545E,
,AT,KTU,Klosterneuburg,Klosterneuburg,,RL,--3-----,0201,,4818N 01619E,
,AT,KCH,Klöch,Kloch,6,RL,--3-----,0907,,4646N 01558E,
,AT,KFD,Knittelfeld,Knittelfeld,,RL,123-----,0601,,4712N 01449E,
,AT,KBF,Kobersdorf,Kobersdorf,1,RL,--3-----,1407,,4736N 01624E,
,AT,KOB,Koblach,Koblach,8,RL,--3-----,1607,,4719N 00936E,
,AT,KOG,Koglhof,Koglhof,,RL,-23-----,0701,,4719N 01541E,
,AT,KOH,Kohfidisch,Kohfidisch,,RQ,-----6--,0907,,4710N 01621E,
,AT,KBZ,Kolbnitz,Kolbnitz,2,RL,--3-----,1501,,4653N 01318E,
,AT,KL4,Kollerschlag,Kollerschlag,4,RL,--3-----,1407,,4836N 01350E,
,AT,KOL,Kolsass,Kolsass,7,RL,-23--6--,0901,,4717N 01138E,
,AT,KGI,Kopfing im Innkreis,Kopfing im Innkreis,4,RL,--3--6--,0507,,4826N 01339E,
,AT,KOP,Koppl,Koppl,5,RQ,--3-----,1101,,4748N 01310E,
,AT,KBG,Korneuburg,Korneuburg,,RL,--3-----,9811,,,
,AT,KOT,Kottes,Kottes,3,RL,--3--6--,1301,,4825N 01518E,
,AT,KNR,Kottingbrunn,Kottingbrunn,3,RL,-23-----,0212,,4756N 01613E,
,AT,KRS,Kramsach,Kramsach,7,RL,--3-----,0401,,4727N 01152E,
,AT,KDM,Kraubath an der Mur,Kraubath an der Mur,,RL,--3-----,9805,,,
,AT,KRE,Krems,Krems,6,RL,--3-----,1607,,4702N 01511E,
,AT,KAN,Krems an der Donau,Krems an der Donau,3,RL,-----6--,1607,,4825N 01537E,
,AT,KMN,Krems in Kärnten,Krems in Karnten,2,RL,--3-----,1607,,4655N 01334E,
,AT,KMS,Kremsmünster,Kremsmunster,,RQ,--3-----,9705,,,
,AT,KGA,Krenglbach,Krenglbach,4,RL,-23-----,0701,,4812N 01357E,
,AT,KRI,Krieglach,Krieglach,6,RL,-23-----,0901,,4732N 01533E,
,AT,KRZ,Kritzendorf,Kritzendorf,3,RL,--3-----,1701,,4820N 01618E,
,AT,KRO,Krobotek,Krobotek,1,RQ,--3-----,0501,,4658N 01611E,
,AT,KST,Kronstorf,Kronstorf,4,RL,--3-----,1207,,4808N 01427E,
,AT,KTF,Krottendorf,Krottendorf,6,RL,--3-----,0901,,4727N 01520E,
,AT,KUB,Krumbach Markt,Krumbach Markt,3,RL,--3-----,0701,,4731N 01611E,
,AT,KMB,Krummnussbaum,Krummnussbaum,,RL,123--6--,0601,,4813N 01510E,
,AT,GHJ,Krustetten,Krustetten,3,RL,1----6--,1107,,4822N 15400W,
,AT,KLD,Kröllendorf,Krollendorf,,RQ,-23-----,9705,,,
,AT,KUC,Kuchl,Kuchl,,RL,--3-----,0201,,4737N 01308E,
,AT,KFS,Kufstein,Kufstein,,RQ,--3-----,9705,,,
,AT,KMR,Kumberg,Kumberg,6,RL,--3-----,0701,,4710N 01532E,
,AT,KUN,Kundl,Kundl,,RL,--3-----,0201,,4728N 01159E,
,AT,KFH,Köflach,Koflach,,RL,--3-----,0201,,4703N 01504E,
,AT,KAW,Königsbrunn am Wagram,Konigsbrunn am Wagram,3,RL,-23--6--,1301,,4825N 01556E,
,AT,KTN,Königstetten,Konigstetten,3,RL,--3-----,1301,,4818N 01608E,
,AT,KOS,Kössen,Kossen,7,RL,--3----B,0901,,4740N 01224E,
,AT,KOE,Köstendorf,Kostendorf,5,RQ,--3-----,0907,,4757N 01311E,
,AT,KEU,Kötschach-Mauthen,Kotschach-Mauthen,,RL,--3-----,0201,,4640N 01300E,
,AT,KUD,Kühnsdorf,Kuhnsdorf,2,RL,-23-----,1307,,4637N 01438E,
,AT,LAA,Laa an der Thaya,Laa an der Thaya,,RL,--3-----,0201,,4843N 01623E,
,AT,LKI,Laakirchen,Laakirchen,4,RL,-23-----,0501,,4758N 01349E,
,AT,LCK,Lackenbach,Lackenbach,1,RL,--3-----,1207,,4735N 01628E,
,AT,LDO,Ladendorf,Ladendorf,3,RL,--3-----,0701,,4832N 01629E,
,AT,LMB,Lambach,Lambach,,RQ,--3-----,9704,,,
,AT,LAB,Lambrechten,Lambrechten,4,RL,--3-----,1307,,4819N 01331E,
,AT,LPS,Lamprechtshausen,Lamprechtshausen,5,RL,--3-----,0701,,4759N 01257E,
,AT,LAN,Landeck,Landeck,,RL,--3-----,0201,,4708N 01033E,
,AT,LGE,Langenlebarn,Langenlebarn,3,RL,--3-----,1301,,4820N 01607E,
,AT,LAG,Langenlois,Langenlois,,RL,--3-----,0607,,4828N 01540E,
,AT,LGR,Langenrohr,Langenrohr,3,RL,-23-----,1001,,4818N 01600E,
,AT,LSN,Langenstein,Langenstein,,RL,--3-----,0607,,4815N 01428E,
,AT,LGW,Langenwang,Langenwang,6,RL,-23-----,0701,,4734N 01537E,
,AT,LZD,Langenzersdorf,Langenzersdorf,3,RL,123-----,0407,,4818N 01621E,
,AT,LTF,Langkampfen,Langkampfen,7,RL,--3-----,1301,,4733N 01206E,
,AT,LWN,Langwiesen,Langwiesen,2,RL,--3-----,1801,,4654N 01417E,
,AT,LNH,Lannach,Lannach,6,RL,--3-----,0407,,4656N 01520E,
,AT,LZF,Lanzendorf,Lanzendorf,9,RL,--3-----,1801,,4806N 01626E,
,AT,NLA,Lanzenkirchen,Lanzenkirchen,3,RL,-----6--,1301,,4744N 01614E,
,AT,LAS,Lassing,Lassing,6,RL,--3-----,0701,,4744N 01453E,
,AT,LAU,Launsdorf,Launsdorf,,RQ,--3-----,1007,,4676N 14454E,
,AT,LUT,Lauterach,Lauterach,,RQ,--3-----,9506,QLX,,
,AT,LNT,Lavant,Lavant,7,RL,--3-----,0901,,4647N 01250E,
,AT,LXE,Laxenburg,Laxenburg,,RL,--3-----,0201,,4804N 01621E,
,AT,LEB,Lebring,Lebring,6,RL,-23-----,0407,,4651N 01532E,
,AT,LEC,Lech,Lech,8,RL,-----6--,1107,,,
,AT,ECU,Lechaschau,Lechaschau,7,RL,-----6--,1201,,4729N 01042E,
,AT,LBE,Leiben,Leiben,3,RQ,--3-----,1301,,4814N 01516E,
,AT,LEI,Leibnitz,Leibnitz,,RL,--3-----,0201,,4647N 01532E,
,AT,LP4,Leithaprodersdorf,Leithaprodersdorf,1,RL,--3-----,1707,,4756N 01629E,
,AT,LUA,Lembach,Lembach,4,RL,1-3-----,1401,,4829N 01353E,
,AT,LEN,Lend,Lend,,RL,--3-----,0201,,4717N 01302E,
,AT,LGU,Lengau,Lengau,,RL,--3-----,0607,,4800N 01313E,
,AT,LGN,Lengenfeld,Lengenfeld,3,RL,--3-----,0701,,4828N 01536E,
,AT,LZG,Lenzing,Lenzing,,RQ,-23-----,9705,,,
,AT,LBN,Leoben,Leoben,,RQ,--3-----,0101,,,
,AT,LEO,Leobendorf,Leobendorf,,RL,--3-----,0106,,4822N 01618E,
,AT,LBD,Leobersdorf,Leobersdorf,,RL,--3-----,0201,,4755N 01613E,
,AT,LDG,Leonding,Leonding,,RL,--3-----,0601,,4816N 01414E,
,AT,LPO,Leopoldsdorf (Wien),Leopoldsdorf (Wien),3,RL,--3-----,1107,,4807N 01624E,
,AT,LTH,Leutasch,Leutasch,,RL,--3-----,0601,,4722N 01109E,
,AT,LTS,Leutschach,Leutschach,6,RL,1----6--,1201,,4640N 01528E,
,AT,LTD,Leutzmannsdorf,Leutzmannsdorf,3,RL,--3-----,1701,,4807N 01457E,
,AT,LIW,Lichtenau im Waldviertel,Lichtenau im Waldviertel,3,RL,--3-----,1601,,4830N 01523E,
,AT,LTG,Lichtenberg,Lichtenberg,3,RL,--3-----,0507,,4847N 01519E,
,AT,NWR,Lichtenworth,Lichtenworth,3,RL,--3-----,1207,,4750N 01617E,
,AT,LIB,Lieboch,Lieboch,6,RL,-23-----,0307,,4658N 01520E,
,AT,LEZ,Lienz,Lienz,,RQ,-23-----,9705,,,
,AT,LRR,Lieserbruecke,Lieserbruecke,2,RQ,--3-----,1001,,4650N 01329E,
,AT,LZN,Liezen,Liezen,,RQ,--3-----,9705,,,
,AT,LLF,Lilienfeld,Lilienfeld,3,RL,-23-----,0401,,4801N 01538E,
,AT,IEG,Limberg,Limberg,3,RL,1-------,1107,,4835N 01552E,
,AT,LBU,Lindabrunn,Lindabrunn,3,RL,--3-----,0701,,4754N 01610E,
,AT,LNZ,Linz,Linz,4,AI,-234----,1601,,4818N 01418E,
,AT,LSH,Litschau,Litschau,3,RL,--3-----,1301,,4856N 01503E,
,AT,BUG,Litzelsdorf,Litzelsdorf,1,RL,--3-----,1407,,4712N 01609E,
,AT,LOE,Lobendorf,Lobendorf,3,RL,--3-----,0212,,4826N 01525E,
,AT,LCU,Lochau,Lochau,,RQ,--3-----,9501,,,
,AT,LCH,Lochen,Lochen,4,RL,--3-----,1301,,4801N 01311E,
,AT,LOF,Lofer,Lofer,5,RL,--3-----,1501,,4735N 01241E,
,AT,LOB,Lohnsburg,Lohnsburg,,RL,--3-----,0201,,4808N 01324E,
,AT,LDS,Loidesthal,Loidesthal,3,RL,-----6--,1807,,4829N 01645E,
,AT,LOI,Loimersdorf,Loimersdorf,,RL,-23-----,0607,,4810N 01650E,
,AT,LPB,Loipersbach,Loipersbach,3,RL,--3-----,0701,,4743N 01907E,
,AT,LPD,Loipersdorf,Loipersdorf,3,RL,--3-----,1107,,4808N 01521E,
,AT,LSD,Loosdorf,Loosdorf,,RL,-23--6--,0607,,4812N 01524E,
,AT,LUW,Ludersdorf-Wilfersdorf,Ludersdorf-Wilfersdorf,6,RL,--3-----,1607,,4706N 01540E,
,AT,DSH,Ludesch,Ludesch,8,RL,-23-----,0901,,4712N 00947E,
,AT,LTN,Lustenau,Lustenau,,RQ,--3-----,9705,,,
,AT,LTZ,Lutzmannsburg,Lutzmannsburg,1,RL,--3-----,1207,,4728N 01638E,
,AT,LFD,Längenfeld,Langenfeld,,RQ,--3-----,9806,,,
,AT,MDS,Madstein,Madstein,6,RL,--3-----,1201,,4722N 01500E,
,AT,MLB,Mailberg,Mailberg,3,RL,--3-----,1207,,4840N 01611E,
,AT,MSN,Maishofen,Maishofen,5,RQ,--3--6--,1001,,4722N 01248E,
,AT,MLH,Mallersbach,Mallersbach,3,RL,--3-----,1701,,4850N 01548E,
,AT,MNG,Mandling,Mandling,6,RL,-23-----,0701,,4724N 01334E,
,AT,MAL,Mannersdorf am Leithagebirge,Mannersdorf am Leithagebirge,3,RQ,-----6--,1007,,4758N 01636E,
,AT,MNN,Mannersdorf an der March,Mannersdorf an der March,3,RL,--3-----,1207,,4823N 01650E,
,AT,MAN,Manning,Manning,4,RL,1-3-----,1401,,4805N 01340E,
,AT,MW3,Mannswörth,Mannsworth,3,RL,--3-----,1601,,4809N 01631E,
,AT,MAB,Marbach an der Donau,Marbach an der Donau,3,RL,123-----,1001,,4813N 01509E,
,AT,GGM,Marchegg,Marchegg,3,RL,--3-----,1801,,4816N 01654E,
,AT,MRC,Marchtrenk,Marchtrenk,4,RL,--3-----,0501,,4811N 01407E,
,AT,MAM,Margarethen am Moos,Margarethen am Moos,3,RL,--3-----,1301,,4802N 01636E,
,AT,MA5,Maria Alm am Steinernen Meer,Maria Alm am Steinernen Meer,5,RL,--3-----,1601,,4724N 01254E,
,AT,MEN,Maria Enzersdorf,Maria Enzersdorf,3,RQ,--3-----,1101,,4806N 01617E,
,AT,MLJ,Maria Laach am Jauerling,Maria Laach am Jauerling,3,RL,--3-----,1301,,4818N 01520E,
,AT,ZEN,Maria Lanzendorf,Maria Lanzendorf,,RL,-23-----,0607,,4806N 01625E,
,AT,MR2,Maria Rain,Maria Rain,2,RL,--3-----,1601,,4633N 01417E,
,AT,MAS,Maria Saal,Maria Saal,2,RQ,--3-----,1101,,4640N 01420E,
,AT,MDO,Mariasdorf,Mariasdorf,1,RL,--3-----,0407,,4722N 01613E,
,AT,MZL,Mariazell,Mariazell,6,RL,--3-----,0901,,4746N 01519E,
,AT,MGL,Markgrafneusiedl,Markgrafneusiedl,,RL,--3-----,0701,,4816N 01638E,
,AT,MKA,Markt Allhau,Markt Allhau,1,RL,1----6--,1107,,4714N 01605E,
,AT,MPI,Markt Piesting,Markt Piesting,3,RL,--3-----,0701,,4752N 01608E,
,AT,MAR,Marktl,Marktl,,RL,--3-----,0201,,4801N 01535E,
,AT,MSF,Martinsdorf,Martinsdorf,3,RL,--3-----,1607,,4828N 01638E,
,AT,MRZ,Marz,Marz,1,RL,--3-----,0407,,4743N 01625E,
,AT,MBR,Matrei am Brenner,Matrei am Brenner,,RL,-23--6--,0607,,4708N 01127E,
,AT,MAT,Mattersburg,Mattersburg,,RL,--3-----,0201,,4744N 01623E,
,AT,MTH,Mattighofen,Mattighofen,,RQ,--3-----,9501,,,
,AT,MTS,Mattsee,Mattsee,5,RL,--3-----,1301,,4758N 01306E,
,AT,MTZ,Matzen,Matzen,3,RL,--3-----,1207,,4824N 01642E,
,AT,MBH,Mauerbach,Mauerbach,3,RL,--3-----,0701,,4815N 01610E,
,AT,MHK,Mauerkirchen,Mauerkirchen,,RQ,--3-----,9307,,,
,AT,MTN,Mautern,Mautern,3,RQ,--3-----,1101,,4823N 01535E,
,AT,MUD,Mautern an der Donau,Mautern an der Donau,3,RL,--3-----,1301,,4823N 01534E,
,AT,MTK,Mautern in Steiermark,Mautern in Steiermark,6,RL,--3-----,1301,,4724N 01450E,
,AT,MTF,Mauterndorf,Mauterndorf,5,RL,--3-----,0307,,4708N 01340E,
,AT,MAU,Mauthausen,Mauthausen,,RL,--3-----,0201,,4814N 01431E,
,AT,MRH,Mayrhofen,Mayrhofen,7,RL,-23-----,0901,,4710N 01152E,
,AT,MGN,Meggenhofen,Meggenhofen,,RL,--3-----,0607,,4811N 01348E,
,AT,MEE,Mehrnbach,Mehrnbach,4,RL,--3-----,1101,,4813N 01326E,
,AT,VNG,Meiningen,Meiningen,8,RL,-----6--,0901,,4717N 00934E,
,AT,MEI,Meiselding,Meiselding,2,RL,--3--6--,0901,,4650N 01424E,
,AT,MEL,Melk,Melk,,RQ,--3-----,9501,,,
,AT,MLA,Mellau,Mellau,8,RL,--3-----,0701,,4721N 00952E,
,AT,MER,Merchtrenk,Merchtrenk,4,RL,-23-----,0507,,4811N 01406E,
,AT,MSD,Messendorf,Messendorf,6,RL,--3-----,0212,,4702N 01529E,
,AT,MSB,Mettersdorf Am Sassbach,Mettersdorf Am Sassbach,,RL,--3-----,0607,,4648N 01542E,
,AT,ZZG,Michaelbeuern,Michaelbeuern,5,RL,--3-----,1501,,4801N 01301E,
,AT,MIC,Michelbach,Michelbach,3,RQ,--3-----,1101,,4805N 01545E,
,AT,MCF,Micheldorf,Micheldorf,2,RL,-----6--,1201,,4637N 01324E,
,AT,MAK,Micheldorf am Kienberge,Micheldorf am Kienberge,4,RQ,--3-----,1101,,4751N 01408E,
,AT,MIF,Micheldorf in Kärnten,Micheldorf in Karnten,,RQ,--3-----,0201,,,
,AT,MCD,Micheldorf in Oberösterreich,Micheldorf in Oberosterreich,4,RL,-23-----,0212,,4752N 01408E,
,AT,MLN,Michelhausen,Michelhausen,3,RL,--3-----,1401,,4817N 01556E,
,AT,MEM,Mieming,Mieming,7,RL,--3-----,1807,,4718N 01059E,
,AT,MIK,Miklauzhof,Miklauzhof,,RL,0-------,9501,,,
,AT,MST,Millstatt,Millstatt,2,RQ,-----6--,1007,,4648N 01334E,
,AT,MIL,Mils,Mils,7,RL,--3-----,1601,,4717N 01131E,
,AT,MSS,Missingdorf,Missingdorf,3,RL,--3-----,1207,,4841N 01548E,
,AT,MIS,Mistelbach,Mistelbach,4,RL,--3-----,0401,,4814N 01404E,
,AT,MIT,Mittelberg,Mittelberg,,AI,----5---,9805,,,
,AT,MTB,Mitterberghutten,Mitterberghutten,5,RQ,--3-----,1101,,4724N 01313E,
,AT,MML,Mitterdorf im Murztal,Mitterdorf im Murztal,6,RL,--3-----,1501,,4732N 01531E,
,AT,MKC,Mitterkirchen,Mitterkirchen,4,RL,1-3-----,0507,,4811N 01442E,
,AT,MLS,Mittersill,Mittersill,,RQ,--3-----,9501,,4716N 01228E,
,AT,MIX,Mixnitz,Mixnitz,,RL,--3-----,0201,,4719N 01521E,
,AT,MLL,Mollands,Mollands,3,RL,--3-----,1301,,4831N 01541E,
,AT,MBK,Mollbrucke,Mollbrucke,2,RL,--3-----,1501,,4650N 01322E,
,AT,OLL,Molln,Molln,,RL,--3-----,0201,,4752N 01416E,
,AT,MON,Mondsee,Mondsee,,RL,--3-----,0607,,4751N 01321E,
,AT,MOO,Moosbrunn,Moosbrunn,3,RL,--3-----,1301,,4810N 01627E,
,AT,OBM,Moosdorf,Moosdorf,4,RQ,-----6--,0907,,4803N 01259E,
,AT,MBS,Morbisch am See,Morbisch am See,1,RL,1----6--,1107,,4745N 01640E,
,AT,HLD,Muhldorf,Muhldorf,3,RL,--3-----,1207,,4822N 01521E,
,AT,MDG,Munderfing,Munderfing,4,RL,--3-----,1301,,4804N 01311E,
,AT,MUR,Murau,Murau,6,RL,-----6--,0901,,4706N 01410E,
,AT,MUC,Mureck,Mureck,6,RL,--3-----,0701,,4642N 01546E,
,AT,MUQ,Murstetten,Murstetten,3,RL,--3-----,1401,,4814N 01549E,
,AT,NT9,Muthmannsdorf,Muthmannsdorf,3,RL,1-3-----,1401,,4750N 01606E,
,AT,MDR,Mäder,Mader,8,RL,--3-----,1101,,4721N 00937E,
,AT,MBG,Möderbrugg,Moderbrugg,,RL,--3-----,0701,,4717N 01429E,
,AT,MOE,Mödling,Modling,,RL,--3-----,0201,,4804N 01617E,
,AT,MHF,Mönchhof,Monchhof,,RL,-23-----,0607,,4753N 01657E,
,AT,MAI,Mühlheim,Muhlheim,,RL,-----6--,1007,,4817N 01313E,
,AT,MNO,Müllendorf,Mullendorf,,RL,-23--6--,0607,,4751N 01628E,
,AT,MUE,Münchendorf,Munchendorf,,RL,--3-----,0201,,4801N 01622E,
,AT,MHE,Münichreith,Munichreith,,RL,--3--6--,0601,,4816N 01508E,
,AT,MZH,Münzbach,Munzbach,4,RL,--3-----,0701,,4816N 01442E,
,AT,MUN,Münzkirchen,Munzkirchen,,RL,--3-----,1107,,,
,AT,MOF,Mürzhofen,Murzhofen,6,RL,--3-----,1601,,4729N 01523E,
,AT,MZZ,Mürzzuschlag,Murzzuschlag,,RL,-23-----,0201,,4736N 01540E,
,AT,NAA,Naarn,Naarn,4,RL,--3-----,1301,,4813N 01436E,
,AT,NEC,Neckenmarkt,Neckenmarkt,,RL,--3-----,0607,,4736N 01633E,
,AT,NEZ,Nenzing,Nenzing,,RL,--3-----,0201,,4710N 00941E,
,AT,NGZ,Nestelbach bei Graz,Nestelbach bei Graz,6,RL,--3-----,0701,,4703N 01537E,
,AT,NET,Nettingsdorf,Nettingsdorf,4,RL,--3-----,1701,,4810N 01415E,
,AT,ANI,Neu-Anif,Neu-Anif,5,RL,--3-----,1301,,4745N 01304E,
,AT,NEU,Neubau,Neubau,,RL,--3-----,0201,,4830N 01631E,
,AT,NUA,Neudau,Neudau,,RQ,-23-----,9709,,,
,AT,NGG,Neudegg,Neudegg,3,RL,1----6--,1107,,4829N 01553E,
,AT,NBI,Neudorf bei Ilz,Neudorf bei Ilz,6,RL,--3-----,1207,,4705N 01557E,
,AT,NEL,Neudörfl,Neudorfl,1,RL,--3-----,0207,,4747N 01618E,
,AT,NUF,Neufeld an der Leitha,Neufeld an der Leitha,,RL,--3-----,0201,,4752N 01622E,
,AT,NFN,Neufelden,Neufelden,,RL,123-----,0601,,4829N 01359E,
,AT,NKB,Neuhaus am Klausenbach,Neuhaus am Klausenbach,1,RL,--3-----,1607,,4652N 01602E,
,AT,NEK,Neuhofen an der Krems,Neuhofen an der Krems,,RL,--3-----,0201,,4808N 01413E,
,AT,NAD,Neuhofen an der Ybbs,Neuhofen an der Ybbs,3,RL,1-3-----,1401,,4803N 01451E,
,AT,NII,Neuhofen im Innkreis,Neuhofen im Innkreis,4,RL,--3-----,1307,,4811N 01328E,
,AT,NVC,Neukirchen an der Vöckla,Neukirchen an der Vockla,4,RL,--3-----,1407,,4802N 01332E,
,AT,NEH,Neulengbach,Neulengbach,,RL,--3-----,0201,,4810N 01558E,
,AT,NWS,Neumarkt am Wallersee,Neumarkt am Wallersee,5,RL,-23-----,0701,,4757N 01314E,
,AT,NYB,Neumarkt and der Ybbs,Neumarkt and der Ybbs,3,RL,--3-----,1207,,4808N 01503E,
,AT,NHR,Neumarkt im Hausruckkreis,Neumarkt im Hausruckkreis,,RL,-23-----,0601,,4816N 01342E,
,AT,NMK,Neumarkt im Mühlkreis,Neumarkt im Muhlkreis,4,RL,-----6--,1201,,4825N 01429E,
,AT,NKN,Neunkirchen,Neunkirchen,3,RL,--3-----,0401,,4743N 01605E,
,AT,NPK,Neupirka,Neupirka,6,RL,-----6--,1201,,4700N 01525E,
,AT,NES,Neusiedl,Neusiedl,,RQ,--3-----,0201,,,
,AT,NAS,Neusiedl am See,Neusiedl am See,1,RQ,--3-----,1101,,4756N 01650E,
,AT,NAZ,Neusiedl an der Zaya,Neusiedl an der Zaya,3,RL,--3-----,1601,,4838N 01648E,
,AT,NSM,Neustadtl Markt,Neustadtl Markt,3,RL,--3-----,1001,,4811N 01455E,
,AT,NDL,Neustift an der Lafnitz,Neustift an der Lafnitz,1,RL,--3-----,1801,,4722N 01602E,
,AT,NEM,Neustift im Mühlkreis,Neustift im Muhlkreis,4,RL,--3-----,1001,,4832N 01345E,
,AT,TR7,Neustift im Stubaital,Neustift im Stubaital,7,RL,--3-----,1207,,4707N 01119E,
,AT,NTA,Neutal,Neutal,,RL,--3-----,0106,,4732N 01626E,
,AT,NZG,Neuzeug,Neuzeug,4,RL,--3-----,1301,,4803N 01420E,
,AT,ND2,Nickelsdorf,Nickelsdorf,1,RL,1----6--,1107,,4756N 01704E,
,AT,N9F,Niederabsdorf,Niederabsdorf,3,RL,--3-----,1501,,4834N 01651E,
,AT,NHN,Niederhollabrunn,Niederhollabrunn,3,RL,--3-----,1707,,4826N 01618E,
,AT,NIK,Niederkappel,Niederkappel,4,RL,--3-----,1001,,4828N 01353E,
,AT,NID,Niederleis,Niederleis,3,RL,--3-----,1607,,4833N 01624E,
,AT,NDF,Niederndorf,Niederndorf,3,RQ,--3-----,1101,,4810N 01511E,
,AT,NSL,Niedernsill,Niedernsill,,RQ,--3-----,0101,,,
,AT,NIE,Niederottnang,Niederottnang,4,RL,--3-----,0701,,4806N 01340E,
,AT,NMN,Niederranna,Niederranna,4,RL,-23-----,1401,,4828N 01348E,
,AT,NRR,Niederrussbach,Niederrussbach,3,RQ,--3--6--,0907,,4827N 01602E,
,AT,NWK,Niederwaldkirchen,Niederwaldkirchen,,RL,--3-----,0601,,4827N 01404E,
,AT,NIW,Niederwölz,Niederwolz,1,RL,-23-----,0701,,4709N 01422E,
,AT,NKD,Niklasdorf,Niklasdorf,,RL,--3-----,0201,,4723N 01509E,
,AT,NBA,Nussbach,Nussbach,,RL,-----6--,0601,,4758N 01410E,
,AT,NSD,Nussdorf,Nussdorf,,RL,--3-----,0201,,4713N 01428E,
,AT,NAH,Nussdorf am Haunsberg,Nussdorf am Haunsberg,5,RL,--3-----,1301,,4758N 01301E,
,AT,NAT,Nussdorf an der Traisen,Nussdorf an der Traisen,,RL,--3-----,0701,,4821N 01542E,
,AT,NUZ,Nüziders,Nuziders,,RL,123-----,0601,,4711N 00948E,
,AT,OHD,Obdach,Obdach,,RQ,--3-----,9501,,,
,AT,ORH,Oberaich,Oberaich,,RL,-23-----,0701,,4724N 01513E,
,AT,OMB,Oberalm,Oberalm,5,RQ,--3--6--,1001,,4742N 01306E,
,AT,OFC,Obere Fellach,Obere Fellach,,RQ,-----6--,1007,,4638N 01349E,
,AT,OBG,Obergrafendorf,Obergrafendorf,3,RL,--3-----,0907,,4808N 01532E,
,AT,OHI,Oberhofen am Irrsee,Oberhofen am Irrsee,4,RL,--3-----,1801,,4757N 01318E,
,AT,LAM,Oberlamm,Oberlamm,6,RL,-23-----,0401,,4659N 01603E,
,AT,NE2,Obermarkersdorf,Obermarkersdorf,3,RL,--3-----,1601,,4844N 01553E,
,AT,OAM,Oberndorf an der Melk,Oberndorf an der Melk,3,RL,--3-----,1307,,4803N 01513E,
,AT,OBR,Oberndorf bei Salzburg,Oberndorf bei Salzburg,,RL,--3-----,0201,,4756N 01256E,
,AT,ODT,Oberndorf in Tirol,Oberndorf in Tirol,7,RL,--3-----,1301,,4730N 01223E,
,AT,OBU,Oberneukirchen,Oberneukirchen,4,RQ,1-------,1301,,,
,AT,OBE,Oberpullendorf,Oberpullendorf,,RL,--3-----,0201,,4729N 01630E,
,AT,ORB,Oberrohrbach,Oberrohrbach,3,RL,--3-----,1207,,4824N 01618E,
,AT,OSZ,Oberschützen,Oberschutzen,1,RL,--3-----,0407,,4721N 01612E,
,AT,OSK,Oberstinkenbrunn,Oberstinkenbrunn,3,RL,--3-----,1207,,4837N 01609E,
,AT,OBH,Oberstrahlbach,Oberstrahlbach,,RL,--3-----,0601,,4837N 01506E,
,AT,OTN,Obertraun,Obertraun,4,RL,--3-----,1301,,4733N 01341E,
,AT,VTD,Obertrum am See,Obertrum am See,5,RL,-----6--,1301,,4756N 01304E,
,AT,OWG,Oberwagram,Oberwagram,3,RL,--3-----,1401,,4812N 01541E,
,AT,OWD,Oberwaltersdorf,Oberwaltersdorf,,RL,-23-----,0607,,4759N 01619E,
,AT,OWN,Oberwang,Oberwang,4,RL,--3-----,1407,,4752N 01326E,
,AT,OWT,Oberwart,Oberwart,,RQ,--3-----,9806,,,
,AT,OBW,Oberweis,Oberweis,4,RL,--3-----,0401,,4757N 01349E,
,AT,OED,Oed,Oed,,RL,--3-----,0607,,4823N 01508E,
,AT,XAE,Oehling,Oehling,3,RL,1-3-----,1401,,4806N 01448E,
,AT,OOT,Oepping,Oepping,4,RL,--3-----,1407,,4836N 01356E,
,AT,ORI,Oftering,Oftering,,RL,-23-----,0607,,4814N 01408E,
,AT,GGU,Oggau,Oggau,1,RL,1-------,1107,,4750N 01640E,
,AT,OLS,Ohlsdorf,Ohlsdorf,4,RL,--3-----,0207,,4757N 01347E,
,AT,OSF,Ollersdorf,Ollersdorf,3,RL,--3-----,1601,,4824N 01648E,
,AT,OAL,Oneal,Oneal,,RQ,0-------,9307,,,
,AT,OIN,Ort im Innkreis,Ort im Innkreis,4,RL,-----6--,1301,,4818N 01326E,
,AT,OAD,Orth an der Donau,Orth an der Donau,3,RL,--3-----,1301,,4808N 01642E,
,AT,ORT,Ortmann,Ortmann,3,RL,--3-----,0701,,4754N 01558E,
,AT,TMH,Ostermiething,Ostermiething,4,RL,-----6--,1107,,4803N 01250E,
,AT,OSH,Ottensheim,Ottensheim,4,RL,123-----,0507,,4820N 01411E,
,AT,OAH,Ottnang am Hausruck,Ottnang am Hausruck,4,RL,-----6--,1807,,4805N 01339E,
,AT,OYH,Oyenhausen,Oyenhausen,3,RL,--3-----,1301,,4759N 01617E,
,AT,PAL,Paldau,Paldau,6,RL,--3-----,1207,,4656N 01547E,
,AT,PAT,Palt,Palt,3,RL,--3-----,1601,,4837N 01533E,
,AT,PTG,Palting,Palting,4,RL,--3--6--,1001,,4801N 01308E,
,AT,PAM,Pamhagen,Pamhagen,1,RL,-23-----,0501,,4742N 01655E,
,AT,PDF,Parndorf,Parndorf,,RQ,--3-----,9705,,,
,AT,PHG,Pasching,Pasching,,RQ,--3-----,9705,,,
,AT,PSS,Passail,Passail,6,RL,--3-----,1601,,4717N 01531E,
,AT,ATK,Paternion,Paternion,2,RL,1-3-----,1401,,4642N 01338E,
,AT,PZF,Patzmannsdorf,Patzmannsdorf,3,RL,--3-----,1707,,4838N 01616E,
,AT,PEG,Peggau,Peggau,,RL,-23-----,0701,,4712N 01521E,
,AT,PO4,Pennewang,Pennewang,4,RL,--3-----,1601,,4808N 01351E,
,AT,PTF,Perchtoldsdorf,Perchtoldsdorf,3,RL,--3-----,0212,,4807N 01616E,
,AT,PER,Perg,Perg,,RQ,--3-----,9501,,,
,AT,PGM,Pernegg an der Mur,Pernegg an der Mur,6,RL,-23-----,0701,,4721N 01521E,
,AT,PRD,Pernersdorf,Pernersdorf,3,RL,--3-----,1207,,4842N 01601E,
,AT,PRH,Pernhofen,Pernhofen,,RQ,0-------,9307,,,
,AT,PNT,Pernitz,Pernitz,,RL,--3-----,0201,,4753N 01557E,
,AT,PBU,Persenbeug,Persenbeug,3,RL,123-----,0507,,4811N 01504E,
,AT,PWG,Perwang,Perwang,4,RL,--3--6--,1001,,4800N 01305E,
,AT,PTH,Perwarth,Perwarth,3,RQ,--3-----,1101,,4801N 01459E,
,AT,PSB,Pessaberg,Pessaberg,6,RL,--3-----,1207,,4649N 01540E,
,AT,PEC,Petronell-Carnuntum,Petronell-Carnuntum,3,RL,--3-----,1001,,4807N 01651E,
,AT,PEB,Pettenbach,Pettenbach,4,RL,-23-----,0401,,4757N 01401E,
,AT,7TA,Pettnau,Pettnau,7,RL,--3-----,1601,,4718N 01108E,
,AT,PET,Petzenkirchen,Petzenkirchen,3,RL,1----6--,1201,,4808N 01509E,
,AT,PRB,Peuerbach,Peuerbach,,RL,--3-----,0901,,4820N 01346E,
,AT,PFF,Pfaffenhofen,Pfaffenhofen,7,RL,--3-----,0901,,4718N 01105E,
,AT,PFA,Pfaffstätten,Pfaffstatten,3,RL,--3-----,1301,,4801N 01616E,
,AT,SSP,Pfarrwerfen,Pfarrwerfen,5,RL,--3-----,1307,,4727N 01312E,
,AT,PWE,Pichl bei Wels,Pichl bei Wels,,RL,--3--6--,0601,,4811N 01354E,
,AT,PND,Piesendorf,Piesendorf,5,RL,--3-----,1301,,4717N 01243E,
,AT,PLL,Pill,Pill,,RL,--3-----,0601,,4719N 01140E,
,AT,PLH,Pillichsdorf,Pillichsdorf,3,RL,--3-----,1207,,4821N 01632E,
,AT,PGG,Pinggau,Pinggau,,RL,--3-----,0201,,4726N 01603E,
,AT,PFD,Pinkafeld,Pinkafeld,,RL,-23-----,0601,,4722N 01607E,
,AT,POF,Pinsdorf,Pinsdorf,4,RL,--3-----,0307,,4755N 01346E,
,AT,PIS,Pischeldorf,Pischeldorf,2,RL,-----6--,0901,,4641N 01427E,
,AT,PRF,Pischelsdorf,Pischelsdorf,3,RL,--3-----,1301,,4820N 01556E,
,AT,PSM,Pischelsdorf In Der Steiermark,Pischelsdorf In Der Steiermark,6,RL,--3-----,1407,,4710N 01548E,
,AT,PK6,Pischelsdorf in Steiermark,Pischelsdorf in Steiermark,6,RL,--3-----,1601,,4710N 01548E,
,AT,PST,Pistorf,Pistorf,6,RL,-----6--,0901,,4646N 01522E,
,AT,PIT,Pitten,Pitten,3,RL,--3-----,1807,,4743N 01611E,
,AT,PID,Plainfeld,Plainfeld,5,RL,--3-----,1301,,4750N 01311E,
,AT,PLA,Platt,Platt,3,RL,--3-----,1207,,4840N 01557E,
,AT,PAS,Podersdorf am See,Podersdorf am See,1,RL,1-3-----,0901,,4751N 01650E,
,AT,PGO,Poggersdorf,Poggersdorf,,RL,--3-----,0607,,4639N 01427E,
,AT,LL6,Pollau,Pollau,6,RL,--3-----,1301,,4713N 01522E,
,AT,PO2,Pollauberg,Pollauberg,6,RL,--3-----,1207,,4719N 01551E,
,AT,POL,Polten,Polten,6,RL,--3-----,1101,,4644N 01558E,
,AT,PTT,Pottendorf,Pottendorf,3,RQ,--3-----,1101,,4754N 01623E,
,AT,OTT,Pottsching,Pottsching,1,RL,--3-----,1607,,4748N 01623E,
,AT,POB,Poysbrunn,Poysbrunn,3,RL,--3-----,1201,,4843N 01637E,
,AT,POY,Poysdorf,Poysdorf,,RL,--3-----,0607,,4840N 01638E,
,AT,PRM,Pram,Pram,4,RL,--3-----,0507,,4814N 01337E,
,AT,PBK,Prambachkirchen,Prambachkirchen,4,RQ,--3-----,1001,,4819N 01355E,
,AT,PRA,Pramet,Pramet,4,RL,--3-----,0401,,4808N 01329E,
,AT,PDG,Preding,Preding,6,RL,-----6--,0901,,4711N 01539E,
,AT,PGN,Pregarten,Pregarten,,RL,-23-----,0601,,4821N 01431E,
,AT,PRT,Preitenegg,Preitenegg,2,RL,-----6--,1201,,4656N 01455E,
,AT,PBM,Pressbaum,Pressbaum,3,RL,--3-----,1207,,4811N 01605E,
,AT,PFZ,Prinzendorf an der Zaya,Prinzendorf an der Zaya,3,RL,--3-----,1401,,4836N 01643E,
,AT,7PZ,Prinzersdorf,Prinzersdorf,3,RL,1-3-----,1401,,4812N 01531E,
,AT,PRL,Proleb,Proleb,6,RL,--3-----,1801,,4724N 01508E,
,AT,POT,Prottes,Prottes,1,RL,-23-----,0701,,4823N 01644E,
,AT,PUC,Puch,Puch,6,RL,--3-----,0901,,4656N 01546E,
,AT,PUU,Puchenau,Puchenau,4,RQ,--3-----,1101,,4819N 01414E,
,AT,PKG,Pucking,Pucking,4,RL,--3-----,0407,,4811N 01411E,
,AT,PKU,Pulkau,Pulkau,3,RL,--3-----,1207,,4842N 01551E,
,AT,PTZ,Punitz,Punitz,,RQ,--3-----,0907,,4707N 01620E,
,AT,PUP,Pupping,Pupping,4,RL,-23-----,1001,,4820N 01400E,
,AT,PUH,Purbach,Purbach,3,RQ,-----6--,1007,,4845N 01505E,
,AT,PBN,Purbach am Neusiedlersee,Purbach am Neusiedlersee,1,RL,--3-----,1401,,4754N 01641E,
,AT,PUR,Purgstall,Purgstall,,RL,--3-----,0201,,,
,AT,PLE,Purgstall an der Erlauf,Purgstall an der Erlauf,3,RL,-23-----,0701,,4803N 01508E,
,AT,PUF,Purkersdorf,Purkersdorf,,RQ,--3-----,0201,,,
,AT,D4S,Putzleinsdorf,Putzleinsdorf,4,RL,--3-----,1407,,4831N 01353E,
,AT,POE,Pöchlarn,Pochlarn,,RL,--3-----,0201,,4812N 01513E,
,AT,POG,Pöggstall,Poggstall,3,RL,--3-----,0212,,4819N 01511E,
,AT,PLS,Pöls,Pols,8,RL,-23-----,0701,,4713N 01434E,
,AT,PDO,Pöttelsdorf,Pottelsdorf,1,RL,--3-----,0901,,4745N 01626E,
,AT,RAB,Raab,Raab,,RQ,--3-----,9501,,,
,AT,RBA,Raaba,Raaba,,RL,-23-----,0106,,4701N 01529E,
,AT,RAA,Raasdorf,Raasdorf,3,RL,--3-----,0212,,4814N 01633E,
,AT,RDN,Radenthein,Radenthein,,RL,--3-----,0201,,4648N 01342E,
,AT,RFD,Radfeld,Radfeld,7,RL,-23-----,1101,,4727N 01155E,
,AT,RAD,Radstadt,Radstadt,,RL,123-----,0601,,4723N 01327E,
,AT,RGF,Raggendorf,Raggendorf,1,RL,-23-----,0701,,4824N 01639E,
,AT,RIM,Rainbach im Mühlkreis,Rainbach im Muhlkreis,,RQ,-----6--,0907,,4833N 01428E,
,AT,RAM,Ramingstein,Ramingstein,5,RL,--3-----,1301,,4704N 01350E,
,AT,RMU,Ramsau,Ramsau,3,RL,--3-----,1701,,4800N 01548E,
,AT,RUZ,Ramsau im Zillertal,Ramsau im Zillertal,7,RL,--3-----,1501,,4712N 01153E,
,AT,RXG,Randegg,Randegg,,RQ,-23-----,9709,,,
,AT,RKL,Rankweil,Rankweil,,RQ,--3-----,9501,,,
,AT,RAN,Rannersdorf,Rannersdorf,3,RQ,--3-----,1101,,4807N 01628E,
,AT,RHN,Ranshofen,Ranshofen,,RL,1-3-----,0601,,4814N 01300E,
,AT,RAS,Rastenfeld,Rastenfeld,,RL,--3-----,0607,,4834N 01520E,
,AT,RDW,Ratsch an der Weinstrasse,Ratsch an der Weinstrasse,,RL,--3-----,0607,,4641N 01534E,
,AT,RTB,Rattenberg,Rattenberg,7,RL,--3-----,1601,,4726N 01154E,
,AT,RAU,Rauris,Rauris,5,RQ,--3-----,1101,,4713N 01300E,
,AT,RXF,Raxendorf,Raxendorf,3,RL,--3-----,1407,,4820N 01516E,
,AT,RNZ,Rechnitz,Rechnitz,1,RL,--3-----,1801,,4718N 01627E,
,AT,REG,Regau,Regau,4,RQ,1----6--,1001,,4805N 01408E,
,AT,RCA,Reichenau,Reichenau,3,RQ,--3-----,1101,,4742N 01550E,
,AT,RTL,Reichenthal,Reichenthal,4,RL,--3-----,1307,,4833N 01423E,
,AT,REI,Reichersberg,Reichersberg,4,RL,--3-----,1301,,4820N 01322E,
,AT,RSD,Reichersdorf,Reichersdorf,,RL,-23-----,0607,,4820N 01542E,
,AT,RRM,Reichraming,Reichraming,4,RL,-23-----,1807,,4753N 01427E,
,AT,RSB,Reinsberg,Reinsberg,3,RL,--3-----,1301,,4759N 01504E,
,AT,RN3,Reisenberg,Reisenberg,3,RL,--3-----,1601,,4800N 01631E,
,AT,RWL,Rekawinkel,Rekawinkel,,RL,--3-----,9901,,,
,AT,RTZ,Retz,Retz,,RL,-23-----,0601,,4845N 01557E,
,AT,REU,Reuthe,Reuthe,8,RL,-----6--,0901,,4730N 00943E,
,AT,REE,Reuthe/Vorarlberg,Reuthe/Vorarlberg,8,RQ,--3-----,1001,,4722N 00953E,
,AT,RTE,Reutte,Reutte,,RL,--3-----,0201,,4728N 01042E,
,AT,RIE,Ried,Ried,,RQ,--3-----,9501,,,
,AT,RIK,Ried im Innkreis,Ried im Innkreis,4,RL,--3-----,1607,,4812N 01328E,
,AT,RIT,Ried Im Traunkreis,Ried Im Traunkreis,4,RL,--3-----,1607,,4801N 01405E,
,AT,RLD,Riedlingsdorf,Riedlingsdorf,,RL,-23-----,0701,,4721N 01608E,
,AT,RBG,Riegersburg,Riegersburg,,RL,--3-----,0607,,4700N 01556E,
,AT,KAT,Riegersdorf,Riegersdorf,2,RL,-----6--,0901,,4654N 13784E,
,AT,ETZ,Rietz,Rietz,7,RL,1-------,1107,,4717N 01103E,
,AT,RIZ,Rietz,Rietz,6,RL,--3-----,1101,,4717N 01103E,
,AT,RZL,Riezlern,Riezlern,,AI,----5---,9805,,,
,AT,XXX,RIS Inland waterways,RIS Inland waterways,,AI,1-------,1101,,,
,AT,RHR,Rohrau,Rohrau,3,RL,1----6--,1107,,4804N 01651E,
,AT,ROH,Rohrbach,Rohrbach,3,RQ,--3-----,1101,,4804N 01434E,
,AT,R8N,Rohrbach An Der Golsen,Rohrbach An Der Golsen,3,RL,--3-----,1601,,4803N 01545E,
,AT,RBM,Rohrbach bei Mattersburg,Rohrbach bei Mattersburg,1,RL,-----6--,0901,,4743N 01625E,
,AT,RDF,Rohrendorf bei Krems,Rohrendorf bei Krems,,RL,--3-----,0201,,4825N 01539E,
,AT,ROI,Roitham,Roitham,,RL,--3-----,0201,,4801N 01349E,
,AT,RNA,Rosenau,Rosenau,,RL,--3-----,0601,,4641N 01411E,
,AT,ROS,Rosenbach,Rosenbach,2,RL,-23-----,0701,,4632N 01402E,
,AT,RSU,Rosenburg,Rosenburg,,RL,-----6--,0601,,4838N 01538E,
+,AT,RAH,Rosental an der Kainach,Rosental an der Kainach,6,RL,--3-----,1907,,4703N 01506E,
,AT,ROA,Rossatz,Rossatz,3,RL,--3-----,1001,,4823N 01530E,
,AT,RSL,Rossleithen,Rossleithen,4,RL,--3-----,1307,,4741N 01417E,
,AT,RTM,Rotenturm an der Pinka,Rotenturm an der Pinka,,RL,--3-----,0201,,4715N 01614E,
,AT,RTH,Rothis,Rothis,8,RQ,--3-----,1001,,4717N 00939E,
,AT,RTT,Rottenmann,Rottenmann,,RQ,--3-----,9705,,,
,AT,RUN,Ruden,Ruden,2,RL,--3-----,1701,,4639N 01446E,
,AT,RUD,Rudersdorf,Rudersdorf,1,RL,--3-----,1301,,4703N 01607E,
,AT,RRF,Ruhrsdorf,Ruhrsdorf,3,RL,1-------,1107,,4824N 01530E,
,AT,RUM,Rum,Rum,,RL,-23-----,0607,,4717N 01127E,
,AT,RUP,Ruprechtshofen,Ruprechtshofen,3,RQ,--3-----,1101,,4808N 01516E,
,AT,RUS,Rust,Rust,,RL,--3-----,0201,,4748N 01639E,
,AT,RZM,Rutzenmoos,Rutzenmoos,4,RL,--3-----,1401,,4758N 01342E,
,AT,RST,Röschitz,Roschitz,,RL,--3-----,0701,,4840N 01553E,
,AT,SLB,Saalbach,Saalbach,5,RL,--3-----,1607,,4723N 01238E,
,AT,SSM,Saalfelden am Steinernen Meer,Saalfelden am Steinernen Meer,5,RL,-----6--,1301,,4725N 01250E,
,AT,SAC,Sachsenburg,Sachsenburg,2,RQ,--3-----,1101,,4649N 13211E,
,AT,SA7,Sachsendorf,Sachsendorf,3,RL,--3-----,1207,,4824N 01550E,
,AT,SM4,Salla,Salla,6,RL,--3-----,1407,,4706N 01458E,
,AT,SZG,Salzburg,Salzburg,5,AI,-2-45---,1401,,4748N 01302E,
,AT,SAK,Sankt Aegidi,Sankt Aegidi,4,RL,1-3-----,1401,,4829N 01345E,
,AT,AED,Sankt Aegyd am Neuwalde,Sankt Aegyd am Neuwalde,,RL,--3-----,1101,,4750N 01535E,
,AT,SAA,Sankt Andra am Zicksee,Sankt Andra am Zicksee,1,RL,--3-----,1207,,4747N 01656E,
,AT,ARV,Sankt Andrä,Sankt Andra,,RL,--3-----,0607,,4646N 01449E,
,AT,SAN,Sankt Andrä,Sankt Andra,2,RL,--3-----,1301,,4638N 01353E,
,AT,SAW,Sankt Andrä-Wördern,Sankt Andra-Wordern,3,RL,--3-----,1407,,4820N 01613E,
,AT,ANT,Sankt Anton,Sankt Anton,7,AI,---4----,1607,,4707N 01016E,
,AT,SFL,Sankt Florian,Sankt Florian,4,RL,-23-----,0701,,4810N 01308E,
,AT,SFI,Sankt Florian am Inn,Sankt Florian am Inn,4,RL,--3--6--,1001,,4826N 01336E,
,AT,SKG,Sankt Gallen,Sankt Gallen,6,RL,--3-----,1307,,4741N 01436E,
,AT,SGG,Sankt Georgen,Sankt Georgen,6,RL,--3-----,0901,,4732N 01422E,
,AT,SGF,Sankt Georgen am Steinfelden,Sankt Georgen am Steinfelden,3,RL,-23-----,0401,,4807N 01535E,
,AT,SGY,Sankt Georgen am Ybbsfelde,Sankt Georgen am Ybbsfelde,3,RL,--3-----,1607,,4808N 01457E,
,AT,SG4,Sankt Georgen an der Gusen,Sankt Georgen an der Gusen,4,RL,--3-----,1207,,4816N 01427E,
,AT,SGT,Sankt Georgen an der Stiefing,Sankt Georgen an der Stiefing,6,RL,--3-----,1301,,4652N 01534E,
,AT,SGS,Sankt Georgen bei Salzburg,Sankt Georgen bei Salzburg,,RL,123-----,0601,,4759N 01253E,
,AT,SGA,Sankt Georgen im Attergau,Sankt Georgen im Attergau,4,RL,-23--6--,1301,,4756N 01329E,
,AT,STG,Sankt Gertraud,Sankt Gertraud,,RL,-23-----,0601,,4652N 01452E,
,AT,SJB,Sankt Jakob Breitenau,Sankt Jakob Breitenau,,RQ,--3-----,1101,,,
,AT,SJK,Sankt Jakob im Rosental,Sankt Jakob im Rosental,2,RL,--3-----,1801,,4633N 01403E,
,AT,SJD,Sankt Jakob in Defereggen,Sankt Jakob in Defereggen,7,RL,--3-----,0901,,4655N 01219E,
,AT,JOA,Sankt Johann im Pongau,Sankt Johann im Pongau,,RL,--3-----,1101,,4721N 01312E,
,AT,JOH,Sankt Johann in Tirol,Sankt Johann in Tirol,7,RL,--3-----,1101,,4731N 01225E,
,AT,STK,Sankt Josef (Weststeiermark),Sankt Josef (Weststeiermark),6,RL,--3-----,1407,,4654N 01520E,
,AT,SKK,Sankt Kanzian am Klopeiner See,Sankt Kanzian am Klopeiner See,2,RL,-23--6--,0901,,4637N 01435E,
,AT,KLG,Sankt Katharein an der Laming,Sankt Katharein an der Laming,6,RL,--3-----,0701,,4728N 01508E,
,AT,SBL,Sankt Lambrecht,Sankt Lambrecht,6,RL,--3-----,1307,,4704N 01418E,
,AT,LFT,Sankt Leonhard am Forst,Sankt Leonhard am Forst,3,RL,--3--6--,1201,,4808N 01517E,
,AT,KN8,Sankt Lorenzen bei Knittelfeld,Sankt Lorenzen bei Knittelfeld,6,RL,--3-----,1801,,4715N 01453E,
,AT,LMU,Sankt Lorenzen im Mürztal,Sankt Lorenzen im Murztal,,RL,--3-----,0607,,4729N 01522E,
,AT,MMZ,Sankt Marein im Mürztal,Sankt Marein im Murztal,6,RL,-23-----,0701,,4728N 01522E,
,AT,S7B,Sankt Margarethen,Sankt Margarethen,1,RL,--3-----,1601,,4748N 01636E,
,AT,SMR,Sankt Margarethen an der Raab,Sankt Margarethen an der Raab,6,RL,1-3-----,1401,,4703N 01545E,
,AT,SK3,Sankt Margrethen,Sankt Margrethen,2,RL,1----6--,1107,,4638N 01423E,
,AT,SMA,Sankt Marien,Sankt Marien,,RL,--3-----,0601,,4808N 01416E,
,AT,SKH,Sankt Marienkirchen am Hausruck,Sankt Marienkirchen am Hausruck,4,RL,-----6--,1807,,4810N 01334E,
,AT,SNP,Sankt Marienkirchen an der Polsenz,Sankt Marienkirchen an der Polsenz,4,RL,--3-----,1807,,4815N 01355E,
,AT,SMN,Sankt Martin bei Linz,Sankt Martin bei Linz,,RL,--3-----,1101,,4813N 01416E,
,AT,MTI,Sankt Martin im Innkreis,Sankt Martin im Innkreis,,RL,-----6--,0601,,4817N 01326E,
,AT,SMM,Sankt Martin im Mühlkreis,Sankt Martin im Muhlkreis,4,RL,--3-----,0701,,4825N 01402E,
,AT,SKM,Sankt Michael,Sankt Michael,,RL,--3-----,0901,,4720N 01500E,
,AT,SEL,Sankt Michael im Lungau,Sankt Michael im Lungau,5,RL,--3-----,0701,,4705N 01338E,
,AT,SMI,Sankt Michael in Obersteiermark,Sankt Michael in Obersteiermark,,RL,--3-----,1101,,4720N 01500E,
,AT,SML,Sankt Michael ob Bleiburg,Sankt Michael ob Bleiburg,,RQ,--3-----,1101,,,
,AT,SNI,Sankt Nikola an der Donau,Sankt Nikola an der Donau,4,RL,-23-----,1001,,4814N 01454E,
,AT,SOP,Sankt Oswald Bei Plankenwarth,Sankt Oswald Bei Plankenwarth,6,RL,--3-----,1601,,4705N 01516E,
,AT,SPA,Sankt Pantaleon,Sankt Pantaleon,3,RL,--3-----,1001,,4812N 01434E,
,AT,SVT,Sankt Paul,Sankt Paul,,RQ,--3-----,1101,,,
,AT,SLV,Sankt Paul im Lavanttal,Sankt Paul im Lavanttal,2,RL,--3-----,1101,,4642N 01451E,
,AT,KTP,Sankt Peter,Sankt Peter,2,RL,--3-----,1807,,4633N 01402E,
,AT,SAO,Sankt Peter am Ottersbach,Sankt Peter am Ottersbach,6,RL,--3-----,1207,,4647N 01545E,
,AT,SPR,Sankt Peter im Sulmtal,Sankt Peter im Sulmtal,6,RL,--3-----,1301,,4645N 01515E,
,AT,SPD,Sankt Peter in der au Dorf,Sankt Peter in der au Dorf,3,RQ,--3-----,1101,,4803N 01437E,
,AT,S6P,Sankt Peter-Freienstein,Sankt Peter-Freienstein,6,RL,--3-----,1601,,4723N 01501E,
,AT,STP,Sankt Pölten,Sankt Polten,3,RL,--3-----,0407,,4812N 01538E,
,AT,RRA,Sankt Ruprecht an der Raab,Sankt Ruprecht an der Raab,,RL,-23--6--,0607,,4709N 01539E,
,AT,STS,Sankt Stefan,Sankt Stefan,,RQ,-23-----,1101,,,
,AT,SFS,Sankt Stefan im Lavanttal,Sankt Stefan im Lavanttal,2,RL,--3-----,1101,,4648N 01451E,
,AT,SSR,Sankt Stefan im Rosental,Sankt Stefan im Rosental,6,RL,--3-----,1207,,4654N 01544E,
,AT,SSO,Sankt Stefan ob Leoben,Sankt Stefan ob Leoben,6,RL,--3-----,0901,,4718N 01459E,
,AT,FBZ,Sankt Stefan ob Stainz,Sankt Stefan ob Stainz,6,RL,1-------,1107,,4655N 01515E,
,AT,TBL,Sankt Thomas am Blasenstein,Sankt Thomas am Blasenstein,4,RQ,--3-----,1101,,4818N 01445E,
,AT,SUH,Sankt Ulrich,Sankt Ulrich,3,RL,1----6--,1201,,4836N 01646E,
,AT,SAP,Sankt Ulrich Am Pillersee,Sankt Ulrich Am Pillersee,7,RL,--3-----,1601,,4732N 01234E,
,AT,STV,Sankt Valentin,Sankt Valentin,,RQ,--3-----,1101,,,
,AT,SVV,Sankt Veit am Vogau,Sankt Veit am Vogau,,RL,--3-----,0901,,4644N 01537E,
,AT,SVG,Sankt Veit an der Glan,Sankt Veit an der Glan,2,RL,--3-----,1101,,4646N 01421E,
,AT,SVO,Sankt Veit an der Gölsen,Sankt Veit an der Golsen,,RL,--3-----,1101,,4802N 01540E,
,AT,SVM,Sankt Veit im Mühlkreis,Sankt Veit im Muhlkreis,4,RL,1-3-----,1401,,4828N 01409E,
,AT,SAM,Sarmingstein,Sarmingstein,3,RL,--3-----,1601,,4813N 01458E,
,AT,IST,Satteins,Satteins,8,RL,--3-----,1607,,4713N 00940E,
,AT,SUN,Sattledt,Sattledt,,RL,-23-----,0601,,4804N 01404E,
,AT,SCC,Schalchen,Schalchen,4,RL,--3-----,1601,,4812N 01313E,
,AT,4ST,Scharitz,Scharitz,7,RL,--3-----,1407,,4723N 01117E,
,AT,SSI,Scharnstein,Scharnstein,4,RL,-23-----,0701,,4754N 01358E,
,AT,SBB,Scheibbs,Scheibbs,3,RL,-23-----,0401,,4800N 01510E,
,AT,SMU,Scheifling,Scheifling,6,RL,--3-----,1801,,4709N 01424E,
,AT,SDB,Schiedlberg,Schiedlberg,4,RQ,--3-----,1101,,4806N 01416E,
,AT,SLD,Schladming,Schladming,6,RL,--3-----,1207,,4723N 01341E,
,AT,SCS,Schlins,Schlins,8,RQ,--3-----,1101,,4712N 00942E,
,AT,7ST,Schlitters,Schlitters,7,RL,--3-----,1407,,4722N 01150E,
,AT,SGL,Schlägl,Schlagl,4,RQ,-----6--,1001,,4838N 01358E,
,AT,SGN,Schneegattern,Schneegattern,4,RL,--3-----,1601,,4802N 01319E,
,AT,GF2,Schnifis,Schnifis,8,RL,--3-----,1707,,4713N 00943E,
,AT,SCG,Schrattenberg,Schrattenberg,3,RL,--3-----,0701,,4843N 01643E,
,AT,TTL,Schrattenthal,Schrattenthal,3,RL,1-------,1107,,4842N 01554E,
,AT,SRM,Schrems,Schrems,,RL,--3-----,0201,,4847N 01503E,
,AT,SHS,Schruns,Schruns,8,RL,-23-----,0701,,4705N 00955E,
,AT,ST8,Schutzen,Schutzen,8,RL,--3-----,1207,,4731N 00952E,
,AT,SAG,Schutzen am Gebirge,Schutzen am Gebirge,1,RL,1----6--,1107,,4751N 01637E,
,AT,SWB,Schwanberg,Schwanberg,6,RL,-----6--,0901,,4645N 01512E,
,AT,SST,Schwanenstadt,Schwanenstadt,,RL,--3-----,0002,,,
,AT,SCW,Schwarzach,Schwarzach,,RQ,0-------,9705,,,
,AT,SIP,Schwarzach im Pongau,Schwarzach im Pongau,5,RL,-----6--,1301,,4719N 01309E,
,AT,SIG,Schwarzau im Gebirge,Schwarzau im Gebirge,,RL,-23-----,0601,,4749N 01542E,
,AT,S7N,Schwarzenau,Schwarzenau,3,RL,--3-----,1601,,4844N 01515E,
,AT,SCZ,Schwaz,Schwaz,7,RL,--3-----,1607,,4721N 01143E,
,AT,SHT,Schwechat,Schwechat,3,RL,-23-----,1607,,4808N 01628E,
,AT,SHE,Schweiggers,Schweiggers,3,RL,--3-----,1601,,4840N 01504E,
,AT,SWT,Schwendt,Schwendt,7,RL,--3-----,1201,,4731N 01219E,
,AT,SCH,Schwertberg,Schwertberg,,RQ,0-------,9004,,,
,AT,SWG,Schwerting,Schwerting,5,RQ,--3-----,1101,,4801N 01257E,
,AT,SWO,Schwoich,Schwoich,7,RL,--3-----,1607,,4733N 01208E,
,AT,SDG,Schärding,Scharding,,RL,--3-----,0201,,4827N 01326E,
,AT,SAT,Schönau an der Triesting,Schonau an der Triesting,3,RL,--3-----,1301,,4755N 01614E,
,AT,SMK,Schönau im Mühlkreis,Schonau im Muhlkreis,4,RL,1----6--,1201,,4823N 01444E,
,AT,SBH,Schönbach,Schonbach,,RL,--3-----,0701,,4827N 01503E,
,AT,SHB,Schönberg,Schonberg,3,RL,--3-----,1401,,4831N 01542E,
,AT,SHG,Schönegg,Schonegg,4,RL,--3-----,1301,,4835N 01412E,
,AT,SRD,Schönkirchen-Reyersdorf,Schonkirchen-Reyersdorf,3,RL,--3-----,1707,,4821N 01642E,
,AT,SFA,Schörfling am Attersee,Schorfling am Attersee,4,RL,--3-----,1201,,4756N 01336E,
,AT,B7B,Sebersdorf,Sebersdorf,6,RL,--3-----,1801,,4712N 01559E,
,AT,SEB,Seeboden,Seeboden,2,RL,-----6--,0901,,4649N 01329E,
,AT,SEE,Seefeld in Tirol,Seefeld in Tirol,,RL,--3-----,0201,,4719N 01110E,
,AT,SEF,Seefeld-Kadolz,Seefeld-Kadolz,,RL,--3-----,0607,,4843N 01610E,
,AT,SEH,Seeham,Seeham,5,RQ,--3-----,1101,,4758N 01305E,
,AT,SHA,Seehaus,Seehaus,4,RQ,--3-----,1101,,4745N 01357E,
,AT,SIR,Seekirchen,Seekirchen,,RL,--3-----,0201,,4754N 01308E,
,AT,SWA,Seewalchen am Attersee,Seewalchen am Attersee,4,RL,--3-----,1207,,4757N 01335E,
,AT,SEI,Seibersdorf,Seibersdorf,,RL,--3-----,0106,,4757N 01631E,
,AT,SSB,Seiersberg,Seiersberg,,RL,-23-----,0601,,4700N 01524E,
,AT,STN,Seitenstetten,Seitenstetten,3,RL,--3-----,1401,,4801N 01439E,
,AT,SET,Seitenstetten Markt,Seitenstetten Markt,3,RL,-2------,0212,,4802N 01438E,
,AT,SZA,Selzthal,Selzthal,6,RL,-23-----,0701,,4733N 01419E,
,AT,SFT,Senftenberg,Senftenberg,3,RL,1----6--,1107,,4826N 01533E,
,AT,NT3,Seyring,Seyring,3,RL,--3-----,1607,,4820N 01629E,
,AT,SIF,Siegendorf,Siegendorf,,RL,--3-----,0201,,4747N 01632E,
,AT,SGR,Sieggraben,Sieggraben,3,RL,--3-----,1601,,4739N 01622E,
,AT,SII,Sierninghofen,Sierninghofen,4,RL,-23-----,0701,,4803N 01420E,
,AT,ZNH,Siezenheim,Siezenheim,,RL,--3-----,0607,,4748N 01259E,
,AT,SIS,Sigless,Sigless,1,RQ,--3-----,1001,,4747N 01623E,
,AT,SIN,Sillian,Sillian,,RQ,-23-----,0101,,,
,AT,SLZ,Silz,Silz,7,RL,--3-----,1601,,4716N 01056E,
,AT,SKN,Sinabelkirchen,Sinabelkirchen,6,RL,--3-----,0207,,4706N 01549E,
,AT,ST2,Sistrans,Sistrans,7,RL,-----6--,1107,,4714N 01127E,
,AT,SIT,Sittersdorf,Sittersdorf,2,RL,-----6--,0901,,4632N 01436E,
,AT,SLL,Sollenau,Sollenau,,RQ,--3-----,9501,,,
,AT,SNT,Sonntag,Sonntag,8,RL,--3-----,1407,,4714N 00954E,
,AT,SOG,Sonntagberg,Sonntagberg,3,RQ,-----6--,1001,,4758N 01445E,
,AT,SOS,Sooss,Sooss,,RL,--3-----,0607,,4759N 01612E,
,AT,SPG,Spannberg,Spannberg,3,RL,1----6--,1201,,4827N 01644E,
,AT,SBK,Spielberg bei Knittelfeld,Spielberg bei Knittelfeld,6,RL,-----6--,0901,,4713N 01447E,
,AT,SFD,Spielfeld,Spielfeld,6,RL,-23-----,0701,,4642N 01538E,
,AT,SPN,Spillern,Spillern,3,RQ,--3-----,1001,,4823N 01615E,
,AT,SPY,Spital am Pyhrn,Spital am Pyhrn,1,RL,--3-----,1101,,4739N 01420E,
,AT,SPS,Spital am Semmering,Spital am Semmering,6,RL,--3-----,1707,,4736N 01545E,
,AT,SPI,Spittal an der Drau,Spittal an der Drau,2,RL,--3-----,0212,,4648N 01330E,
,AT,SPZ,Spitz,Spitz,,RL,123-----,0601,,4822N 01525E,
,AT,SGZ,Sprögnitz,Sprognitz,3,RL,--3-----,1801,,4833N 01514E,
,AT,SBA,St. Bartholoma,St. Bartholoma,6,RL,--3-----,1601,,4704N 01515E,
,AT,SPU,Stadl Paura,Stadl Paura,4,RL,-23-----,0701,,4805N 01352E,
,AT,STA,Stainach,Stainach,,RQ,0-------,9506,,,
,AT,STZ,Stainz,Stainz,,RL,-23-----,9805,,,
,AT,STM,Stams,Stams,,RL,--3-----,0201,,4716N 01058E,
,AT,ANG,Stang,Stang,3,RL,--3-----,1301,,4732N 01617E,
,AT,SAS,Stans,Stans,7,RQ,--3-----,0907,,4722N 01143E,
,AT,STD,Steeg,Steeg,,RL,1-3-----,0601,,4736N 01338E,
,AT,STB,Stegersbach,Stegersbach,1,RL,--3-----,0212,,4710N 01610E,
,AT,SDD,Stein An Der Donau,Stein An Der Donau,3,RL,--3-----,1601,,4824N 01535E,
,AT,SEN,Steinabrunn,Steinabrunn,,RQ,--3-----,9811,,,
,AT,SBC,Steinabrückl,Steinabruckl,3,RL,--3-----,1301,,4752N 01612E,
,AT,STH,Steinach,Steinach,4,RL,--3-----,1301,,4738N 01336E,
,AT,SSS,Steinberg,Steinberg,1,RL,1----6--,0901,,4729N 01629E,
,AT,SUP,Steinbrunn,Steinbrunn,,RQ,--3-----,0201,,4749N 01624E,
,AT,STF,Steindorf,Steindorf,5,RQ,--3-----,0907,,4757N 01314E,
,AT,STE,Steinfeld,Steinfeld,,RL,--3-----,0201,,4645N 01314E,
,AT,SUS,Steinhaus,Steinhaus,4,RL,1----6--,1201,,4807N 01401E,
,AT,ETE,Stetten,Stetten,3,RL,-----6--,1001,,4822N 01623E,Korneuburg
,AT,SER,Steyr,Steyr,,RQ,--3-----,9501,,,
,AT,SYG,Steyregg,Steyregg,4,RL,-23-----,0701,,4817N 01422E,
,AT,SYM,Steyrermühl,Steyrermuhl,4,RL,--3-----,0212,,4759N 01348E,
,AT,SAR,Stift Ardagger,Stift Ardagger,,RL,--3-----,9811,,,
,AT,SND,Stixneusiedl,Stixneusiedl,3,RL,--3-----,1301,,4802N 01640E,
,AT,SKB,Stockenboi,Stockenboi,2,RL,--3-----,1607,,4643N 01331E,
,AT,STC,Stockerau,Stockerau,3,RL,--3-----,1101,,4823N 01613E,
,AT,STO,Stoob,Stoob,,RQ,--3-----,1101,,4731N 01628E,
,AT,STR,Stottera,Stottera,1,RQ,-----6--,0907,,4746N 01628E,
,AT,ST6,Straden,Straden,6,RL,1----6--,1107,,4648N 01552E,
,AT,SRB,Strass im Strassertale,Strass im Strassertale,3,RL,--3--6--,1001,,4828N 01544E,
,AT,SHF,Strasshof an der Nordbahn,Strasshof an der Nordbahn,3,RL,-23-----,0701,,4819N 01640E,
,AT,SWN,Strasswalchen,Strasswalchen,5,RL,--3-----,1301,,4759N 01315E,
,AT,SZI,Stratzing,Stratzing,3,RL,--3-----,1101,,4827N 01536E,
,AT,SBG,Strengberg,Strengberg,3,RL,--3-----,1001,,4808N 01438E,Amstetten
,AT,STL,Strobl,Strobl,5,RL,--3-----,1101,,4743N 01329E,
,AT,NIS,Stronsdorf,Stronsdorf,3,RL,-----6--,1301,,4839N 01617E,
,AT,SZ5,Stuhlfelden,Stuhlfelden,5,RL,--3-----,1801,,4717N 01231E,
,AT,SUB,Suben,Suben,,RL,--3-----,0201,,4824N 01325E,
,AT,SUL,Sulz,Sulz,8,RQ,--3-----,0907,,4717N 00939E,
,AT,SNG,Söding,Soding,,RL,-23--6--,0607,,4659N 01517E,
,AT,SDN,Sölden,Solden,,RL,--3-----,0701,,4658N 01100E,
,AT,SOL,Söll,Soll,7,RL,--3-----,0501,,4730N 01211E,
,AT,TKI,Taiskirchen im Innskreis,Taiskirchen im Innskreis,4,RL,--3-----,0701,,4816N 01334E,
,AT,TAM,Tamsweg,Tamsweg,5,RL,1----6--,1301,,4708N 01348E,
,AT,TAT,Tattendorf,Tattendorf,3,RL,-23-5---,1301,,4757N 01618E,
,AT,TKP,Taufkirchen an der Pram,Taufkirchen an der Pram,,RL,123--6--,0601,,4825N 01332E,
,AT,TEF,Teesdorf,Teesdorf,3,RL,-23-----,0507,,4757N 01617E,
,AT,TEL,Telfs,Telfs,,RL,--3-----,9805,,,
,AT,TEC,Tenneck,Tenneck,,RQ,--3-----,0201,,,
,AT,TFS,Terfens,Terfens,7,RL,123-----,0701,,4719N 01139E,
,AT,TNG,Ternberg,Ternberg,4,RL,-23-----,0701,,4756N 01422E,
,AT,TNZ,Ternitz,Ternitz,,RQ,0-------,9307,,,
,AT,TEU,Teufenbach,Teufenbach,6,RL,--3-----,0507,,4654N 01513E,
,AT,TEX,Texing,Texing,,RL,--3-----,0601,,4802N 01519E,
,AT,TGU,Thalgau,Thalgau,5,RL,--3-----,0307,,4750N 01315E,
,AT,THM,Thalheim,Thalheim,6,RQ,--3-----,0901,,4711N 01435E,
,AT,TBW,Thalheim bei Wels,Thalheim bei Wels,4,RL,-----6--,1301,,4809N 01402E,
,AT,THR,Thaur,Thaur,7,RL,-23-----,0407,,4718N 01128E,
,AT,THY,Thaya,Thaya,3,RL,--3-----,1701,,4851N 01517E,
,AT,THS,Theiss,Theiss,3,RL,1-3-----,0507,,4823N 01541E,
,AT,THG,Thening,Thening,4,RL,--3-----,0701,,4815N 01410E,
,AT,THF,Theresienfeld,Theresienfeld,3,RL,--3-----,0401,,4751N 01614E,
,AT,TYN,Theyern,Theyern,3,RL,--3-----,1207,,4821N 01540E,
,AT,TSN,Thomasberg,Thomasberg,3,RL,--3-----,1807,,4734N 01608E,
,AT,TOL,Thörl,Thorl,6,RQ,--3-----,0212,,,
,AT,THN,Thüringen,Thuringen,8,RL,-23-----,0901,,4712N 00946E,
,AT,TLL,Tillmitsch,Tillmitsch,6,RL,-23-----,1207,,4648N 01528E,
,AT,TMA,Timelkam,Timelkam,4,RL,-23-----,0701,,4800N 01336E,
,AT,TIR,Tirol,Tirol,6,RQ,--3-----,1101,,4742N 01533E,
,AT,TRH,Traboch,Traboch,6,RQ,--3-----,1007,,4722N 01459E,
,AT,TRA,Tragwein,Tragwein,4,RQ,--3-----,1101,,4820N 01437E,
,AT,TIS,Traisen,Traisen,3,RL,--3-----,1307,,4802N 01536E,
,AT,TSK,Traiskirchen,Traiskirchen,,RQ,--3-----,9501,,,
,AT,TMR,Traismauer,Traismauer,,RL,123-----,0601,,4820N 01544E,
,AT,TNQ,Traun,Traun,4,RL,--3-----,1101,,4813N 01414E,
,AT,TDW,Trausdorf an der Wulka,Trausdorf an der Wulka,,RL,--3-----,0607,,4749N 01634E,
,AT,TK2,Treffelsdorf,Treffelsdorf,2,RL,--3-----,1407,,4642N 01424E,
,AT,TFN,Treffen,Treffen,,RQ,--3-----,0201,,,
,AT,TBH,Treibach,Treibach,,RQ,--3-----,9501,,,
,AT,TPV,Treibach Althofen,Treibach Althofen,2,RL,-----6--,0901,,4652N 01428E,
,AT,TDF,Tresdorf,Tresdorf,3,RL,--3-----,1401,,4823N 01621E,
,AT,TRW,Tribuswinkel,Tribuswinkel,,RQ,0-------,9307,,,
,AT,TBE,Trieben,Trieben,,RL,--3-----,0201,,4729N 01428E,
,AT,CH8,Trofaiach,Trofaiach,6,RL,--3-----,1701,,4725N 01500E,
,AT,TRU,Trumau,Trumau,3,RL,-23-----,1301,,4800N 01620E,
,AT,TUL,Tulbing,Tulbing,3,RQ,--3-----,1101,,4817N 01607E,
,AT,TLN,Tulln,Tulln,3,RL,--3-----,1101,,4820N 01603E,
,AT,TLH,Tumeltsham,Tumeltsham,4,RL,--3-----,1301,,4814N 01330E,
,AT,TWG,Twimberg,Twimberg,2,RL,--3-----,1701,,4654N 01450E,
,AT,TUE,Türnitz,Turnitz,,RL,--3-----,0201,,4755N 01529E,
,AT,UBA,Ubelbach,Ubelbach,6,RL,--3-----,0901,,4712N 01513E,
,AT,UDE,Uderns,Uderns,,RL,-23-----,0701,,4719N 01152E,
,AT,ULF,Ulmerfeld,Ulmerfeld,,RQ,--3-----,9501,,,
,AT,UGN,Ungenach,Ungenach,4,RL,--3-----,1607,,4803N 01337E,
,AT,UNG,Ungerdorf,Ungerdorf,6,RQ,--3-----,1101,,4705N 01540E,
,AT,UNA,Unterach,Unterach,,RL,--3-----,0201,,4748N 01328E,
,AT,UBE,Unterbergen,Unterbergen,2,RL,--3-----,1601,,4631N 01417E,
,AT,UFN,Unterfladnitz,Unterfladnitz,6,RL,--3-----,1207,,4711N 01540E,
,AT,ULB,Unterloiben,Unterloiben,,RL,-23-----,0607,,4823N 01532E,
,AT,UTK,Untermarkersdorf,Untermarkersdorf,3,RL,--3-----,1207,,4842N 01606E,
,AT,UBG,Unternberg,Unternberg,,RL,--3-----,0607,,4707N 01344E,
,AT,UPS,Unterpremstätten,Unterpremstatten,6,RL,-23-----,0401,,4657N 01524E,
,AT,URB,Unterradlberg,Unterradlberg,,RL,-23-----,0607,,4815N 01541E,
,AT,UTB,Unterretzbach,Unterretzbach,3,RL,--3-----,1207,,4846N 01600E,
,AT,UNN,Untersiebenbrunn,Untersiebenbrunn,3,RL,--3-----,1701,,4815N 01643E,
,AT,UWF,Unterweitersdorf,Unterweitersdorf,4,RL,--3-----,1301,,4822N 01428E,
,AT,UNZ,Unzmarkt,Unzmarkt,,RL,--3-----,0201,,4711N 01426E,
,AT,URF,Urfahr,Urfahr,4,RL,--3-----,1607,,4819N 01416E,
,AT,UTD,Uttendorf,Uttendorf,,RQ,--3-----,9501,,,
,AT,UTZ,Utzenaich,Utzenaich,4,RL,--3-----,1301,,4817N 01328E,
,AT,VAS,Vasoldsberg,Vasoldsberg,1,RL,-23-----,1701,,4700N 01533E,
,AT,VTH,Veitsch,Veitsch,6,RL,-----6--,0901,,4734N 01529E,
,AT,VEL,Velden,Velden,2,RL,123-----,0701,,4637N 01403E,
,AT,VLM,Velm,Velm,3,RL,--3-----,1207,,4828N 01646E,
,AT,VIC,Vichtenstein,Vichtenstein,4,RL,--3-----,1001,,4832N 01340E,
,AT,VEH,Viehdorf,Viehdorf,3,RL,--3-----,1207,,4809N 01453E,
,AT,VDD,Vienna Danubepier Hov,Vienna Danubepier Hov,,AI,---4----,9912,,,
,AT,VLH,Villach,Villach,,RQ,--3-----,9501,,,
,AT,VTS,Vitis,Vitis,3,RL,--3-----,1207,,4845N 01510E,
,AT,VTB,Voitsberg,Voitsberg,,RQ,--3-----,9705,,,
,AT,VMP,Vomp,Vomp,,RL,-23-----,0601,,4720N 01140E,
,AT,VCO,Vorchdorf,Vorchdorf,4,RL,-23-----,0701,,4800N 01355E,
,AT,ERM,Vordernberg,Vordernberg,6,RL,1-3-----,1401,,4728N 01500E,
,AT,VDS,Vosendorf Sud,Vosendorf Sud,3,RL,-23-----,0701,,4806N 01619E,
,AT,VOC,Vöcklabruck,Vocklabruck,,RL,--3-----,0201,,4800N 01339E,
,AT,VOK,Vöcklamarkt,Vocklamarkt,4,RL,--3-----,0507,,4800N 01329E,
,AT,VOT,Völkermarkt,Volkermarkt,2,RL,--3-----,0212,,4639N 01437E,
,AT,VOE,Völs,Vols,,RQ,--3-----,9704,,,
,AT,VOF,Vösendorf,Vosendorf,,RL,--3-----,0201,,4807N 01619E,
,AT,WON,Wagna,Wagna,6,RL,-23-----,1307,,4645N 01533E,
,AT,WAI,Waidhofen an der Thaya,Waidhofen an der Thaya,,RL,--3-----,0201,,4848N 01516E,
,AT,WAF,Waidhofen an der Ybbs,Waidhofen an der Ybbs,,RL,--3-----,0201,,4757N 01446E,
,AT,WZK,Waizenkirchen,Waizenkirchen,4,RL,--3-----,1201,,4820N 01352E,
,AT,WCE,Walchsee,Walchsee,,RQ,--3-----,9501,,,
,AT,WCH,Waldbach,Waldbach,6,RL,-----6--,0901,,4727N 01549E,
,AT,WBF,Waldburg bei Freistadt,Waldburg bei Freistadt,4,RL,-----6--,1301,,4830N 01426E,
,AT,WDG,Waldegg,Waldegg,3,RL,--3-----,1307,,4752N 01602E,
,AT,WAK,Waldkirchen am Wesen,Waldkirchen am Wesen,4,RL,--3-----,1001,,4826N 01349E,
,AT,WKH,Waldneukirchen,Waldneukirchen,4,RL,--3-----,1301,,4759N 01415E,
,AT,WO4,Waldzell,Waldzell,4,RL,--3-----,1501,,4808N 01326E,
,AT,WIN,Walkenstein,Walkenstein,1,RL,--3-----,0701,,4843N 01544E,
,AT,WTH,Wallern an der Trattnach,Wallern an der Trattnach,4,RQ,--3-----,1101,,4814N 01357E,
,AT,WSE,Wallsee,Wallsee,3,RL,1-3-----,0507,,4810N 01443E,
,AT,WDR,Walpersdorf,Walpersdorf,3,RL,--3-----,1607,,4819N 01540E,
,AT,WAL,Wals,Wals,,RL,--3-----,0201,,4747N 01258E,
,AT,WPD,Wampersdorf,Wampersdorf,3,RQ,--3-----,1007,,4755N 01625E,
,AT,WNG,Wang,Wang,3,RL,--3-----,1601,,4802N 01501E,
,AT,WAN,Wannersdorf,Wannersdorf,6,RQ,--3-----,1101,,4717N 01519E,
,AT,WRT,Wartberg,Wartberg,6,RL,-23--6--,1101,,4731N 01530E,
,AT,WAR,Warth,Warth,,RQ,--3-----,0201,,,
,AT,WTN,Wattens,Wattens,,RQ,--3-----,9705,,,
,AT,WEB,Webersdorf,Webersdorf,5,RQ,--3-----,0907,,4757N 01301E,
,AT,TWR,Weer,Weer,7,RL,-----6--,0901,,4718N 01138E,
,AT,WEG,Weigelsdorf,Weigelsdorf,3,RQ,--3-----,1101,,4757N 01624E,
,AT,WGR,Weigersdorf,Weigersdorf,4,RQ,--3-----,1101,,4756N 01407E,
,AT,WAS,Weikersdorf am Steinfelde,Weikersdorf am Steinfelde,3,RL,-----6--,1301,,4748N 01608E,
,AT,WBH,Weilbach,Weilbach,4,RL,--3-----,0307,,4817N 01323E,
,AT,WLR,Weiler,Weiler,8,RQ,--3-----,1101,,4717N 00939E,
,AT,WEU,Weinburg,Weinburg,3,RL,1-------,1307,,4806N 01531E,
,AT,WES,Weins,Weins,3,RL,-----6--,1201,,4812N 01501E,
,AT,WBA,Weissenbach,Weissenbach,2,RL,--3-----,1101,,4639N 01347E,
,AT,WEI,Weissenbach,Weissenbach,6,RL,--3-----,0507,,4734N 01413E,
,AT,WEE,Weissenbach an der Triesting,Weissenbach an der Triesting,,RL,--3-----,0201,,4758N 01601E,
,AT,WNK,Weissenkirchen im Attergau,Weissenkirchen im Attergau,,RL,--3-----,0607,,4756N 01323E,
,AT,WKD,Weissenkirchen in der Wachau,Weissenkirchen in der Wachau,3,RL,--3-----,1001,,4823N 01528E,
,AT,WSS,Weissenstein,Weissenstein,,RQ,0-------,9307,,,
,AT,WDD,Weissenstein ob der Drau,Weissenstein ob der Drau,2,RL,-----6--,0901,,,
,AT,WKI,Weisskirchen,Weisskirchen,6,RL,--3-----,0901,,4709N 01444E,
,AT,WSK,Weisskirchen an der Traun,Weisskirchen an der Traun,,RL,--3-----,0201,,4810N 01407E,
,AT,WST,Weistrach,Weistrach,3,RL,--3-----,1207,,4803N 01435E,
,AT,WET,Weiten,Weiten,3,RQ,--3-----,1101,,4817N 01515E,
,AT,WDF,Weitendorf,Weitendorf,6,RL,1-3-----,1401,,4653N 01528E,
,AT,WTG,Weitenegg,Weitenegg,3,RL,--3-----,0307,,4813N 01517E,
,AT,WEA,Weitra,Weitra,3,RL,--3-----,1701,,4842N 01453E,
,AT,WEZ,Weiz,Weiz,,RL,--3-----,0201,,4713N 01536E,
,AT,W8B,Welgersdorf,Welgersdorf,1,RL,--3-----,1601,,4714N 01621E,
,AT,WSL,Wels,Wels,,RQ,--3-----,9501,,,
,AT,WLG,Wendling,Wendling,4,RQ,-----6--,1007,,4814N 01340E,
,AT,WGI,Weng im Innkreis,Weng im Innkreis,4,RL,--3-----,0701,,4814N 01311E,
,AT,WFN,Werfen,Werfen,5,RL,--3-----,1301,,4728N 01311E,
,AT,WEN,Wernberg,Wernberg,2,RQ,--3-----,1101,,4637N 01356E,
,AT,WER,Werndorf,Werndorf,6,RL,--3-----,0501,,4655N 01529E,
,AT,WNO,Wernersdorf,Wernersdorf,6,RL,--3-----,0701,,4643N 01512E,
,AT,WUF,Wesenufer,Wesenufer,4,RL,--3-----,0701,,4827N 01348E,
,AT,WTD,Westendorf,Westendorf,7,RL,--3-----,1301,,4726N 01213E,
,AT,WYR,Weyer,Weyer,4,RL,-----6--,1107,,4751N 01439E,
,AT,WE3,Wiedendorf,Wiedendorf,3,RL,--3-----,1601,,4830N 01546E,
,AT,WIE,Wielandsthal,Wielandsthal,3,RQ,--3-----,1101,,4818N 01541E,
,AT,VIE,Wien,Wien,9,AI,---45---,1601,,4812N 01622E,
,AT,WNF,Wiener Neudorf,Wiener Neudorf,,RL,--3-----,9811,,,
,AT,WNR,Wiener Neustadt,Wiener Neustadt,,RQ,--3-----,9501,,,
,AT,WS6,Wies,Wies,6,RL,--3-----,1207,,4643N 01516E,
,AT,WBG,Wieselburg,Wieselburg,,RL,--3-----,9811,,,
,AT,WSG,Wiesing,Wiesing,7,RL,--3-----,1801,,4724N 01148E,
,AT,WLP,Wildalpen,Wildalpen,6,RL,--3-----,1207,,4739N 01459E,
,AT,WDB,Wildendürnbach,Wildendurnbach,3,RL,--3-----,0701,,4845N 01630E,
,AT,WDO,Wildon,Wildon,,RL,-23--6--,0607,,4653N 01531E,
,AT,WID,Wildschonau,Wildschonau,7,RL,--3-----,1601,,4727N 01203E,
,AT,WIH,Wildshut,Wildshut,,RL,--3-----,0201,,4759N 01253E,
,AT,WIL,Wildungsmauer,Wildungsmauer,3,RL,--3-----,1001,,4806N 01648E,
,AT,SDO,Wilfersdorf,Wilfersdorf,3,RL,--3-----,1207,,4835N 01638E,
,AT,WBU,Wilhelmsburg,Wilhelmsburg,,RL,-23--6--,0607,,4806N 01536E,
,AT,WHE,Wilhering,Wilhering,4,RQ,--3-----,1001,,4819N 01412E,
,AT,WIF,Willendorf,Willendorf,3,RL,-----6--,1301,,4747N 01603E,
,AT,WMP,Wimpassing,Wimpassing,,RQ,0-------,9307,,,
,AT,ZAB,Wimpassing an der Laitha,Wimpassing an der Laitha,1,RL,-----6--,0901,,4755N 01625E,
,AT,WSH,Wimpassing im Schwarzatale,Wimpassing im Schwarzatale,6,RL,-----6--,0901,,4745N 01600E,
,AT,WB2,Windhaag Bei Freistadt,Windhaag Bei Freistadt,4,RL,--3-----,1601,,4835N 01433E,
,AT,OCW,Winkel,Winkel,,RL,--3-----,0201,,4810N 01528E,
,AT,WPH,Wippenham,Wippenham,4,RL,--3-----,1701,,4813N 01323E,
,AT,WLN,Wolfern,Wolfern,4,RL,-----6--,1301,,4804N 01422E,
,AT,WOL,Wolfpassing,Wolfpassing,3,RL,--3-----,0212,,4804N 01503E,
,AT,8HN,Wolfsbach,Wolfsbach,3,RL,--3-----,1601,,4804N 01440E,
,AT,WOF,Wolfsberg (Kärnten),Wolfsberg (Karnten),,RL,--3-----,0201,,4651N 01450E,
,AT,WIS,Wolfsberg im Schwarzautal,Wolfsberg im Schwarzautal,,RL,-----6--,0901,,4885N 15659E,
,AT,WFG,Wolfsegg am Hausruck,Wolfsegg am Hausruck,4,RL,--3-----,1301,,4806N 01340E,
,AT,WFT,Wolfurt,Wolfurt,8,RL,--3-----,0201,,4728N 00945E,
,AT,WWT,Wolkersdorf,Wolkersdorf,3,RL,--3-----,0701,,4823N 01631E,
,AT,WTB,Worterberg,Worterberg,8,RQ,--3-----,0901,,4713N 01606E,
,AT,WUL,Wulkaprodersdorf,Wulkaprodersdorf,1,RL,1-3-----,1401,,4748N 01630E,
,AT,NRF,Wultendorf,Wultendorf,3,RL,-----6--,1301,,4840N 01628E,
,AT,WLZ,Wulzeshofen,Wulzeshofen,,RQ,0-------,9307,,,
,AT,WDU,Wundschuh,Wundschuh,6,RL,--3-----,1601,,4655N 01527E,
,AT,WUP,Wurzenpass,Wurzenpass,2,RL,--3-----,1301,,4631N 01345E,
,AT,WSD,Wöllersdorf,Wollersdorf,,RL,-2---6--,0607,,4805N 01553E,
,AT,WLL,Wöllersdorf-Steinabrückl,Wollersdorf-Steinabruckl,1,RL,-23-----,0701,,4751N 01610E,
,AT,QXZ,Wörgl,Worgl,,RL,--3-----,0201,,4729N 01204E,
,AT,WOS,Wösendorf,Wosendorf,,RL,--3-----,0607,,4822N 01527E,
,AT,WUR,Würflach,Wurflach,3,RQ,--3-----,0907,,4746N 01603E,
,AT,YBB,Ybbs an der Donau,Ybbs an der Donau,3,RL,--3-----,0507,,4810N 01505E,
,AT,YBS,Ybbsitz,Ybbsitz,3,RQ,--3-----,0907,,4756N 01453E,
,AT,ZAM,Zams,Zams,7,RL,-23-----,0307,,4709N 01035E,
,AT,A9Z,Zaussenberg,Zaussenberg,3,RL,--3-----,1601,,4826N 01559E,
,AT,ZER,Zeiselmauer,Zeiselmauer,3,RQ,--3-----,1101,,4820N 01610E,
,AT,ZMO,Zell am Moos,Zell am Moos,4,RL,--3-----,0701,,4754N 01319E,
,AT,ZPE,Zell am Pettenfirst,Zell am Pettenfirst,4,RL,--3-----,0701,,4803N 01334E,
,AT,ZAS,Zell am See,Zell am See,,RL,--3-----,0201,,4719N 01247E,
,AT,ZEZ,Zell am Ziller,Zell am Ziller,,RL,--3-----,0201,,4713N 01153E,
,AT,ZTW,Zeltweg,Zeltweg,,RQ,--3-----,0101,,,
,AT,ZMD,Zemendorf-Stöttera,Zemendorf-Stottera,1,RL,--3-----,1601,,4745N 01627E,
,AT,ZTG,Zettling,Zettling,,RL,--3-----,0607,,4657N 01525E,
,AT,ZIE,Ziersdorf,Ziersdorf,,RL,--3-----,0201,,4831N 01555E,
,AT,ZIP,Zipf,Zipf,,RL,--3-----,0201,,4802N 01330E,
,AT,ZIR,Zirl,Zirl,,RL,--3-----,0201,,4717N 01113E,
,AT,ZIS,Zistersdorf,Zistersdorf,,RL,--3-----,0201,,4832N 01645E,
,AT,ZNG,Zobing,Zobing,3,RL,1-------,1301,,4829N 01541E,
,AT,ZUR,Zurndorf,Zurndorf,1,RQ,--3-----,1001,,4758N 01700E,
,AT,ZWD,Zwentendorf,Zwentendorf,3,RL,--3-----,1307,,4836N 01626E,More than one place with this name
,AT,ZDD,Zwentendorf an der Donau,Zwentendorf an der Donau,3,RL,--3--6--,1307,,4820N 01554E,
,AT,ZWT,Zwettl,Zwettl,3,RL,--3-----,1607,,4836N 01510E,More than one place with this name
,AT,QWE,Zwölfaxing,Zwolfaxing,3,RL,--3-----,1407,,4806N 01628E,
,AT,ZRS,Zürs,Zurs,8,AI,---4----,0212,,4710N 01010E,
,AT,OZB,Ötztal-Bahnhof,Otztal-Bahnhof,7,RL,--3-----,1601,,4714N 01051E,
