,PG,LOR,"Lorengau, Manus Island","Lorengau, Manus Island",,QQ,1-------,8311,,,
,PG,ABW,Abau,Abau,,AI,1--4----,9601,,,
,PG,AFR,Afore,Afore,,AI,---4----,0001,,,
,PG,AUP,Agaun,Agaun,,AI,---4----,0001,,,
,PG,AHO,Ahioma,Ahioma,,RL,1-------,9811,,,
,PG,AIA,Aiambak,Aiambak,WPD,RL,1-------,0901,,0721S 14116E,
,PG,AIE,Aiome,Aiome,,AI,---4----,9601,,,
,PG,ATP,Aitape,Aitape,,AI,---4----,9601,,,
,PG,AYU,Aiyura,Aiyura,,AI,---4----,9601,,,
,PG,AKI,Akinum,Akinum,,QQ,1-------,8311,,,
,PG,ALC,Alcester Island,Alcester Island,MBA,RQ,1-------,0901,,0934S 15227E,
,PG,GUR,Alotau,Alotau,,AI,1--4----,9601,,,
,PG,AMF,Ama,Ama,,AI,---4----,9601,,,
,PG,AMU,Amanab,Amanab,,AI,---4----,9601,,,
,PG,AZB,Amazon Bay,Amazon Bay,,AI,---4----,9601,,,
,PG,AMG,Amboin,Amboin,,AI,---4----,0001,,,
,PG,AUJ,Ambunti,Ambunti,,AI,---4----,9601,,,
,PG,AMI,Amio,Amio,EBR,RL,1-------,0901,,0607S 15045E,
,PG,ADC,Andakombe,Andakombe,,RL,---4----,0907,,0708S 14544E,
,PG,ANB,Anewa Bay,Anewa Bay,NSB,RL,1-------,1307,,0612S 15533E,
,PG,AGG,Angoram,Angoram,,AI,---4----,9601,,,
,PG,AKG,Anguganak,Anguganak,,AI,---4----,0001,,,
,PG,AOB,Annanberg,Annanberg,,AI,---4----,0001,,,
,PG,APR,April River,April River,,AI,---4----,0001,,,
,PG,ARP,Aragip,Aragip,,AI,---4----,9601,,,
,PG,RAW,Arawa,Arawa,,AI,---45---,0001,,0613S 15533E,IMPC
,PG,AOA,Aroa,Aroa,,AI,---4----,0001,,,
,PG,AON,Arona,Arona,,AI,---4----,0001,,,
,PG,APP,Asapa,Asapa,,AI,---4----,0001,,,
,PG,AEK,Aseki,Aseki,,AI,---4----,9601,,,
,PG,ASZ,Asirim,Asirim,,AI,---4----,0001,,,
,PG,ABP,Atkamba,Atkamba,,AI,---4----,0001,,,
,PG,AUI,Aua Island,Aua Island,,AI,---4----,0001,,,
,PG,AUV,Aumo,Aumo,,AI,---4----,0001,,,
,PG,AWB,Awaba,Awaba,,AI,---4----,0001,,,
,PG,AWR,Awar,Awar,,AI,---4----,0001,,,
,PG,BAP,Baibara,Baibara,,AI,---4----,9601,,,
,PG,VMU,Baimuru,Baimuru,,AI,---4----,9601,,,
,PG,BDZ,Baindoung,Baindoung,,AI,---4----,0001,,,
,PG,BAJ,Bali,Bali,,AI,---4----,9601,,,
,PG,OPU,Balimo,Balimo,,AI,---4----,9601,,,
,PG,BCP,Bambu,Bambu,,AI,---4----,0001,,,
,PG,BMZ,Bamu,Bamu,,AI,---4----,9601,,,
,PG,BNZ,Banz,Banz,,AI,---4----,9601,,,
,PG,BPD,Bapi,Bapi,,AI,---4----,0001,,,
,PG,BWJ,Bawan,Bawan,,AI,---4----,0001,,,
,PG,BSP,Bensbach,Bensbach,,AI,---4----,0001,,,
,PG,BEA,Bereina,Bereina,,AI,---4----,9601,,,
,PG,BWP,Bewani,Bewani,,AI,---4----,9601,,,
,PG,BAA,Bialla,Bialla,,AI,---4----,9601,,,
,PG,BPK,Biangabip,Biangabip,,RL,---4----,0907,,0604S 14456E,
,PG,BRP,Biaru,Biaru,,AI,---4----,0001,,,
,PG,BIJ,Biliau,Biliau,,AI,---4----,0001,,,
,PG,BIZ,Bimin,Bimin,,AI,---4----,0001,,,
,PG,XBN,Biniguni,Biniguni,,AI,---4----,9601,,,
,PG,BNV,Boana,Boana,,AI,---4----,0001,,,
,PG,BOV,Boang,Boang,,AI,---4----,9601,,,
,PG,BNM,Bodinumu,Bodinumu,,AI,---4----,9601,,,
,PG,BOI,Boigu Island,Boigu Island,WPD,RQ,1-------,0901,,0916S 14213E,
,PG,BOQ,Boku,Boku,,AI,---4----,0001,,,
,PG,BVP,Bolovip,Bolovip,,AI,---4----,0001,,,
,PG,BMH,Bomai,Bomai,,AI,---4----,0001,,,
,PG,BPB,Boridi,Boridi,,AI,---4----,0001,,,
,PG,BOR,Boroko,Boroko,,AI,1---5---,9601,,,
,PG,BOT,Boset,Boset,,AI,---4----,0001,,,
,PG,BRH,Brahman,Brahman,,AI,---4----,0001,,,
,PG,UBI,Buin,Buin,,AI,---4----,9601,,,
,PG,BUA,Buka,Buka,,AI,1--4----,9601,,,
,PG,BUL,Bulolo,Bulolo,,AI,---4----,9601,,,
,PG,BNA,Buna,Buna,,QQ,1-------,8311,,,
,PG,BNT,Bundi,Bundi,,AI,---4----,9601,,,
,PG,BXZ,Bunsil,Bunsil,,AI,---4----,0001,,,
,PG,CGC,Cape Gloucester,Cape Gloucester,,AI,---4----,9601,,,
,PG,CPI,Cape Orford,Cape Orford,,AI,---4----,0001,,,
,PG,CPN,Cape Rodney,Cape Rodney,,AI,---4----,9601,,,
,PG,CVL,Cape Vogel,Cape Vogel,,AI,---4----,9601,,,
,PG,CAU,Caution Bay,Caution Bay,CPM,RL,1-------,1407,,0920S 14656E,
,PG,CVB,Chungribu,Chungribu,,AI,---4----,0001,,,
,PG,CFG,Conflict Group,Conflict Group,MBA,RQ,1-------,0901,,1047S 15148E,
,PG,DAO,Dabo,Dabo,,RQ,---4----,0907,,1308N 04210E,
,PG,DLB,Dalbertis,Dalbertis,,AI,---4----,0001,,,
,PG,DAU,Daru,Daru,,AI,1--4----,9601,,,
,PG,DGG,Daugo,Daugo,,AI,---4----,0001,,,
,PG,DAF,Daup,Daup,,AI,---4----,0001,,,
,PG,DBP,Debepare,Debepare,,AI,---4----,0001,,,
,PG,DBL,Deboyne Lagoon,Deboyne Lagoon,MBA,RQ,1-------,0901,,1047S 15224E,
,PG,DER,Derim,Derim,,AI,---4----,0001,,,
,PG,DNU,Dinangat,Dinangat,,AI,---4----,0001,,,
,PG,DOS,Dios,Dios,,AI,---4----,0001,,,
,PG,DDM,Dodoima,Dodoima,,AI,---4----,0001,,,
,PG,DOI,Doini,Doini,,AI,---4----,0001,,,
,PG,DOO,Dorobisoro,Dorobisoro,,AI,---4----,9601,,,
,PG,DPU,Dumpu,Dumpu,,AI,---4----,0001,,,
,PG,EFG,Efogi,Efogi,,AI,---4----,9601,,,
,PG,EIA,Eia,Eia,,AI,---4----,0001,,,
,PG,EPT,Eliptamin,Eliptamin,,AI,---4----,0001,,,
,PG,EMS,Embessa,Embessa,,AI,---4----,9601,,,
,PG,EMI,Emirau,Emirau,,AI,---4----,9601,,,
,PG,EMO,Emo,Emo,,AI,---4----,0001,,,
,PG,EGA,Engati,Engati,,AI,---4----,0001,,,
,PG,ERE,Erave,Erave,,AI,---4----,9601,,,
,PG,ERU,Erume,Erume,,AI,---4----,0001,,,
,PG,ESA,Esa'ala,Esa'ala,,AI,---4----,9601,,,
,PG,FNE,Fane,Fane,,AI,---4----,9601,,,
,PG,FRQ,Feramin,Feramin,,AI,---4----,0001,,,
,PG,FIN,Finschhafen,Finschhafen,,AI,1--4----,9601,,,
,PG,FAQ,Freida River,Freida River,,AI,---4----,0001,,,
,PG,FUB,Fulleborn,Fulleborn,,AI,1--4----,9601,,,
,PG,FUM,Fuma,Fuma,,AI,---4----,0001,,,
,PG,GAR,Garaina,Garaina,,AI,---4----,9601,,,
,PG,GRL,Garasa,Garasa,,AI,---4----,0001,,,
,PG,GRH,Garuahi,Garuahi,,AI,---4----,9601,,,
,PG,GMI,Gasmata Island,Gasmata Island,,AI,1--4----,9601,,,
,PG,GBC,Gasuke,Gasuke,,AI,---4----,0001,,,
,PG,GAW,Gawa Island,Gawa Island,MBA,RQ,1-------,0901,,0858S 15159E,
,PG,GEW,Gewoia,Gewoia,,AI,---4----,0001,,,
,PG,GIL,Gilau,Gilau,,QQ,1-------,8311,,,
,PG,GWN,Gnarowein,Gnarowein,,AI,---4----,0001,,,
,PG,GOE,Gonalia,Gonalia,,AI,---4----,0001,,,
,PG,GOC,Gora,Gora,,AI,---4----,0001,,,
,PG,GKA,Goroka,Goroka,,AI,---4----,9601,,,
,PG,GEI,Green Islands,Green Islands,,AI,1--4----,9601,,,
,PG,GVI,Green River,Green River,,AI,---4----,0001,,,
,PG,GUG,Guari,Guari,,AI,---4----,9601,,,
,PG,GAZ,Guasopa,Guasopa,,AI,---4----,0001,,,
,PG,GLP,Gulgubip,Gulgubip,,AI,---4----,0001,,,
,PG,GUE,Guriaso,Guriaso,,AI,---4----,0001,,,
,PG,GAP,Gusap,Gusap,,AI,---4----,9601,,,
,PG,HBD,Habi,Habi,,RL,---4----,0907,,0617S 14522E,
,PG,HEO,Haelogo,Haelogo,,AI,---4----,0001,,,
,PG,HAZ,Hatzfeldthaven,Hatzfeldthaven,,AI,---4----,0001,,,
,PG,HWA,Hawabango,Hawabango,,AI,---4----,0001,,,
,PG,HYF,Hayfields,Hayfields,,AI,---4----,9601,,,
,PG,HNI,Heiweni,Heiweni,,AI,---4----,0001,,,
,PG,HIT,Hivaro,Hivaro,,AI,---4----,0001,,,
,PG,HNN,Honinabi,Honinabi,,AI,---4----,0001,,,
,PG,HKN,Hoskins,Hoskins,,AI,1--4----,9601,,,
,PG,IMA,Iamalele,Iamalele,,AI,---4----,9601,,,
,PG,IAU,Iaura,Iaura,,AI,---4----,0001,,,
,PG,IBI,Iboki,Iboki,,AI,---4----,0001,,,
,PG,IHU,Ihu,Ihu,,AI,---4----,9601,,,
,PG,ILX,Ileg,Ileg,,AI,---4----,0001,,,
,PG,IMN,Imane,Imane,,AI,---4----,0001,,,
,PG,IMD,Imonda,Imonda,,AI,---4----,9601,,,
,PG,IDN,Indagen,Indagen,,AI,---4----,0001,,,
,PG,IUS,Inus,Inus,,AI,---4----,9601,,,
,PG,IOK,Iokea,Iokea,,AI,---4----,9601,,,
,PG,IOP,Ioma,Ioma,,AI,---4----,9601,,,
,PG,ITK,Itogama,Itogama,,AI,--34----,0207,,0911S 14815E,
,PG,JAC,Jacksons,Jacksons,,AI,----5---,9805,,,
,PG,JAQ,Jacquinot Bay,Jacquinot Bay,,AI,---4----,9601,,,
,PG,JOP,Josephstaal,Josephstaal,,AI,---4----,9601,,,
,PG,KBM,Kabwum,Kabwum,,AI,---4----,0001,,,
,PG,KGW,Kagi,Kagi,,AI,---4----,9601,,,
,PG,AGK,Kagua,Kagua,,AI,---4----,0001,,,
,PG,KIA,Kaiapit,Kaiapit,,AI,---4----,0001,,,
,PG,KAI,Kaibola,Kaibola,MBA,RL,1-------,0901,,0825S 15106E,
,PG,KZF,Kaintiba,Kaintiba,,AI,---4----,9601,,,
,PG,KRK,Kairuku,Kairuku,CPM,RL,1-3-----,0401,,0850N 14632E,
,PG,KPP,Kakapo,Kakapo,,QQ,1-------,8311,,,
,PG,KLO,Kalo,Kalo,,QQ,1-------,8311,,,
,PG,KDQ,Kamberatoro,Kamberatoro,,AI,---4----,0001,,,
,PG,KMF,Kamina,Kamina,,AI,---4----,0001,,,
,PG,KJU,Kamiraba,Kamiraba,,AI,---4----,9601,,,
,PG,KAQ,Kamulai,Kamulai,,AI,---4----,0001,,,
,PG,KUY,Kamusi,Kamusi,,AI,---4----,0001,,,
,PG,KEX,Kanabea,Kanabea,,AI,---4----,9601,,,
,PG,KNE,Kanainj,Kanainj,,AI,---4----,0001,,,
,PG,KDP,Kandep,Kandep,,AI,---4----,9601,,,
,PG,KDR,Kandrian,Kandrian,,AI,---4----,9601,,,
,PG,KTK,Kanua,Kanua,,AI,---4----,0001,,,
,PG,KPL,Kapal,Kapal,,RL,---4----,0907,,0838S 14251E,
,PG,KAK,Kar,Kar,,AI,---4----,0001,,,
,PG,KAF,Karato,Karato,,AI,---4----,0001,,,
,PG,KRJ,Karawari,Karawari,,AI,---4----,0001,,,
,PG,KMR,Karimui,Karimui,,AI,---4----,9601,,,
,PG,KRX,Karkar Is,Karkar Is,,AI,1-34----,0207,,0438S 14558E,
,PG,KXR,Karoola,Karoola,,AI,---4----,0001,,,
,PG,KSB,Kasanombe,Kasanombe,,AI,---4----,0001,,,
,PG,KVG,Kavieng,Kavieng,,AI,1--4----,9601,,,
,PG,KWO,Kawito,Kawito,,AI,---4----,0001,,,
,PG,KEG,Keglsugl,Keglsugl,,AI,---4----,0001,,,
,PG,KNL,Kelanoa,Kelanoa,,AI,---4----,0001,,,
,PG,KRU,Kerau,Kerau,,AI,---4----,0001,,,
,PG,KMA,Kerema,Kerema,,AI,1--4----,9601,,,
,PG,KII,Kibuli,Kibuli,,RL,---4----,0907,,0853S 14247E,
,PG,KIE,Kieta,Kieta,,AI,1--4----,9601,,,
,PG,KIZ,Kikinonda,Kikinonda,,AI,---4----,0001,,,
,PG,KRI,Kikori,Kikori,,AI,---4----,9601,,,
,PG,KIM,Kimbe,Kimbe,,QQ,1-------,8311,,,
,PG,KIQ,Kira,Kira,,AI,---4----,0001,,,
,PG,KSG,Kisengan,Kisengan,,AI,---4----,0001,,,
,PG,KVE,Kitava,Kitava,,AI,---4----,0001,,,
,PG,UNG,Kiunga,Kiunga,,AI,1--4----,9601,,,
,PG,KWX,Kiwai Island,Kiwai Island,,AI,---4----,0001,,,
,PG,KMB,Koinambe,Koinambe,,AI,---4----,0001,,,
,PG,KKD,Kokoda,Kokoda,,AI,---4----,9601,,,
,PG,KOR,Kokoro,Kokoro,,AI,---4----,9601,,,
,PG,KQL,Kol,Kol,,AI,---4----,9601,,,
,PG,KCJ,Komaio,Komaio,,AI,---4----,0001,,,
,PG,HOC,Komako,Komako,,AI,---4----,0001,,,
,PG,KOM,Komo-Manda,Komo-Manda,,AI,---4----,9601,,,
,PG,KPM,Kompiam,Kompiam,,AI,---4----,0001,,,
,PG,KPF,Kondubol,Kondubol,,RL,---4----,0907,,1012S 14942E,
,PG,KGB,Konge,Konge,,AI,---4----,0001,,,
,PG,KOP,Kopi,Kopi,GPK,RL,1-------,0901,,0718S 14411E,
,PG,KPA,Kopiago,Kopiago,,AI,---4----,9601,,,
,PG,KDE,Koroba,Koroba,,AI,---4----,9601,,,
,PG,KSP,Kosipe,Kosipe,,AI,---4----,0001,,,
,PG,KUL,Kumul,Kumul,,RL,1-----7-,0207,,0806S 14434E,
,PG,CMU,Kundiawa,Kundiawa,,AI,---4----,9601,,,
,PG,KGM,Kungum,Kungum,,AI,---4----,0001,,,
,PG,KUP,Kupiano,Kupiano,,AI,---4----,9601,,,
,PG,KUQ,Kuri,Kuri,,AI,---4----,0001,,,
,PG,KWV,Kurwina,Kurwina,,AI,---4----,0001,,,
,PG,KUX,Kuyol,Kuyol,,RL,---4----,0907,,3829N 12602E,
,PG,LAB,Lablab,Lablab,,AI,---4----,9601,,,
,PG,LAE,Lae,Lae,,AI,1--4----,9601,,,
,PG,LGM,Laiagam,Laiagam,,AI,---4----,0001,,,
,PG,LMY,Lake Murray,Lake Murray,,AI,---4----,0001,,,
,PG,LAK,Lakuramau,Lakuramau,NIK,RQ,1-------,0901,,0253S 15115E,
,PG,LMG,Lamassa,Lamassa,,AI,---4----,0001,,,
,PG,LAM,Lambom Island,Lambom Island,NIK,RQ,1-------,0901,,0448S 15250E,
,PG,LNM,Langimar,Langimar,,AI,---4----,9601,,,
,PG,LLA,Laughlan Atoll,Laughlan Atoll,MBA,RQ,1-------,0901,,0917S 15340E,
,PG,LHP,Lehu,Lehu,,AI,---4----,0001,,,
,PG,LTF,Leitre,Leitre,,AI,---4----,0001,,,
,PG,LNC,Lengbati,Lengbati,,AI,---4----,0001,,,
,PG,LPN,Leron Plains,Leron Plains,,AI,---4----,0001,,,
,PG,LNG,Lese,Lese,,AI,---4----,9601,,,
,PG,LNV,Lihir Island,Lihir Island,,AI,1--4----,9701,,,
,PG,LGN,Linga Linga,Linga Linga,,AI,---4----,0001,,,
,PG,LNQ,Loani,Loani,,AI,---4----,0001,,,
,PG,LOL,Loloho,Loloho,,QQ,1-------,8311,,,
,PG,LOM,Lombrum,Lombrum,MRL,RQ,1-------,0901,,0202S 14722E,
,PG,LDT,Londolovit,Londolovit,,RL,1-3-----,0201,,0304S 15237E,
,PG,LSJ,Long Island,Long Island,,AI,---4----,0001,,,
,PG,LSA,Losuia,Losuia,,AI,---4----,9601,,,
,PG,LWI,Lowai,Lowai,,AI,---4----,0001,,,
,PG,LMI,Lumi,Lumi,,AI,---4----,9601,,,
,PG,MAG,Madang,Madang,MPM,AI,1--4----,1701,,0513S 14547E,
,PG,MPG,Makini,Makini,,AI,---4----,0001,,,
,PG,MMV,Mal,Mal,,AI,---4----,0001,,,
,PG,MLQ,Malalaua,Malalaua,,AI,---4----,9601,,,
,PG,MQO,Malam,Malam,,RL,---4----,0907,,0843S 14239E,
,PG,MKN,Malekolon,Malekolon,,AI,---4----,9601,,,
,PG,MAP,Mamai,Mamai,,AI,---4----,9601,,,
,PG,MAM,Manam Island,Manam Island,,QQ,1-------,8311,,,
,PG,MRM,Manare,Manare,,AI,---4----,9601,,,
,PG,MAN,Manda,Manda,,RL,--34----,0207,KOM,0700S 14109E,
,PG,MVI,Manetai,Manetai,,AI,---4----,0001,,,
,PG,MGP,Manga,Manga,,AI,---4----,9601,,,
,PG,MFO,Manguna,Manguna,,AI,---4----,0001,,,
,PG,UUU,Manumu,Manumu,,AI,---4----,9601,,,
,PG,MAS,Manus Island,Manus Island,,AI,---4----,9601,,,
,PG,MPF,Mapoda,Mapoda,,AI,---4----,0001,,,
,PG,MPU,Mapua,Mapua,,AI,---4----,9601,,,
,PG,MWI,Maramuni,Maramuni,,AI,---4----,0001,,,
,PG,MWG,Marawaka,Marawaka,,AI,---4----,0001,,,
,PG,MGG,Margarima,Margarima,,AI,---4----,9601,,,
,PG,MNP,Maron,Maron,,AI,---4----,0001,,,
,PG,MBV,Masa,Masa,,AI,---4----,0001,,,
,PG,MRH,May River,May River,,AI,---4----,0001,,,
,PG,MDU,Mendi,Mendi,,AI,---4----,9601,,,
,PG,MYX,Menyamya,Menyamya,,AI,---4----,9601,,,
,PG,MFZ,Mesalia,Mesalia,,AI,---4----,0001,,,
,PG,MIE,Mielelek,Mielelek,,QQ,1-------,8311,,,
,PG,MXK,Mindik,Mindik,,AI,---4----,0001,,,
,PG,MZN,Minj,Minj,,AI,---4----,0001,,,
,PG,MIS,Misima Island,Misima Island,,AI,1--4----,9601,,,
,PG,MPX,Miyanmin,Miyanmin,,AI,---4----,0001,,,
,PG,MJJ,Moki,Moki,,AI,---4----,0001,,,
,PG,MHY,Morehead,Morehead,,AI,---4----,9601,,,
,PG,MXH,Moro,Moro,,AI,---4----,0001,,,
,PG,OBM,Morobe,Morobe,,AI,---4----,0001,,,
,PG,MTK,Motukea Island,Motukea Island,NCD,RL,1-------,1201,,0926S 14706E,
,PG,GUV,Mougulu,Mougulu,,AI,---4----,0001,,,
,PG,UAE,Mount Aue,Mount Aue,,AI,---4----,0001,,,
,PG,HGU,Mount Hagen,Mount Hagen,,AI,---4----,9601,,,
,PG,LNF,Munbil,Munbil,,AI,---4----,0001,,,
,PG,MDM,Munduku,Munduku,,AI,---4----,9601,,,
,PG,MWU,Mussau,Mussau,,AI,---4----,9601,,,
,PG,NDN,Nadunumu,Nadunumu,,AI,---4----,0001,,,
,PG,ATN,Namatanai,Namatanai,,AI,1--4----,9601,,,
,PG,NBA,Nambaiyufa,Nambaiyufa,,AI,---4----,0001,,,
,PG,NDI,Namudi,Namudi,,AI,---4----,9601,,,
,PG,NKN,Nankina,Nankina,,AI,---4----,0001,,,
,PG,NOO,Naoro,Naoro,,AI,---4----,0001,,,
,PG,NAP,Napa Napa,Napa Napa,NCD,RQ,1-------,0901,,0927S 14707E,
,PG,GBF,Negarbo,Negarbo,,AI,---4----,0001,,,
,PG,NGR,Ningerum,Ningerum,,AI,---4----,0001,,,
,PG,NPG,Nipa,Nipa,,AI,---4----,0001,,,
,PG,IIS,Nissan Island,Nissan Island,,AI,---4----,9601,,,
,PG,NOM,Nomad River,Nomad River,,AI,---4----,0001,,,
,PG,NMN,Nomane,Nomane,,AI,---4----,0001,,,
,PG,NWT,Nowata,Nowata,,AI,---4----,9601,,,
,PG,NUG,Nuguria,Nuguria,,AI,---4----,0001,,,
,PG,UKU,Nuku,Nuku,,AI,---4----,9601,,,
,PG,NUT,Nutuve,Nutuve,,AI,---4----,0001,,,
,PG,OBX,Obo,Obo,,AI,---4----,0001,,,
,PG,OGE,Ogeranang,Ogeranang,,AI,---4----,0001,,,
,PG,OKV,Okao,Okao,,RL,---4----,0907,,0355S 11612E,
,PG,OKP,Oksapmin,Oksapmin,,AI,---4----,0001,,,
,PG,OLQ,Olsobip,Olsobip,,AI,---4----,0001,,,
,PG,OML,Omkalai,Omkalai,,AI,---4----,0001,,,
,PG,OSE,Omora,Omora,,AI,---4----,0001,,,
,PG,ONB,Ononge,Ononge,,AI,---4----,0001,,,
,PG,OPB,Open Bay,Open Bay,,AI,---4----,9601,,,
,PG,RAX,Oram,Oram,,AI,---4----,0001,,,
,PG,OTY,Oria,Oria,,AI,---4----,0001,,,
,PG,ROR,Orobay,Orobay,,QQ,1-------,8311,,,
,PG,OSG,Ossima,Ossima,,AI,---4----,0001,,,
,PG,PLE,Paiela,Paiela,,AI,---4----,0001,,,
,PG,PAW,Pambwa,Pambwa,,AI,---4----,9601,,,
,PG,PGN,Pangia,Pangia,,AI,---4----,0001,,,
,PG,PGB,Pangoa,Pangoa,,AI,---4----,0001,,,
,PG,PPX,Param,Param,,AI,---4----,0001,,,
,PG,PMP,Pimaga,Pimaga,,AI,---4----,9601,,,
,PG,PDI,Pindiu,Pindiu,,AI,---4----,0001,,,
,PG,PDO,Pondo Harbour,Pondo Harbour,EBR,RL,1-------,0401,,0434S 15137E,
,PG,PNP,Popondetta,Popondetta,,AI,---4----,9601,,,
,PG,RGE,Porgera,Porgera,,AI,---4----,9601,,,
,PG,POM,Port Moresby,Port Moresby,,AI,1--4----,9601,,,
,PG,PUA,Puas,Puas,,AI,---4----,9601,,,
,PG,PMN,Pumani,Pumani,,AI,---4----,9601,,,
,PG,PUI,Pureni,Pureni,,AI,---4----,0001,,,
,PG,RBP,Rabaraba,Rabaraba,,AI,---4----,9601,,,
,PG,RAB,Rabaul,Rabaul,,AI,1--4----,9601,,,
,PG,RAA,Rakanda,Rakanda,,AI,---4----,9601,,,
,PG,RAM,Rambutyo Island,Rambutyo Island,,QQ,1-------,8311,,,
,PG,RNR,Robinson River,Robinson River,,AI,1--4----,9601,,,
,PG,RMN,Rumginae,Rumginae,,AI,---4----,0001,,,
,PG,RVI,Russel Island,Russel Island,,QQ,1-------,8311,,,
,PG,RUU,Ruti,Ruti,,AI,---4----,0001,,,
,PG,SBV,Sabah,Sabah,,AI,---4----,9601,,,
,PG,SFU,Safia,Safia,,AI,---4----,9601,,,
,PG,SGJ,Sagarai,Sagarai,,AI,---4----,9601,,,
,PG,SAI,Saibai,Saibai,WPD,RQ,1-------,0901,,0923S 14237E,
,PG,SDI,Saidor,Saidor,,AI,---4----,9601,,,
,PG,SMU,Salamaua,Salamaua,,QQ,1-------,8311,,,
,PG,SAM,Salamo,Salamo,,AI,---4----,9601,,,
,PG,SQT,Samarai,Samarai,,AI,1--4----,9601,,1038S 15038E,
,PG,SGK,Sangapi,Sangapi,,AI,---4----,0001,,,
,PG,SMH,Sapmanga,Sapmanga,,AI,---4----,0001,,,
,PG,SWG,Satwag,Satwag,,AI,---4----,0001,,,
,PG,SXW,Sauren,Sauren,,AI,---4----,0001,,,
,PG,SCH,Schauten,Schauten,,QQ,1-------,8311,,,
,PG,SXH,Sehulea,Sehulea,,AI,---4----,9601,,,
,PG,SBC,Selbang,Selbang,,AI,---4----,0001,,,
,PG,SPV,Sepik Plains,Sepik Plains,,AI,---4----,0001,,,
,PG,SXA,Sialum,Sialum,,AI,---4----,0001,,,
,PG,SSS,Siassi,Siassi,,AI,---4----,9601,,,
,PG,SIL,Sila,Sila,,AI,---4----,9601,,,
,PG,SWR,Silur,Silur,,AI,---4----,0001,,,
,PG,SMJ,Sim,Sim,,AI,---4----,0001,,,
,PG,SIM,Simbai,Simbai,,AI,---4----,9601,,,
,PG,NIS,Simberi Island,Simberi Island,,AI,---4----,0001,,,
,PG,SGB,Singaua,Singaua,,AI,---4----,0001,,,
,PG,SPL,Sipul,Sipul,,QQ,1-------,8311,,,
,PG,SIZ,Sissano,Sissano,,AI,---4----,0001,,,
,PG,SWE,Siwea,Siwea,,AI,---4----,0001,,,
,PG,SOI,Sokar Island,Sokar Island,,QQ,1-------,8311,,,
,PG,SPH,Sopu,Sopu,,AI,---4----,0001,,,
,PG,SMP,Stockholm,Stockholm,,AI,---4----,9601,,,
,PG,SBE,Suabi,Suabi,,AI,---4----,0001,,,
,PG,SKC,Suki,Suki,,AI,---4----,0001,,,
,PG,ULE,Sule,Sule,,AI,---4----,0001,,,
,PG,SUZ,Suria,Suria,,AI,---4----,0001,,,
,PG,TBA,Tabibuga,Tabibuga,,AI,---4----,9601,,,
,PG,TBG,Tabubil,Tabubil,,AI,---4----,9601,,,
,PG,TGL,Tagula,Tagula,,AI,1--4----,9601,,,
,PG,TLW,Talasea,Talasea,,AI,1--4----,9601,,,
,PG,TAM,Tambanum,Tambanum,ESW,RQ,1-------,0901,,0412S 14336E,
,PG,TAI,Tambutyo Island,Tambutyo Island,,QQ,1-------,8311,,,
,PG,TMI,Tami Island,Tami Island,MPL,RQ,1-------,0901,,0646S 14754E,
,PG,TPI,Tapini,Tapini,,AI,---4----,9601,,,
,PG,TBQ,Tarabo,Tarabo,,AI,---4----,0001,,,
,PG,TRJ,Tarakbits,Tarakbits,,AI,---4----,0001,,,
,PG,TIZ,Tari,Tari,,AI,---4----,9601,,,
,PG,TSK,Taskul,Taskul,,AI,---4----,9601,,,
,PG,TAU,Taugu Island,Taugu Island,,QQ,1-------,8311,,,
,PG,TUT,Tauta,Tauta,,AI,---4----,0001,,,
,PG,TWY,Tawa,Tawa,,AI,---4----,0001,,,
,PG,TKB,Tekadu,Tekadu,,AI,---4----,0001,,,
,PG,TKW,Tekin,Tekin,,AI,---4----,0001,,,
,PG,TFM,Telefomin,Telefomin,,AI,---4----,9601,,,
,PG,TEP,Teptep,Teptep,,AI,---4----,9601,,,
,PG,TEO,Terapo,Terapo,,AI,---4----,9601,,,
,PG,TDB,Tetebedi,Tetebedi,,AI,--34----,0207,,0909S 14803E,
,PG,TFA,Tilfalmin,Tilfalmin,,AI,---4----,0001,,,
,PG,TBE,Timbunke,Timbunke,,AI,---4----,0001,,,
,PG,TCK,Tinboli,Tinboli,,AI,---4----,0001,,,
,PG,TIG,Tingwon,Tingwon,,AI,---4----,9601,,,
,PG,TLO,Tol,Tol,,AI,---4----,9601,,,
,PG,TOI,Tolokiwa Island,Tolokiwa Island,,QQ,1-------,8311,,,
,PG,TON,Tonu,Tonu,,AI,---4----,0001,,,
,PG,TCJ,Torembi,Torembi,,AI,---4----,0001,,,
,PG,TOK,Torokina,Torokina,,AI,---4----,9601,,,
,PG,TSW,Tsewi,Tsewi,,AI,---4----,0001,,,
,PG,TSI,Tsili Tsili,Tsili Tsili,,AI,---4----,0001,,,
,PG,TFI,Tufi,Tufi,,AI,1--4----,9601,,,
,PG,TLP,Tumolbil,Tumolbil,,AI,---4----,0001,,,
,PG,ULA,Ulamona,Ulamona,WBK,RQ,1-------,0901,,0500S 15115E,
,PG,UMC,Umba,Umba,,AI,---4----,0001,,,
,PG,UPR,Upiara,Upiara,,AI,---4----,0001,,,
,PG,URU,Uroubi,Uroubi,,AI,---4----,0001,,,
,PG,USO,Usino,Usino,,AI,---4----,0001,,,
,PG,UVO,Uvol,Uvol,,AI,---4----,9601,,,
,PG,VLA,Vailala,Vailala,GPK,RL,1-3-----,0401,,0757S 14527E,
,PG,VAI,Vanimo,Vanimo,,AI,1--4----,9601,,,
,PG,VIV,Vivigani,Vivigani,,AI,---4----,0001,,,
,PG,WAB,Wabag,Wabag,,AI,---4----,0001,,,
,PG,WAO,Wabo,Wabo,,AI,---4----,9601,,,
,PG,WGU,Wagau,Wagau,,AI,---4----,0001,,,
,PG,WKN,Wakunai,Wakunai,,AI,---4----,9601,,,
,PG,AGL,Wanigela,Wanigela,,AI,---4----,9601,,,
,PG,WTT,Wantoat,Wantoat,,AI,---4----,0001,,,
,PG,WNU,Wanuma,Wanuma,,AI,---4----,0001,,,
,PG,WBM,Wapenamanda,Wapenamanda,,AI,---4----,9601,,,
,PG,WBC,Wapolu,Wapolu,,AI,---4----,0001,,,
,PG,WSU,Wasu,Wasu,,AI,---4----,0001,,,
,PG,WSA,Wasua,Wasua,,AI,---4----,0001,,,
,PG,WUM,Wasum,Wasum,,AI,---4----,0001,,,
,PG,WAT,Watabung,Watabung,EHG,RL,1-3-----,0901,,0605S 14513E,
,PG,WUG,Wau,Wau,,AI,---4----,9601,,,
,PG,WAJ,Wawoi Falls,Wawoi Falls,,AI,---4----,0001,,,
,PG,WEP,Weam,Weam,,AI,---4----,9601,,,
,PG,WED,Wedau,Wedau,,AI,---4----,9601,,,
,PG,WWK,Wewak,Wewak,,AI,1--4----,9601,,,
,PG,WPM,Wipim,Wipim,,AI,---4----,0001,,,
,PG,WIU,Witu,Witu,,AI,---4----,9601,,,
,PG,WTP,Woitape,Woitape,,AI,---4----,9601,,,
,PG,WOA,Wonenara,Wonenara,,AI,---4----,0001,,,
,PG,WOK,Woodlark,Woodlark,,QQ,1-------,8311,,,
,PG,WUV,Wuvulu Is,Wuvulu Is,,AI,---4----,9601,,,
,PG,KYX,Yalumet,Yalumet,,AI,---4----,0001,,,
,PG,KPE,Yapsiei,Yapsiei,,AI,---4----,0001,,,
,PG,KSX,Yasuru,Yasuru,,AI,---4----,0001,,,
,PG,PGE,Yegepa,Yegepa,,AI,---4----,0001,,,
,PG,XYR,Yellow River,Yellow River,,AI,---4----,0001,,,
,PG,YEQ,Yenkis,Yenkis,,AI,---4----,0001,,,
,PG,YEN,Yentchan,Yentchan,ESW,RL,1-------,0901,,0408S 14315E,
,PG,YVD,Yeva,Yeva,,AI,---4----,0001,,,
,PG,KGH,Yongai,Yongai,,AI,---4----,0001,,,
,PG,RKU,Yule Island,Yule Island,,AI,1--4----,9601,,,
,PG,ZEN,Zenag,Zenag,,AI,---4----,0001,,,
