,MU,ABN,Albion,Albion,BL,RL,1-------,1801,,2012S 05724E,
,MU,ANL,Arsenal,Arsenal,PA,RL,--3-----,1807,,2006S 05732E,
,MU,BTB,Baie-du-Tombeau,Baie-du-Tombeau,PA,RL,--3-----,1601,,2006S 05730E,
,MU,BAM,Bambous,Bambous,AG,RQ,1-------,0901,,,
,MU,BEB,Beau Bassin,Beau Bassin,PW,RL,--3-----,1301,,2013S 05727E,
,MU,BPL,Beau Plan,Beau Plan,PA,RL,--3-----,1301,,2005S 05734E,
,MU,BVN,Beau Vallon,Beau Vallon,GP,RL,--3-----,1807,,2021S 05741E,
,MU,BEL,Bel Air,Bel Air,FL,RL,--3-----,1307,,2015S 05744E,
,MU,BOR,Bel Ombre,Bel Ombre,SA,RL,--3-----,1407,,2030S 05724E,
,MU,BLM,Belle Mare,Belle Mare,FL,RL,--3-----,1601,,2011S 05746E,
,MU,BRE,Belle Rose,Belle Rose,QB,RL,--3-----,1807,,2015S 05743E,
,MU,CPX,Cap Malheureux,Cap Malheureux,RR,RL,--3-----,1601,,1959S 05736E,
,MU,CSS,Cassis,Cassis,PL,RL,--3-----,1807,,2009S 05728E,
,MU,CDF,Centre de Flacq,Centre de Flacq,FL,RL,--3-----,1301,,2012S 05743E,
,MU,CHL,Chamarel,Chamarel,SA,RL,--3-----,1601,,2025S 05723E,
,MU,CGR,Chemin Grenier,Chemin Grenier,SA,RL,--3-----,1807,,2029S 05727E,
,MU,CDE,Cloverdale,Cloverdale,,RQ,--3-----,0004,,,
,MU,CMD,Coromandel,Coromandel,BR,RL,--3-----,1807,,2010S 05727E,
,MU,CUR,Curepipe,Curepipe,,RL,1-3-----,9805,,,
,MU,EBN,Ebene,Ebene,,RQ,-----6--,1007,,2014S 05747E,
,MU,FLF,Flic en Flac,Flic en Flac,BL,RL,--3-----,1301,,2016S 05721E,
,MU,FDS,Fond du Sac,Fond du Sac,PA,RL,-----6--,1801,,2002S 05734E,
,MU,FSD,Forest Side,Forest Side,PW,RL,--3-----,1807,,2019S 05731E,
,MU,GOO,Goodlands,Goodlands,RR,RL,--3-----,1701,,2002S 05738E,
,MU,GBA,Grand Baie,Grand Baie,PA,RL,--3-----,1601,,2000S 05734E,
,MU,GRN,Grand River North West,Grand River North West,PL,RL,--3-----,1807,,2010S 05728E,
,MU,GRS,Grande Rivière Sud Est,Grande Riviere Sud Est,FL,RL,--3-----,1807,,2017S 05746E,
,MU,GBS,Gros Bois,Gros Bois,GP,RL,--3-----,1601,,2026S 05736E,
,MU,LME,La Mivoie,La Mivoie,RR,RL,--3-----,1701,,2020S 05721E,
,MU,MAH,Mahébourg,Mahebourg,,RL,--3-----,0212,,2024S 05741E,
,MU,MAP,Mapou,Mapou,RR,RL,--3-----,1601,,2001S 05734E,
,MU,MOK,Moka,Moka,MO,RQ,--3-----,1207,,2013S 05729E,
,MU,MSA,Morcellemont Saint André,Morcellemont Saint Andre,PU,RL,--3-----,1301,,2004S 05733E,
,MU,GPO,Nouvelle France,Nouvelle France,GP,RL,--3-----,1601,,2022S 05733E,
,MU,PAI,Pailles,Pailles,PW,RL,--3-----,1301,,2011S 05728E,
,MU,PMR,Palmar,Palmar,FL,RL,--3-----,1807,,2013S 05746E,
,MU,PAM,Pamplemousses,Pamplemousses,PA,RL,--3-----,1301,,2006S 05734E,
,MU,PYY,Pereybèré,Pereybere,RR,RL,--3-----,1407,,1959S 05735E,
,MU,PRI,Petite Rivière,Petite Riviere,BL,RL,--3-----,1407,,2011S 05726E,
,MU,PNX,Phoenix,Phoenix,PW,RL,-----6--,1107,,2017S 05730E,
,MU,PTN,Piton,Piton,RR,RL,--3-----,1807,,2005S 05737E,
,MU,PMG,Plaine Magnien,Plaine Magnien,GP,RL,--3-----,0507,,2025S 05739E,
,MU,PAC,Pointe aux Canonniers,Pointe aux Canonniers,PA,RL,--3-----,1601,,2000S 05733E,
,MU,PSB,Pointe aux Sables,Pointe aux Sables,PU,RL,--3-----,1101,,2009S 05727E,
,MU,PEY,Pointe d’Esny,Pointe d’Esny,GP,RL,--3-----,1707,,2025S 05743E,
,MU,PLU,Port Louis,Port Louis,,QQ,1--4----,8111,,,
,MU,PMA,Port Mathurin,Port Mathurin,,RL,1-3-----,0607,,1941S 06325E,
,MU,PDF,Poste de Flacq,Poste de Flacq,FL,RL,--3-----,1601,,2009S 05743E,
,MU,QML,Quartier Militaire,Quartier Militaire,MO,RL,--3-----,1807,,2014S 05735E,
,MU,QBE,Quatre Bornes,Quatre Bornes,PW,RL,--3-----,1101,,2015S 05728E,
,MU,RCT,Richeterre,Richeterre,FL,RL,--3-----,1307,,2007S 05730E,
,MU,RDR,Rivière du Rempart,Riviere du Rempart,FL,RL,--3-----,1307,,2006S 05741E,
,MU,BLR,Rivière Noire,Riviere Noire,BL,RL,--3-----,1601,,2021S 05721E,
,MU,MRB,Roches Brunes,Roches Brunes,PW,RL,--3-----,1601,,2013S 05727E,
,MU,RNE,Roches Noire,Roches Noire,RR,RL,--3-----,1601,,2006S 05742E,
,MU,RRG,Rodrigues,Rodrigues,,AI,---4----,0212,,1942S 06325E,
,MU,RSH,Rose Hill,Rose Hill,BR,RL,--3-----,1807,,2014S 05728E,
,MU,SAU,Saint Aubin,Saint Aubin,SA,RL,--3-----,1307,,2029S 05733E,
,MU,STP,Saint Pierre,Saint Pierre,MO,RL,--3-----,1301,,2013S 05731E,
,MU,MRU,Sir Seewoosagur Ramgoolam Int Apt,Sir Seewoosagur Ramgoolam Int Apt,,AI,---45---,0401,,2026S 05741E,
,MU,SLC,Souillac,Souillac,SA,RL,--3-----,1807,,2031S 05731E,
,MU,SRM,Surinam,Surinam,SA,RL,--3-----,1807,,2030S 05730E,
,MU,TAM,Tamarin,Tamarin,BL,RL,1----6--,1107,,2019S 05722E,
,MU,TRE,Terre Rouge,Terre Rouge,PA,RL,--3-----,1807,,2007S 05731E,
,MU,TLT,Triolet,Triolet,PA,RL,--3-----,1807,,2003S 05732E,
,MU,TAB,Trou aux Biches,Trou aux Biches,PA,RL,--3-----,1807,,2002S 05732E,
,MU,TDD,Trou d'eau Douce,Trou d'eau Douce,FL,RL,--3-----,1807,,2014S 05746E,
,MU,TYK,Tyack,Tyack,SA,RL,--3-----,1807,,2028S 05733E,
,MU,VAC,Vacoas,Vacoas,PW,RL,--3-----,1707,,2017S 05728E,
,MU,VER,Verdun,Verdun,MO,RL,--3-----,1601,,2013S 05732E,
