,GR,ANI,"Agios Nikólaos, Kríti","Agios Nikolaos, Kriti",92,AI,1-------,0212,,3511N 02543E,
,GR,CHI,"Chaïdari, Athens","Chaidari, Athens",,RL,--3-----,0607,,3801N 02339E,
,GR,ABD,Abdera,Abdera,72,RL,--3-----,1607,,4056N 02458E,
,GR,ANE,Acharnae Akharna,Acharnae Akharna,A1,RL,-----6--,1107,,3805N 02344E,
,GR,AAR,Acharnes,Acharnes,A1,RL,-----6--,1107,,3805N 02344E,
,GR,ACL,Achladi,Achladi,,AI,1-------,1307,,3853N 02249E,
,GR,HLR,Achladiás,Achladias,E,RL,--3-----,1807,,3908N 02327E,
,GR,ADL,Adamas Milos,Adamas Milos,82,RQ,1-------,1001,,3643N 02426E,
,GR,AMS,Adhamas,Adhamas,,RL,--3-----,9811,,,
,GR,GAH,Aegaleo,Aegaleo,,RL,-----6--,0901,,3759N 02340E,
,GR,AEG,Aegina,Aegina,,RQ,1-------,1101,,3744N 02325E,
,GR,ANO,Aeginio,Aeginio,,RQ,--3-----,0907,,4031N 03233E,
,GR,GIE,Aegio,Aegio,,AA,--3-----,1707,,3815N 02205E,
,GR,KIA,Afídhnai,Afidhnai,,RL,--3-----,0601,,3813N 02350E,
,GR,AGN,Agathonisi,Agathonisi,81,RL,1-------,0407,,3727N 02658E,
,GR,AEF,Agia Efimia,Agia Efimia,,AI,1-------,1307,,3818N 02036E,
,GR,AKM,Agia Kyriaki (Trikeri Magnisia),Agia Kyriaki (Trikeri Magnisia),43,RQ,1-------,1001,,3905N 02304E,
,GR,AMR,Agia Marina Aiginas,Agia Marina Aiginas,,RQ,1-------,0901,,3744N 02332E,
,GR,AGM,Agia Marina Fthiotidas,Agia Marina Fthiotidas,,AI,1-------,1307,,3854N 02235E,
,GR,GMA,Agia Marina Grammatikou Attikis,Agia Marina Grammatikou Attikis,,AA,1-------,1307,,3811N 02404E,
,GR,AML,Agia Marina Lerou,Agia Marina Lerou,81,RQ,1-------,1007,,3709N 02651E,
,GR,APK,Agia Paraskevi,Agia Paraskevi,A1,RL,--3-----,1501,,3800N 02349E,
,GR,ROU,Agia Roumeli,Agia Roumeli,,RQ,1-------,1101,,3514N 02358E,
,GR,AGT,Agio Theodoroi,Agio Theodoroi,,AI,1-34----,0207,,3755N 02307E,
,GR,AGK,Agiokampos Larissas,Agiokampos Larissas,,AI,1-------,0407,,3941N 02253E,
,GR,GTO,Agios Athanasios,Agios Athanasios,22,RL,--3-----,1607,,3944N 01942E,
,GR,AGE,Agios Georgios,Agios Georgios,04,AA,1-------,1307,,3850N 02253E,
,GR,GRA,Agios Ioannis Rentis,Agios Ioannis Rentis,A1,AA,-23-----,1307,,3757N 02340E,
,GR,AKO,Agios Konstantínos,Agios Konstantinos,,AI,1-------,1307,,3845N 02252E,
,GR,AKI,Agios Kírykos,Agios Kirykos,84,AI,1-------,1307,,3737N 02618E,
,GR,AGF,Agios Nikolaos Fokidas,Agios Nikolaos Fokidas,,RQ,1-------,0901,,3820N 02209E,
,GR,AGP,Agios Pávlos,Agios Pavlos,,RL,--3-----,0212,,4038N 02258E,
,GR,AGS,Agios Stefanos,Agios Stefanos,,RQ,0-------,9307,,,
,GR,ASF,Agios Stefanos Corfu,Agios Stefanos Corfu,22,AA,1-------,1307,,3946N 01957E,
,GR,AGG,Agistri Aiginas,Agistri Aiginas,A1,AI,1-------,0407,,3743N 02321E,
,GR,ANL,Agnontas Skopelos,Agnontas Skopelos,43,AA,1-------,1307,,3905N 02342E,
,GR,AGQ,Agrinion,Agrinion,,AI,--3-----,0607,,3838N 02125E,
,GR,AGA,Agriá,Agria,,RL,123-----,1101,,3920N 02300E,
,GR,APE,Agía Pelagía,Agia Pelagia,,AI,1-------,0212,,3620N 02259E,
,GR,AGI,Agía Triás,Agia Trias,53,RQ,--3-----,0212,,4030N 02252E,
,GR,V6V,Agía Varvára,Agia Varvara,53,RL,--3-----,1607,,4029N 02214E,
,GR,AID,Aidipsou,Aidipsou,04,RQ,1-------,0901,,3851N 02302E,
,GR,AGL,Aigaleo,Aigaleo,A1,RL,-----6--,0901,,3759N 02341E,
,GR,AIG,Aigiali Amorgou,Aigiali Amorgou,82,RL,1-------,1501,,3654N 02558E,
,GR,AIN,Aiginion,Aiginion,61,RL,--3-----,1301,,4030N 02232E,
,GR,GAW,Aitolikon,Aitolikon,,RL,-----6--,0901,,3826N 02121E,
,GR,EGA,Aiyaleo,Aiyaleo,,RL,--3-----,0601,,3759N 02341E,
,GR,JHB,Akharnai,Akharnai,A1,RL,-----6--,1201,,3804N 02342E,
,GR,ACH,Akharnaí,Akharnai,A1,AA,-23-----,1307,,3805N 02344E,
,GR,AKH,Akhillion,Akhillion,43,RQ,1-------,0901,,3900N 02258E,
,GR,ZPI,Akra Zéfiros,Akra Zefiros,,RL,--3-----,0212,,3640N 02428E,
,GR,AKT,Aktio Vonitsas,Aktio Vonitsas,A1,RL,1-------,1501,,3857N 02045E,
,GR,AXD,Alexandroúpolis,Alexandroupolis,,RL,1-34----,1101,,4051N 02552E,
,GR,ALX,Alexándria,Alexandria,,RL,--3-----,0201,,4037N 02226E,
,GR,AIO,Alimos,Alimos,A1,AA,1-3-----,1607,,3755N 02343E,Almiros?
,GR,LVR,Aliverio,Aliverio,,AI,1-------,1307,,3824N 02403E,
,GR,ALV,Alivérion,Aliverion,,RL,--3-----,0212,,3825N 02402E,
,GR,ALM,Almiros,Almiros,,RQ,--3-----,9501,,,
,GR,ATS,Altsi,Altsi,,AA,1-3-----,1307,,3510N 02553E,
,GR,ALI,Alíartos,Aliartos,,RL,--3-----,0212,,3822N 02306E,
,GR,ALO,Alónnisos,Alonnisos,,AI,1-------,1307,,3909N 02352E,
,GR,ADA,Amaliada,Amaliada,14,RL,--3-----,1601,,3748N 02121E,
,GR,APL,Amaliápolis,Amaliapolis,,RL,1-3-----,0607,,3910N 02253E,
,GR,AMA,Amaliás,Amalias,,RL,--3-----,0212,,3748N 02121E,
,GR,ASI,Amaroussio,Amaroussio,,RQ,--3-----,0901,,3803N 02347E,
,GR,AK4,Amaroúsion,Amarousion,A1,RL,--3-----,1601,,3803N 02348E,
,GR,ABO,Ambelókipoi,Ambelokipoi,,RL,--3-----,0307,,4028N 02118E,
,GR,AMF,Amfilochía,Amfilochia,,AI,1-------,0212,,3852N 02110E,
,GR,AMP,Amfissa,Amfissa,,RL,--3-----,0212,,3832N 02223E,
,GR,GBC,Amigdaleonas,Amigdaleonas,,RL,-----6--,0901,,4058N 02422E,
,GR,XX2,Ammoulianí,Ammouliani,64,RL,-----6--,1607,,4019N 02355E,
,GR,AMI,Amolianí,Amoliani,,AI,1-------,0212,,4020N 02355E,
,GR,AMO,Amorgós (Katapola),Amorgos (Katapola),61,AA,--3-----,1501,,3650N 02554E,
,GR,APN,Ampelonas,Ampelonas,42,RL,--3-----,1501,,3945N 02222E,
,GR,AP3,Ampelón,Ampelon,32,RL,--3-----,1401,,3944N 02020E,
,GR,AMT,Amyntaio,Amyntaio,63,RL,--3-----,1601,,4041N 02141E,
,GR,AMY,Amíndaion,Amindaion,63,RL,-23-----,0501,,4041N 02141E,
,GR,ALS,Analipsi,Analipsi,54,RL,--3-----,1501,,4043N 02310E,
,GR,ANG,Anargyroi,Anargyroi,,AA,-----6--,1307,,3802N 02343E,
,GR,ANK,Anatoliko,Anatoliko,54,RL,--3-----,1501,,4032N 02142E,
,GR,ASN,Anavissos,Anavissos,A1,RL,--3-----,1501,,3744N 02357E,
,GR,AND,Andros,Andros,,AI,1-------,0212,,3750N 02456E,
,GR,ANT,Andírrion,Andirrion,,AI,1-------,0212,,3820N 02146E,
,GR,A8A,Anixi,Anixi,A1,RL,--3-----,1601,,3808N 02352E,
,GR,AHS,Ankhíalos,Ankhialos,,AA,-23-----,1307,,4043N 02247E,
,GR,ADK,Ano Diakopto,Ano Diakopto,13,RL,--3-----,1601,,3808N 02214E,
,GR,GAJ,Ano Liosia,Ano Liosia,A1,RL,-----6--,0901,,3805N 02342E,
,GR,ANX,Anoixis,Anoixis,A1,RL,--3-----,1307,,3808N 02351E,
,GR,THO,Anthousa,Anthousa,A1,RQ,--3-----,1301,,3802N 02352E,
,GR,ATK,Antikyra,Antikyra,,AI,1-------,1307,,3823N 02238E,
,GR,ANP,Antiparos,Antiparos,,AI,1-------,1307,,3702N 02505E,
,GR,ANA,Anáfi,Anafi,82,AI,1-------,0407,,3621N 02546E,
,GR,APS,Apsalos,Apsalos,,RL,--3-----,0212,,4054N 02203E,
,GR,ARX,Araxos,Araxos,,RQ,1-------,0901,,3812N 02123E,
,GR,ARE,Areópolis,Areopolis,,RL,--3-----,0201,,3639N 02223E,
,GR,ARG,Argos (Argolis),Argos (Argolis),,AA,--3-----,1307,,,
,GR,ARM,Argostólion,Argostolion,,AI,1-------,0212,,3811N 02029E,
,GR,ARY,Argyropouli,Argyropouli,42,RL,--3-----,1601,,3949N 02218E,
,GR,AGY,Argyroupoli,Argyroupoli,A1,RL,--3-----,0901,,,
,GR,GAC,Argyroupolis,Argyroupolis,57,RL,--3--6--,0901,,4059N 02256E,
,GR,ARI,Aridaía,Aridaia,,RL,--3-----,0212,,4058N 02203E,
,GR,ARD,Arkioi Dodekanissou,Arkioi Dodekanissou,81,AA,1-------,1307,,3723N 02644E,
,GR,ARK,Arkítsa,Arkitsa,06,AI,1-3-----,0407,,3845N 02302E,
,GR,ARN,Arnaía,Arnaia,,RL,--3-----,0601,,4030N 02336E,
,GR,TEM,Artemis,Artemis,,AA,1-------,1307,,3758N 02400E,
,GR,ASO,Asopós,Asopos,,RL,--3-----,0212,,3644N 02252E,
,GR,APP,Aspropyrgos,Aspropyrgos,I,RL,--3-----,1701,,3804N 02335E,
,GR,APO,Aspros,Aspros,57,RQ,--3-----,0901,,4053N 02237E,
,GR,APV,Asproválta,Asprovalta,,RL,1-3-----,0601,,4043N 02342E,
,GR,ASS,Asprópirgos,Aspropirgos,A1,RL,1-3--6--,1101,,3804N 02335E,
,GR,SOS,Assos,Assos,23,AA,1-------,1307,,3823N 02032E,
,GR,AST,Astakós,Astakos,,AI,1-------,0212,,3832N 02105E,
,GR,JTY,Astypálaia,Astypalaia,81,AI,1-------,0212,,3633N 02621E,
,GR,ASV,Asvestochórion,Asvestochorion,54,RL,--3-----,0407,,3937N 02046E,
,GR,ATA,Atalándi,Atalandi,06,AA,1-3-----,1307,,3839N 02300E,
,GR,ATN,Athinios Thira Santorini,Athinios Thira Santorini,82,RQ,1-------,1001,,3623N 02525E,
,GR,ATH,Athínai,Athinai,I,AI,---45---,1701,,3759N 02344E,
,GR,ATT,Attikí,Attiki,A1,RL,--3-----,1601,,3800N 02344E,
,GR,VKL,Avlaki Stylidos,Avlaki Stylidos,,RQ,--3-----,1707,,3855N 02233E,
,GR,AVK,Avlaí,Avlai,58,RL,--3-----,0701,,4011N 02158E,
,GR,AVA,Avlida,Avlida,64,AA,1-3-----,1607,,3824N 02336E,
,GR,AVL,Avlon,Avlon,,RQ,--3-----,9501,,,
,GR,GAE,Avlona,Avlona,81,RL,-----6--,0901,,3546N 02711E,
,GR,GAA,Axioupoli,Axioupoli,57,RL,-----6--,0901,,4059N 02232E,
,GR,AYA,Ayía Marína,Ayia Marina,04,RL,--3-----,1601,,3802N 02419E,
,GR,AYM,Ayía Marína,Ayia Marina,06,RL,--3-----,1601,,3834N 02242E,
,GR,ATR,Ayía Triás,Ayia Trias,,RL,--3-----,0201,,3859N 02148E,
,GR,AEN,Aígion,Aigion,13,AI,1-------,1307,,3815N 02205E,
,GR,HLS,Chalastra,Chalastra,,RL,--3-----,0601,,4037N 02245E,
,GR,CLK,Chalkida,Chalkida,04,AA,1-------,1307,,3828N 02335E,
,GR,FOS,Chalkidón,Chalkidon,B,RL,--3-----,1707,,4043N 02235E,
,GR,QKG,Chalkis,Chalkis,,AI,--34----,0607,,3827N 02335E,
,GR,CHQ,Chania,Chania,,AI,1--4----,1307,,3531N 02401E,
,GR,CHA,Chavárion,Chavarion,14,RL,--3-----,1301,,3751N 02123E,
,GR,KAV,Chrysoupoli,Chrysoupoli,55,RL,-----6--,1501,,4059N 02442E,
,GR,JKH,Chíos,Chios,,AI,1--4----,0212,,3822N 02608E,
,GR,DOS,Delos,Delos,,AA,1-------,1307,,3724N 02516E,
,GR,DVN,Derveni,Derveni,54,RL,--3-----,1607,,4043N 02258E,
,GR,DKI,Dheskáti,Dheskati,,RL,--3-----,0601,,3956N 02148E,
,GR,DHI,Dhidhimótikhon,Dhidhimotikhon,,RL,--3-----,0601,,4121N 02630E,
,GR,DOX,Dhoxáton,Dhoxaton,,RL,--3-----,0601,,4106N 02414E,
,GR,DHS,Dhrimos,Dhrimos,54,RL,--3-----,0207,,4047N 02257E,
,GR,DRS,Dhroserón,Dhroseron,,RL,--3-----,0201,,4050N 02214E,
,GR,9OP,Dhílesi,Dhilesi,03,RL,--3-----,1407,,3821N 02340E,
,GR,DTM,Dhístomon,Dhistomon,03,RL,--3-----,1407,,3826N 02240E,
,GR,DIA,Diafánion,Diafanion,81,AI,1-------,0407,,3545N 02713E,
,GR,DIK,Diakofti Kythiron,Diakofti Kythiron,,RQ,1-------,0901,,3616N 02305E,
,GR,DMB,Dombraina Boiotias,Dombraina Boiotias,,RQ,1-------,0901,,3813N 02257E,
,GR,DOM,Domokos,Domokos,,RQ,0-------,9307,,,
,GR,DVA,Domvrena,Domvrena,03,RL,--3-----,0901,,3815N 02258E,
,GR,DON,Donousa Kykladon,Donousa Kykladon,,AA,1-------,1307,,3706N 02548E,
,GR,DOU,Douneika,Douneika,14,RL,--3-----,1707,,3745N 02120E,
,GR,DRM,Drama,Drama,,RQ,--3-----,9501,,,
,GR,DPA,Drapetzona,Drapetzona,,AA,1-------,1307,,3757N 02337E,
,GR,DRE,Drepano Riou,Drepano Riou,,RQ,1-------,0901,,3820N 02151E,
,GR,ANR,Drymos,Drymos,54,RL,--3-----,1501,,4046N 02257E,
,GR,DAF,Dáfni,Dafni,64,AI,1-------,0407,,4013N 02413E,
,GR,DAG,Dágla,Dagla,A1,RQ,--3-----,0207,,3752N 02356E,
,GR,EDI,Edipsos,Edipsos,,AI,1-------,1307,,3852N 02302E,
,GR,EFP,Efpalion,Efpalion,,RQ,-----6--,0907,,2192N 03841W,
,GR,EPS,Eginio Pierias,Eginio Pierias,61,RQ,--3-----,0901,,,
,GR,EGI,Eginion,Eginion,,AA,1-------,1307,,4029N 02235E,
,GR,ELN,Elafonissos Lakonias,Elafonissos Lakonias,,RQ,1-------,0901,,3631N 02259E,
,GR,ELI,Elaiochori,Elaiochori,12,RL,--3-----,1601,,3727N 02234E,
,GR,XZX,Elaiokhória,Elaiokhoria,64,RL,1-3-----,1401,,4020N 02310E,
,GR,ELA,Elatia,Elatia,,RQ,--3-----,9501,,,
,GR,ELT,Eleftheres,Eleftheres,,AI,1-------,1307,,4051N 02419E,
,GR,EEU,Eleusina,Eleusina,A1,AA,1-------,1307,,3802N 02332E,
,GR,FLS,Eleusis,Eleusis,A1,RL,1-3-----,1401,,3802N 02332E,
,GR,ELL,Ellasona,Ellasona,,RQ,0-------,9307,,,
,GR,ENK,Ellinikón,Ellinikon,16,RL,--3-----,1601,,3637N 02259E,
,GR,KIE,Elíki,Eliki,J,RL,--3-----,1807,,3813N 02207E,
,GR,EPM,Epanomí,Epanomi,54,RL,--3-----,0701,,4026N 02256E,
,GR,EPI,Epidavros,Epidavros,,RL,1-------,0212,,3738N 02309E,
,GR,ETK,Eratini,Eratini,07,RL,1-------,1501,,3822N 02214E,
,GR,ERK,Ereikousses Diapontioi Islands,Ereikousses Diapontioi Islands,,RQ,1-------,0901,,3952N 01934E,
,GR,ERM,Ermióni,Ermioni,,AI,1-------,0212,,3723N 02315E,
,GR,ERY,Erythres,Erythres,A1,RL,1-3-----,1401,,3813N 02319E,
,GR,ERE,Erétria,Eretria,04,AI,1-3-----,0407,,3824N 02348E,
,GR,ETL,Etolikon,Etolikon,,RQ,0-------,9307,,,
,GR,EVP,Evpálion,Evpalion,07,RL,--3--6--,0901,,3825N 02156E,
,GR,EYD,Eydilos,Eydilos,,AI,1-------,1307,,3738N 02611E,
,GR,KRL,Faliraki,Faliraki,L,RL,--3-----,1801,,3620N 02812E,
,GR,FNR,Faneromeni Salaminas,Faneromeni Salaminas,,RQ,1-------,0901,,3759N 02325E,
,GR,FAM,Farmakonissi Dodekanissos,Farmakonissi Dodekanissos,81,RQ,1-------,1001,,3717N 02705E,
,GR,FIL,Filiatrá,Filiatra,,RL,--3-----,0607,,3709N 02135E,
,GR,FIS,Fiskárdo,Fiskardo,23,AI,1-------,0407,,3827N 02034E,
,GR,FIA,Flórina,Florina,,RL,--3-----,0212,,4047N 02124E,
,GR,FOL,Folégandros,Folegandros,82,AI,1-------,1307,,3637N 02457E,
,GR,FOU,Foúrnoi,Fournoi,84,AI,1-------,0407,,3730N 02630E,
,GR,SAT,Frikes Ithakis,Frikes Ithakis,,RQ,1-------,0901,,3828N 02040E,
,GR,FYT,Fyteies,Fyteies,01,RL,--3-----,1607,,3842N 02111E,
,GR,FAR,Fársala,Farsala,42,RL,--3-----,0401,,3917N 02223E,
,GR,FER,Férai,Ferai,,RL,--3-----,0601,,4055N 02611E,
,GR,GAL,Galatas Troizinas,Galatas Troizinas,A1,RL,1-------,1501,,3730N 02327E,
,GR,GTA,Galatista,Galatista,64,RQ,--3-----,0901,,4028N 02317E,
,GR,GLX,Galaxidi,Galaxidi,07,RQ,1-------,0901,,3823N 02223E,
,GR,GSI,Galátsion,Galatsion,A1,RL,--3-----,0501,,3801N 02345E,
,GR,GNO,Ganóchora,Ganochora,61,RL,--3-----,1501,,4018N 02230E,
,GR,GAS,Gastoúni,Gastouni,14,RL,--3-----,0212,,3751N 02115E,
,GR,GAD,Gavdos Chanea,Gavdos Chanea,,AA,1-------,1307,,3451N 02407E,
,GR,GKU,Gerakarou,Gerakarou,,RL,--3-----,0601,,4037N 02313E,
,GR,GER,Gerakas,Gerakas,,RL,--3-----,0601,,3802N 02351E,
,GR,GIA,Gialtra,Gialtra,,RL,-----6--,0901,,2255N 03851E,
,GR,GAK,Giannitsa,Giannitsa,59,RL,-----6--,0901,,4047N 02224E,
,GR,GLO,Glossa,Glossa,,AI,1-------,1307,,3910N 02337E,
,GR,GLY,Glyfa Fthiotidas,Glyfa Fthiotidas,06,AI,1-------,1307,,3857N 02258E,
,GR,GFD,Glyfada,Glyfada,A1,AA,1-3-----,1607,,3752N 02345E,
,GR,GSA,Gouménissa,Goumenissa,B,RL,--3-----,1701,,4056N 02226E,
,GR,GVA,Grevená,Grevena,,AA,--3-----,1307,,4005N 02126E,
,GR,GYT,Gythion,Gythion,,AA,1-------,1307,,3646N 02234E,
,GR,GAV,Gávrion,Gavrion,,AI,1-------,0212,,3753N 02444E,
,GR,GAZ,Gázoros,Gazoros,62,RL,-23-----,0501,,4101N 02346E,
,GR,GEF,Géfyra,Gefyra,,RL,--3-----,0212,,4044N 02242E,
,GR,GON,Gónnoi,Gonnoi,42,RL,--3-----,1601,,3952N 02228E,
,GR,HRI,Halandri,Halandri,A1,RQ,--3-----,0901,,,
,GR,HAL,Halki Dodekanison,Halki Dodekanison,81,AI,1-------,0407,,3613N 02736E,
,GR,HRK,Herakleia Kykladon,Herakleia Kykladon,,AA,1-------,1307,,3652N 02528E,
,GR,HER,Heraklion (Iraklion),Heraklion (Iraklion),91,AI,1--4----,1101,,3520N 02510E,
,GR,HYD,Hydra (Idhra),Hydra (Idhra),,AI,1-------,1307,,3721N 02328E,
,GR,HKL,Héraklion,Heraklion,91,RL,--3-----,1601,,3520N 02500E,
,GR,HYD,Idhra (Hydra),Idhra (Hydra),,AI,1-------,1307,,3721N 02328E,
,GR,IES,Ierissos,Ierissos,,RL,1-------,0901,,4023N 02353E,
,GR,IER,Ierápetra,Ierapetra,92,RL,1-3-----,0407,,3500N 02544E,
,GR,IGO,Igoumenítsa,Igoumenitsa,,AI,1-------,0212,,3930N 02016E,
,GR,JIK,Ikaría,Ikaria,84,AI,---4----,0212,,3735N 02610E,
,GR,IKN,Ikonian,Ikonian,,RQ,0-------,9307,,,
,GR,ILI,Ilion,Ilion,A1,RQ,--3-----,0407,,3756N 02344E,
,GR,ILO,Ilioúpolis,Ilioupolis,A1,RL,--3-----,0507,,3755N 02345E,
,GR,INF,Inofyta,Inofyta,,RQ,0-------,9307,,,
,GR,INO,Inousses,Inousses,,AI,1-------,1307,,3831N 02613E,
,GR,IOS,Ios,Ios,,AI,1-------,1307,,3643N 02516E,
,GR,IOA,Ioánnina,Ioannina,,AI,---4----,1307,,3940N 02051E,
,GR,IKL,Iraklion,Iraklion,15,RL,--3-----,1501,,3748N 02243E,
,GR,HER,Iraklion (Heraklion),Iraklion (Heraklion),91,AI,1--4----,1101,,3520N 02510E,
,GR,IRA,Iráklia,Iraklia,62,RL,--3-----,0501,,4110N 02316E,
,GR,NAI,Iráklion,Iraklion,91,AA,--34----,1307,,3520N 02243E,
,GR,ITM,Isthmía,Isthmia,,AI,1-------,0212,,3755N 02300E,
,GR,SAA,Istiaia,Istiaia,04,RQ,--3-----,0901,,,
,GR,ITA,Itea,Itea,,AI,1-------,1307,,3826N 02225E,
,GR,ITH,Ithaki (Ithaca),Ithaki (Ithaca),,AI,1-------,1307,,3822N 02043E,
,GR,KKV,Kakavia,Kakavia,33,AA,--3----B,0701,,3954N 02021E,
,GR,KAL,Kalabaka,Kalabaka,44,RQ,--3-----,1301,,3942N 02138E,
,GR,KLM,Kalamaki,Kalamaki,,AA,1-------,1307,,3755N 02301E,
,GR,GAI,Kalamaria,Kalamaria,54,RL,-----6--,0901,,4034N 02257E,
,GR,KAI,Kalamos Island (Lefkada),Kalamos Island (Lefkada),23,AA,1-------,1307,,3837N 02055E,
,GR,KLP,Kalampaka,Kalampaka,44,RL,--3-5---,1107,,,
,GR,KLX,Kalamáta,Kalamata,,AI,1--4----,0212,,3702N 02207E,
,GR,KLD,Kalathos Rodou,Kalathos Rodou,81,AA,1-------,1307,,3607N 02804E,
,GR,KLL,Kalilimenes,Kalilimenes,,AA,1-------,1307,,3456N 02448E,
,GR,KLA,Kallithéa/Athínai,Kallithea/Athinai,,AA,--3-----,1307,,3757N 02342E,
,GR,KLH,Kalochori,Kalochori,54,RL,--3-----,1401,,4038N 02251E,
,GR,KLY,Kalyvia Thorikou,Kalyvia Thorikou,I,RL,--3-----,1801,,3750N 02355E,
,GR,KCH,Kalíves Valtsaíikes,Kalives Valtsaiikes,,RL,--3-----,0201,,3801N 02243E,
,GR,KRE,Kamares Sifnos,Kamares Sifnos,82,RQ,1-------,1001,,3659N 02440E,
,GR,KT6,Kamaterón,Kamateron,I,RL,--3-----,1801,,3757N 02332E,
,GR,KSK,Kamiros Skala,Kamiros Skala,81,AA,1-------,1607,,3616N 02749E,
,GR,KAM,Kamínia,Kaminia,33,RL,--3-----,0701,,3946N 02052E,
,GR,APA,Kapandrition,Kapandrition,A1,AA,-----6--,1307,,3813N 02353E,
,GR,VOR,Kappariá,Kapparia,,RL,--3-----,0212,,3746N 02455E,
,GR,KAP,Kapsalion (Kythira),Kapsalion (Kythira),,AI,1-------,1307,,3609N 02300E,
,GR,KRM,Kardamaina Kos,Kardamaina Kos,81,AA,1-------,1307,,3647N 02709E,
,GR,KDM,Kardámyla,Kardamyla,85,AA,1-3-----,1307,,3832N 02606E,
,GR,KRD,Kardítsa,Karditsa,41,RL,--3-----,0307,,3921N 02155E,
,GR,KAG,Karkinagri Ikarias,Karkinagri Ikarias,84,AA,1-------,1307,,3731N 02601E,
,GR,KSS,Karpenísi,Karpenisi,,RL,--3-----,0212,,3855N 02147E,
,GR,KST,Karystos,Karystos,,AI,1-------,1307,,3801N 02425E,
,GR,KAY,Karyá,Karya,42,RL,--3-----,1601,,3959N 02223E,
,GR,KSP,Kassiopi Corfu,Kassiopi Corfu,22,RQ,1-------,1001,,3947N 01955E,
,GR,KSJ,Kassos,Kassos,,AI,1--4----,1307,,3525N 02655E,
,GR,KAD,Kassándra,Kassandra,64,RL,--3-----,1401,,4003N 02325E,
,GR,KIS,Kastelli Kissamou,Kastelli Kissamou,,AI,1-------,1307,,3531N 02338E,
,GR,KAS,Kastellorizou (ex Megísti),Kastellorizou (ex Megisti),81,AI,1-------,1307,,3609N 02936E,
,GR,KZS,Kastelorizo,Kastelorizo,,AI,---4----,0001,,,
,GR,KSO,Kastoriá,Kastoria,,AI,---4----,0212,,4031N 02116E,
,GR,KSI,Kastos Island,Kastos Island,23,AA,1-------,1307,,3834N 02055E,
,GR,KAK,Katakolon,Katakolon,,AI,1-3-----,1307,,3739N 02119E,
,GR,KEI,Kateríni,Katerini,,AA,1-3-----,1307,,4016N 02230E,
,GR,DOL,Kato Doliana,Kato Doliana,J,RL,--3-----,1707,,3725N 02240E,
,GR,KGT,Kato Gefya,Kato Gefya,54,RL,--3-----,1601,,4043N 02241E,
,GR,KAA,Kattavía,Kattavia,81,RL,--3-----,1607,,3557N 02746E,
,GR,KTP,Katápola,Katapola,82,RL,1-3-----,1001,,3650N 02552E,
,GR,VEO,Kató Vérmion,Kato Vermion,,RL,--3-----,0601,,4033N 02202E,
,GR,3KR,Kavallárion,Kavallarion,B,RL,--3-----,1707,,4043N 02303E,
,GR,KVA,Kavála,Kavala,55,AI,1-34----,0401,,4056N 02424E,
,GR,KFL,Kefallinia,Kefallinia,,RQ,--3-----,9501,EFL,,
,GR,K33,Kefalonia,Kefalonia,33,RL,--3-----,1601,,3815N 02030E,
,GR,KEF,Kefalos Ko,Kefalos Ko,,AA,1-------,1307,,3644N 02658E,
,GR,KFO,Kefalóvrison,Kefalovrison,33,RL,--3-----,0401,,3940N 02037E,
,GR,KER,Keramoti,Keramoti,,AI,1-------,1307,,4052N 02442E,
,GR,KRS,Keratsini,Keratsini,A1,RL,--3-----,1607,,3758N 02337E,
,GR,KTS,Keratsínion,Keratsinion,,RL,1-3-----,1001,,3758N 02336E,
,GR,KRA,Keratéa,Keratea,A1,RL,--3-----,0207,,3748N 02358E,
,GR,KHR,Khrisoúpolis,Khrisoupolis,55,RL,--3-----,0501,,4059N 02441E,
,GR,CSF,Khóra Sfakíon,Khora Sfakion,,AI,1-------,1307,,3512N 02408E,
,GR,KIO,Kiato,Kiato,,AA,1-3-----,1307,,3800N 02245E,
,GR,KFS,Kifisiá,Kifisia,,RL,--3-----,0212,,3804N 02349E,
,GR,KKZ,Kilkís,Kilkis,,RL,--3-----,0212,,4100N 02252E,
,GR,KIL,Killíni,Killini,,AA,-23-----,1307,,3756N 02108E,
,GR,KIM,Kimi (Kými),Kimi (Kymi),,AI,1-3-----,1301,,3838N 02406E,
,GR,KYM,Kimási,Kimasi,,AI,1-------,0212,,3848N 02331E,
,GR,KIP,Kiparissia,Kiparissia,17,RQ,1-------,0901,,3715N 02140E,
,GR,KLI,Klima,Klima,43,AA,1-------,1307,,3908N 02339E,
,GR,KIN,Koilas Ermionidos,Koilas Ermionidos,11,AA,1-------,1307,,3725N 02308E,
,GR,KOC,Kolchiko,Kolchiko,54,RL,--3-----,1501,,4045N 02308E,
,GR,KDO,Kolindrós,Kolindros,,RL,--3-----,0212,,4029N 02229E,
,GR,KOL,Kolokinthoú,Kolokinthou,,RL,--3-----,0601,,3800N 02342E,
,GR,KOM,Komotiní,Komotini,,RL,--3-----,0212,ZKT,4107N 02524E,
,GR,KNS,Kontias Limnou,Kontias Limnou,83,RQ,1-------,1001,,3950N 02509E,
,GR,KPS,Kopanós,Kopanos,53,RL,1-3-----,1401,,4038N 02207E,
,GR,KRK,Korakochori,Korakochori,14,RL,--3-----,1601,,3740N 02119E,
,GR,KMT,Kormísta,Kormista,62,RL,-----6--,1201,,4059N 02403W,
,GR,KPO,Koropi,Koropi,,RQ,--3-----,9501,,,
,GR,KOR,Koropion,Koropion,,RQ,0-------,9307,,,
,GR,KYD,Korydallós,Korydallos,44,RL,--3-----,0701,,3949N 02120E,
,GR,KGS,Kos,Kos,,AI,1--4----,1307,,3652N 02715E,
,GR,KEM,Kosta Ermionidas,Kosta Ermionidas,,AA,1-------,1307,,3718N 02310E,
,GR,KOF,Koufonissia Kykladon,Koufonissia Kykladon,,AA,1-------,1307,,3656N 02536E,
,GR,KOU,Koufália,Koufalia,54,RL,--3-----,1601,,4046N 02234E,
,GR,GAM,Kounavoi,Kounavoi,91,RL,-----6--,0901,,3514N 02511E,
,GR,KZI,Kozáni,Kozani,,AI,---4----,1307,,4018N 02147E,
,GR,KGR,Kremasti,Kremasti,81,RL,--3-----,1601,,3624N 02807E,
,GR,KRI,Krioneri,Krioneri,,RQ,--3-----,9501,,,
,GR,KRY,Kryonéri,Kryoneri,,RL,-----6--,1201,,3821N 02136E,
,GR,KYL,Kyllíni,Kyllini,,AI,1-------,0212,,3756N 02109E,
,GR,KYP,Kyparissia,Kyparissia,,RQ,0-------,9307,,,
,GR,KIT,Kythira,Kythira,,AI,---4----,1307,,3609N 02259E,
,GR,KYT,Kythnos,Kythnos,,AI,1-------,1307,,3723N 02424E,
,GR,KMI,Kálymnos,Kalymnos,81,AI,1-------,0212,,3657N 02659E,
,GR,AOK,Kárpathos,Karpathos,,AI,1--4----,1001,,3530N 02714E,
,GR,KAH,Káto Achaïa,Kato Achaia,,RL,123-----,0901,,3809N 02133E,
,GR,KAC,Káto Akhaía,Kato Akhaia,,RL,-23-----,0607,,3808N 02133E,
,GR,NEY,Káto Nevrokópion,Kato Nevrokopion,,RL,--3-----,0601,,4121N 02352E,
,GR,KEA,Kéa (Tzia),Kea (Tzia),,AI,1-------,1307,,3739N 02419E,
,GR,CFU,Kérkira (Corfu),Kerkira (Corfu),22,AI,1--4----,0501,,3937N 01955E,
,GR,KMS,Kímolos,Kimolos,,AI,1-------,1307,,3647N 02435E,
,GR,KOA,Kónitsa,Konitsa,,RL,--3-----,0601,,4003N 02046E,
,GR,KRT,Kórinthos,Korinthos,15,RL,1-3-----,1207,,3756N 02255E,
,GR,KIM,Kými (Kimi),Kymi (Kimi),,AI,1-3-----,1301,,3838N 02406E,
,GR,LGA,Laganás,Laganas,14,RL,--3-----,1601,,3750N 02134E,
,GR,LGK,Lagkadás,Lagkadas,54,AA,-----6--,1307,,4037N 02314E,
,GR,LAG,Lagyna,Lagyna,B,RL,--3-----,1707,,4043N 02300E,
,GR,PKK,Lakkion,Lakkion,,RL,1-------,0901,,3708N 02651E,
,GR,LAK,Lakkiá,Lakkia,,RL,--3-----,0601,,4031N 02307E,
,GR,LAM,Lamía,Lamia,,RL,--3-----,0212,,3854N 02226E,
,GR,LAN,Langadhás,Langadhas,,RL,--3-----,0212,,4045N 02304E,
,GR,LAR,Lardos Rhodes,Lardos Rhodes,81,AA,1-------,1607,,3604N 02802E,
,GR,LRY,Larymna,Larymna,,AI,1-------,1307,,3834N 02317E,
,GR,LAV,Laurium (Lavrion),Laurium (Lavrion),,AI,1-------,1307,,3743N 02404E,
,GR,LAV,Lavrion (Laurium),Lavrion (Laurium),,AI,1-------,1307,,3743N 02404E,
,GR,LNA,Lechainá,Lechaina,14,RL,--3-----,1301,,3756N 02116E,
,GR,LEF,Lefkandi,Lefkandi,,RQ,1-------,1307,,3825N 02341E,
,GR,LEV,Lefkáda (Lefkás),Lefkada (Lefkas),,AI,1-------,0212,,3850N 02042E,
,GR,LEV,Lefkás (Lefkáda),Lefkas (Lefkada),,AI,1-------,0212,,3850N 02042E,
,GR,LKI,Lefkí,Lefki,34,RL,--3-----,1301,,3920N 02055E,
,GR,LFK,Lefkímmi,Lefkimmi,22,AI,1-------,1307,,3925N 02006E,
,GR,LXS,Lemnos,Lemnos,,AI,---4----,9601,,,
,GR,KAN,Leondárion,Leondarion,,RL,--3-----,0212,,3759N 02352E,
,GR,LND,Leonídion,Leonidion,,AI,1-------,1307,,3709N 02254E,
,GR,LPK,Leptokariá,Leptokaria,71,RL,--3-----,1301,,4104N 02554E,
,GR,LRS,Leros,Leros,,AI,1--4----,1307,,3711N 02648E,
,GR,L83,Lesbos,Lesbos,83,RL,--3-----,1601,,3910N 02619E,
,GR,GAG,Levadhia,Levadhia,03,RL,-----6--,0901,,3826N 02252E,
,GR,LEA,Levádeia,Levadeia,,RL,--3-----,0212,,3826N 02253E,
,GR,LKV,Likóvrisi,Likovrisi,,RL,--3-----,0601,,3804N 02347E,
,GR,LII,Limni,Limni,,AA,1-------,1307,,3846N 02319E,
,GR,GAN,Limnotopos,Limnotopos,57,RL,-----6--,0901,,4057N 02237E,
,GR,LIA,Linaria,Linaria,04,AA,1-------,1307,,3851N 02432E,
,GR,LDR,Lindos Rodou,Lindos Rodou,81,AA,1-------,1307,,3606N 02805E,
,GR,LIN,Linoperamata Hrakliou,Linoperamata Hrakliou,,AA,1-------,1307,,3521N 02503E,
,GR,LIP,Lipsoí,Lipsoi,81,AI,1-------,0407,,3717N 02646E,
,GR,6TL,Lití,Liti,54,RL,--3-----,1601,,4044N 02258E,
,GR,LIT,Litókhoron,Litokhoron,,RL,--3-----,0601,,4006N 02230E,
,GR,LIV,Livanatai,Livanatai,,RQ,--3-----,0607,,3842N 02302E,
,GR,ADI,Livádia,Livadia,31,RL,--3-----,1301,,3925N 02106E,
,GR,LIX,Lixuri,Lixuri,,AI,1-------,1307,,3812N 02026E,
,GR,LOD,Loudias,Loudias,54,RL,--3-----,1501,,4047N 02224E,
,GR,LOU,Loutraki,Loutraki,,RQ,--3-----,9501,,,
,GR,LTR,Loutro Chanion,Loutro Chanion,,RQ,1-------,0901,,3512N 02405E,
,GR,PTL,Lágos (Pórto-Lágo),Lagos (Porto-Lago),72,AI,1-------,1101,,4101N 02507E,
,GR,KKM,Lákkoma,Lakkoma,71,AA,--3-----,1307,,4026N 02532E,
,GR,LKK,Lákkoma (Khalkidhiki),Lakkoma (Khalkidhiki),,RL,--3-----,0901,,4023N 02303E,
,GR,LRA,Lárisa,Larisa,,AI,---4----,1307,,3938N 02225E,
,GR,MGO,Magiko,Magiko,,RL,--3-----,0601,,4104N 02453E,
,GR,M8L,Magoúla,Magoula,42,RL,1-------,1401,,3949N 02205E,
,GR,MGL,Magoúla,Magoula,A1,RL,1-3-----,0907,,3805N 02331E,
,GR,MGU,Magoúla,Magoula,41,RL,--3-----,1301,,3927N 02148E,
,GR,MKR,Makriyialos,Makriyialos,92,RL,-23-----,1601,,3502N 02558E,
,GR,MLK,Malakása,Malakasa,,RL,-23-----,0601,,3814N 02348E,
,GR,MAL,Malaoi,Malaoi,,AA,0-------,1307,,,
,GR,MSA,Malessina,Malessina,,AA,1-------,1307,,3839N 02314E,
,GR,GAO,Malia,Malia,91,RL,-----6--,0901,,3517N 02528E,
,GR,GAP,Mandra Attikis,Mandra Attikis,A1,RL,-----6--,0901,,3804N 02330E,
,GR,MAN,Manolás,Manolas,,RL,--3-----,0212,,3803N 02121E,
,GR,MTI,Mantoúdion,Mantoudion,,RL,--3-----,0601,,3848N 02329E,
,GR,MKP,Marathokampos Samou,Marathokampos Samou,84,AA,1-------,1607,,3742N 02642E,
,GR,MHO,Marathonas,Marathonas,A1,RQ,--3-----,0901,,,
,GR,MRT,Marathítis,Marathitis,91,RL,--3-----,0901,,3517N 02508E,
,GR,GAQ,Markopoulo,Markopoulo,A1,RL,-----6--,0901,,3753N 02356E,
,GR,MAR,Markopoulon,Markopoulon,,RQ,--3-----,9501,,,
,GR,MRM,Marmari,Marmari,,AI,1-------,1307,,3803N 02419E,
,GR,MRN,Marmárion,Marmarion,,AA,--3-----,1307,,3803N 02419E,
,GR,MXK,Mastichari Kos,Mastichari Kos,81,RQ,1-------,1001,,3651N 02704E,
,GR,MTR,Mathraki Diapontioi Island,Mathraki Diapontioi Island,,AA,1-------,1307,,3947N 01931E,
,GR,MVR,Mavr,Mavr,33,RQ,--3-----,1707,,3957N 02036E,
,GR,MAV,Mavrothálassa,Mavrothalassa,62,RL,--3-----,0501,,4054N 02345E,
,GR,MVI,Mavrovouni,Mavrovouni,B,RL,--3-----,1901,,4046N 02209E,
,GR,MGA,Megalópolis,Megalopolis,12,RL,--3-----,1301,,3724N 02208E,
,GR,MGN,Meganísi,Meganisi,24,AI,1-------,1307,,3840N 02045E,
,GR,MEG,Megálon Livádion,Megalon Livadion,82,RL,1-------,0507,,3709N 02425E,
,GR,MKN,Melissokhorion,Melissokhorion,54,RQ,--3-----,0901,,4046N 02255E,
,GR,MLA,Melía,Melia,42,RL,-23-----,0401,,3934N 02236E,
,GR,MEN,Menidi,Menidi,,AA,1-------,1307,,3902N 02107E,
,GR,MEL,Mesolóngion,Mesolongion,,AI,1-------,0212,,3822N 02126E,
,GR,MNI,Messíni,Messini,17,RL,--3-----,0401,,3703N 02200E,
,GR,MHI,Mesta Hiou,Mesta Hiou,,AI,1-------,1307,,3817N 02556E,
,GR,MMS,Metamorfosis,Metamorfosis,,RQ,0-------,9307,,,
,GR,MEA,Methana,Methana,A1,AA,1-------,1607,,3735N 02333E,
,GR,MET,Methoni,Methoni,,AI,1-------,1307,,3649N 02143E,
,GR,MLO,Milos (Adamas),Milos (Adamas),61,AI,---4----,1501,,3645N 02426E,
,GR,MIS,Missimi,Missimi,,AA,0-------,1307,,,
,GR,MOA,Molai,Molai,J,RL,--3-----,1707,,3648N 02251E,
,GR,MOL,Molyvos,Molyvos,83,RL,1-3-----,1101,,3922N 02609E,
,GR,MON,Monemvasía,Monemvasia,16,AI,1-------,0212,,3641N 02303E,
,GR,MVO,Moní Vatopedíou,Moni Vatopediou,69,RL,1-------,1501,,4018N 02412E,
,GR,GAR,Moschato/Athínai,Moschato/Athinai,,RL,-----6--,0907,,3757N 02340E,
,GR,MOS,Moscháton,Moschaton,41,RL,--3--6--,0907,,3919N 02148E,
,GR,MKT,Moskhaton,Moskhaton,A1,RL,-----6--,1107,,3757N 02340E,
,GR,MRA,Mouriaí,Mouriai,,RL,--3-----,0601,,4115N 02248E,
,GR,MOU,Moutsoúna,Moutsouna,,AA,1-------,1307,,3705N 02535E,
,GR,MDR,Moúdhros,Moudhros,,AI,1-------,0212,,3952N 02516E,
,GR,JMK,Mykonos,Mykonos,82,AI,1--4----,0212,,3727N 02520E,
,GR,MYL,Mylaki,Mylaki,,AA,1-------,1307,,3823N 02404E,
,GR,MRS,Myrties Kalymnou,Myrties Kalymnou,L,RL,1-------,1701,,3659N 02655E,
,GR,MYB,Myrtos Beach,Myrtos Beach,23,RQ,1-------,0901,,3821N 02032E,
,GR,MJT,Mytilene,Mytilene,,AI,1--4----,1307,,3906N 02633E,
,GR,MAD,Mándra,Mandra,A1,RL,--3-----,0407,,3804N 02329E,
,GR,MNG,Mángana,Mangana,72,RL,--3-----,0901,,4057N 02452E,
,GR,MGR,Mégara,Megara,A1,AA,0-------,1501,,3759N 02321E,
,GR,MSV,Métsovon,Metsovon,33,RL,--3-----,0212,,3946N 02110E,
,GR,MYR,Mírina,Mirina,,AI,1-------,0212,,3952N 02504E,
,GR,NAS,Naoussa Parou,Naoussa Parou,,RQ,1-------,0901,,3707N 02514E,
,GR,NAV,Navarino,Navarino,,RQ,0-------,9012,,,
,GR,NEV,Nea Epidhavros,Nea Epidhavros,11,RL,--3-----,0901,,3740N 02308E,
,GR,NER,Nea Erythrea,Nea Erythrea,,RQ,--3-----,0607,,3806N 02349E,
,GR,NOA,Nea Ionia,Nea Ionia,A1,RL,--3-----,1407,,3802N 02345E,
,GR,ANM,Nea Makri,Nea Makri,A1,RL,--3-----,1707,,3805N 02359E,
,GR,NMK,Nea Mikhaniona,Nea Mikhaniona,54,RQ,--3-----,0901,,4028N 02252E,
,GR,NPE,Nea Peramos,Nea Peramos,A1,RL,--3-----,1301,,3800N 02325E,
,GR,ANS,Nea Smyrni,Nea Smyrni,A1,RL,--3-----,1501,,3757N 02343E,
,GR,NEA,Neapolis,Neapolis,,AI,1-------,1307,,3630N 02304E,
,GR,NME,Neméa,Nemea,,RL,--3-----,0212,,3749N 02240E,
,GR,NEO,Neochoroúda,Neochorouda,E,RL,--3-----,1801,,4044N 02252E,
,GR,NKL,Neohorion Kyllinis,Neohorion Kyllinis,,RQ,0-------,9307,,,
,GR,NCO,Neokhoroúdha,Neokhoroudha,,RL,-23-----,0601,,4044N 02253E,
,GR,2NR,Neon Rysion,Neon Rysion,54,RL,--3-----,1601,,4029N 02259E,
,GR,NID,Nidhríon,Nidhrion,,AI,1-------,0212,,3842N 02043E,
,GR,NGA,Nigríta,Nigrita,,RL,--3-----,0601,,4055N 02329E,
,GR,NIK,Nikaia,Nikaia,,RQ,--3-----,0101,,,
,GR,NIS,Nisiros,Nisiros,,AI,1-------,1307,,3637N 02708E,
,GR,NIA,Niáta,Niata,16,RL,--3-----,1301,,3654N 02251E,
,GR,NAF,Náfplion,Nafplion,11,AI,123-----,0307,,3734N 02248E,
,GR,NSA,Náousa,Naousa,53,RL,--3-----,1607,,4037N 02204E,
,GR,NPK,Návpaktos,Navpaktos,,RL,1-------,0212,,3824N 02150E,
,GR,JNX,Náxos,Naxos,,AI,1--4----,0212,,3706N 02523E,
,GR,NAL,Néa Alikarnassós,Nea Alikarnassos,91,AA,--34----,1307,,3520N 02509E,
,GR,NAR,Néa Artáki,Nea Artaki,,RL,1-3-----,0601,,3831N 02338E,
,GR,NKA,Néa Kallikrátia,Nea Kallikratia,64,RL,1-3-----,0407,,4019N 02304E,
,GR,NKV,Néa Karváli,Nea Karvali,,RL,1-------,0212,,4058N 02431E,
,GR,NKK,Néa Khalkidhón,Nea Khalkidhon,,RL,--3-----,0601,,3802N 02344E,
,GR,NKS,Néa Kíos,Nea Kios,,RL,--3-----,0201,,3735N 02244E,
,GR,LSA,Néa Liósia,Nea Liosia,A1,RL,-23-----,0401,,3802N 02342E,
,GR,NMA,Néa Moudhaniá,Nea Moudhania,,AI,1-------,1307,,4014N 02317E,
,GR,NMG,Néa Málgara,Nea Malgara,54,RL,--3-----,0901,,4037N 02241E,
,GR,NPY,Néa Pláyia,Nea Playia,,RL,1-------,0212,,4016N 02312E,
,GR,NPA,Néa Pélla,Nea Pella,,RL,--3-----,0212,,4046N 02229E,
,GR,NRS,Néa Raidhestós,Nea Raidhestos,54,RL,--3-----,0901,,4032N 02303E,
,GR,NST,Néa Stíra,Nea Stira,,AI,1-------,0212,,3811N 02412E,
,GR,GBB,Néa Sánda,Nea Sanda,73,RL,--3--6--,0901,,4106N 02546E,
,GR,NSN,Néa Sánta,Nea Santa,,RL,--3-----,0607,,4051N 02255E,
,GR,KAR,Néon Karlovásion,Neon Karlovasion,,AI,1-------,1307,ZKR,3748N 02641E,
,GR,OIK,Oia Kyklades,Oia Kyklades,82,AA,1-------,1307,,3628N 02523E,
,GR,OIO,Oinoi,Oinoi,A1,RQ,--3-----,1001,,3810N 02325E,
,GR,OIN,Oinófita,Oinofita,03,RL,-23-----,0701,,3819N 02338E,
,GR,OLY,Olympiada,Olympiada,C,RQ,--3-----,1901,,4034N 02135E,
,GR,ORA,Oraiókastron,Oraiokastron,54,RL,--3-----,0501,,4043N 02255E,
,GR,ORC,Orchomenós,Orchomenos,,RL,--3-----,0212,,3830N 02259E,
,GR,ORE,Orei,Orei,,AI,1-------,1307,,3857N 02305E,
,GR,OEO,Oreokastro,Oreokastro,54,RL,-----6--,1107,,4043N 02254E,
,GR,ORS,Orestiás,Orestias,71,RL,--3-----,0501,,4130N 02631E,
,GR,ORM,Ormília,Ormilia,,RL,--3-----,0501,,4018N 02333E,
,GR,ORO,Oropos,Oropos,,AI,1-------,1307,,3819N 02347E,
,GR,OTH,Othonoí,Othonoi,22,AA,1-3-----,1307,,3951N 01924E,
,GR,OUR,Ouranópolis,Ouranopolis,64,AI,1-------,0407,,4019N 02359E,
,GR,PME,Pachi,Pachi,,RL,1-------,1107,,3758N 02321E,
,GR,PAI,Paianía,Paiania,,RL,--3-----,0212,,3757N 02351E,
,GR,PAK,Palaiokastritsa,Palaiokastritsa,F,RL,--3-----,1801,,3941N 01943E,
,GR,PMO,Palaiomonástiro,Palaiomonastiro,44,RL,--3-----,1501,,3927N 02139E,
,GR,PEP,Palaiá Epídavros,Palaia Epidavros,,AI,1-------,0212,,3738N 02309E,
,GR,PFA,Palaiá Fókaia,Palaia Fokaia,,RL,1-3-----,0601,,3743N 02357E,
,GR,PKT,Palaiókastro,Palaiokastro,64,RL,--3-----,1501,,4026N 02326E,
,GR,PAL,Palaión Fáliron,Palaion Faliron,,RL,--3-----,0212,,3756N 02342E,
,GR,PML,Palamas,Palamas,41,RL,--3-----,1307,,3928N 02205E,
,GR,PCH,Paleochora,Paleochora,94,RQ,1-------,0901,,3513N 02340E,
,GR,PSF,Paleohora Sfakion,Paleohora Sfakion,,AI,1-------,1307,,3512N 02408E,
,GR,PPG,Pallíni,Pallini,,RL,--3-----,0212,,3800N 02353E,
,GR,PAO,Paloúkia,Paloukia,A1,AI,1-3-----,1307,,3758N 02332E,
,GR,PAT,Panetolion,Panetolion,,RQ,0-------,9307,,,
,GR,PNA,Panórama,Panorama,,RL,--3-----,0601,,4035N 02302E,
,GR,PPK,Papadianika/Asopos,Papadianika/Asopos,16,RQ,--3-----,0901,,,
,GR,PAM,Paramythía,Paramythia,32,AA,--3-----,1307,,3928N 02031E,
,GR,GPA,Patras,Patras,,AI,1--4----,1307,,3814N 02143E,
,GR,PAX,Paxi,Paxi,,AI,1-------,1307,,3912N 02011E,
,GR,PLS,Pelasgia,Pelasgia,H,RL,--3-----,1707,,3857N 02250E,
,GR,PEL,Pelasyía,Pelasyia,06,RL,1-3-----,1401,,3857N 02250E,
,GR,PLL,Pella,Pella,59,RL,--3-----,0901,,4046N 02231E,
,GR,PTF,Pendálofos,Pendalofos,,AA,-23-----,1307,,4044N 02251E,
,GR,TTL,Pentalofos,Pentalofos,54,RL,--3-----,1501,,4044N 02251E,
,GR,PTO,Pentálofos,Pentalofos,54,RL,--3-----,1501,,4045N 02251E,
,GR,PER,Perama,Perama,,AI,1-------,1307,,3758N 02333E,
,GR,PGM,Perama Geras Mytilinis,Perama Geras Mytilinis,83,RQ,1-------,1001,,3902N 02630E,
,GR,PRR,Perea,Perea,54,AA,1-3-----,1307,,4030N 02254E,
,GR,P6K,Perigiali,Perigiali,15,RL,--3-----,1407,,3756N 02250E,
,GR,PST,Peristera,Peristera,,RQ,--3-----,0607,,3817N 02165E,
,GR,PRI,Peristeri,Peristeri,,RQ,--3-----,9307,,,
,GR,PSK,Pessada Kefallinnias,Pessada Kefallinnias,,RQ,1-------,0901,,3806N 02035E,
,GR,PEB,Petani Beach,Petani Beach,23,RQ,1-------,0901,,3816N 02022E,
,GR,PLV,Petra,Petra,83,AI,1-------,1307,,3920N 02611E,
,GR,PRE,Petries Evvoias,Petries Evvoias,04,RQ,1-------,1001,,3824N 02411E,
,GR,PTC,Petrití,Petriti,22,RL,--3-----,1501,,3927N 02000E,
,GR,PYV,Peyki Evvoias,Peyki Evvoias,04,RQ,1-------,1001,,3900N 02313E,
,GR,PSE,Phserimos Dodekanisou,Phserimos Dodekanisou,81,AA,1-------,1307,,3656N 02708E,
,GR,PIK,Pikérmion,Pikermion,A1,RL,--3--6--,0907,,3800N 02357E,
,GR,IKE,Pikérnis,Pikernis,12,RL,--3-----,1301,,3739N 02225E,
,GR,PLA,Pilea (Pylaía),Pilea (Pylaia),,RL,--3-----,0407,,4036N 02259E,
,GR,PIR,Piraeus,Piraeus,I,AI,1-------,1701,,3756N 02337E,
,GR,PIS,Pissaetos Ithakis,Pissaetos Ithakis,,RQ,1-------,0901,,3821N 02041E,
,GR,ISS,Pissónas,Pissonas,H,RL,--3-----,1801,,3832N 02343E,
,GR,PIT,Pitra,Pitra,16,AA,1-------,1307,,3641N 02250E,
,GR,PGN,Plagiárion,Plagiarion,54,RL,--3-----,0901,,4028N 02257E,
,GR,PIA,Platania,Platania,43,RQ,1-------,0901,,3908N 02316E,
,GR,PTI,Plataria,Plataria,32,RQ,1-------,0901,,3927N 02017E,
,GR,PLT,Plati,Plati,,RL,0-------,0201,,,
,GR,P5T,Platy,Platy,53,RL,1-3-----,1401,,4038N 02232E,
,GR,PLG,Platygiali Etoloakarnanias,Platygiali Etoloakarnanias,,RQ,1-------,0901,,3828N 02106E,
,GR,PVA,Plevroma,Plevroma,59,RL,--3-----,1301,,4042N 02207E,
,GR,PLM,Plomárion,Plomarion,83,RL,1-3-----,0907,,3859N 02622E,
,GR,PTN,Plátanos,Platanos,,RL,--3-----,0201,,4033N 02233E,
,GR,PTK,Politiká,Politika,,AI,1-------,1307,,3835N 02333E,
,GR,PLC,Polychnitos Lesvou,Polychnitos Lesvou,,RQ,1-------,0901,,3406N 02610E,
,GR,PLD,Polydendri,Polydendri,I,RL,--3-----,1707,,3812N 02352E,
,GR,POL,Polygyros,Polygyros,64,RL,--3-----,0212,,4023N 02327E,
,GR,PLK,Polykastron,Polykastron,57,RL,--3-----,1407,,4059N 02233E,
,GR,PON,Políchni,Polichni,54,RL,--3-----,1307,,4039N 02256E,
,GR,PKE,Poros Kefallinias,Poros Kefallinias,,AI,1-------,9812,,,
,GR,PTR,Poros Trizinias,Poros Trizinias,,AI,1-------,9812,,,
,GR,VTH,Port Vathý (Vathý),Port Vathy (Vathy),84,AI,1-------,1301,,3745N 02659E,
,GR,PHE,Porto Heli,Porto Heli,,AI,1-------,9812,,,
,GR,PKH,Portochélion,Portochelion,,AI,---4----,0212,,3719N 02309E,
,GR,POA,Potamos Antikithera,Potamos Antikithera,A1,RQ,1-------,1001,,3553N 02317E,
,GR,PVK,Preveza/Lefkas,Preveza/Lefkas,,AI,1--4----,9601,,,
,GR,PPI,Prinos Thassou,Prinos Thassou,,RQ,1-------,0901,,4045N 02434E,
,GR,DSD,Prosotsáni,Prosotsani,52,RL,1-3-----,1401,,4111N 02358E,
,GR,PRT,Protória,Protoria,91,RL,--3-----,0401,,3502N 02509E,
,GR,PRO,Próti,Proti,62,RL,1----6--,1201,,4057N 02400E,
,GR,PSC,Psachna,Psachna,04,RL,--3-----,1601,,3835N 02339E,
,GR,PSA,Psakhná,Psakhna,,RL,1-------,0212,,3835N 02338E,
,GR,PAA,Psará,Psara,85,AI,1-------,1307,,3832N 02534E,
,GR,PS2,Psychiko,Psychiko,A1,RL,--3-----,1601,,3801N 02346E,
,GR,PTE,Pteleos,Pteleos,43,RQ,1-------,0901,,3902N 02259E,
,GR,PLI,Pyli,Pyli,,RL,1-------,0212,,4046N 02102E,
,GR,PYR,Pyrgos,Pyrgos,,AI,1--4----,9601,,,
,GR,PYT,Pythagóreion,Pythagoreion,84,AI,1-------,0212,,3742N 02657E,
,GR,PAR,Párga,Parga,,RL,1-------,0212,,3917N 02024E,
,GR,PAS,Páros,Paros,,AI,1--4----,0212,,3705N 02509E,
,GR,PMS,Pátmos,Patmos,,AI,1-------,1307,,3719N 02633E,
,GR,PEF,Péfki,Pefki,44,RL,--3-----,1601,,3947N 02122E,
,GR,PET,Pétra Lesvou,Petra Lesvou,83,AA,-23-----,1501,,3822N 02304E,
,GR,PRA,Pórto Ráfti (Limín Mesoyaías),Porto Rafti (Limin Mesoyaias),A1,RL,--3-----,1101,,3753N 02401E,
,GR,PYL,Pýlos,Pylos,17,RL,1-3-----,0307,,3654N 02141E,
,GR,RAF,Rafina,Rafina,,AI,1-------,9601,,,
,GR,REN,Rentis,Rentis,,RQ,0-------,9307,,,
,GR,REV,Revithoussa,Revithoussa,,RQ,1-------,0212,,3757N 02323E,
,GR,RHO,Rhodes,Rhodes,,AI,1--45---,9601,,,
,GR,RIO,Rio,Rio,,AI,1-------,9812,,,
,GR,GAX,Riolos,Riolos,,RL,-----6--,0901,,3803N 02127E,
,GR,RTS,Ritsóna,Ritsona,,RL,--3-----,0201,,3825N 02330E,
,GR,RET,Réthymnon,Rethymnon,,AI,1-------,0212,ZRE,3522N 02428E,
,GR,RIZ,Rízes,Rizes,A1,RL,1----6--,1501,,3614N 02257E,
,GR,RZM,Rízoma,Rizoma,E,RL,--3-----,1701,,3939N 02144E,
,GR,SGT,Sagiada Thesprotias,Sagiada Thesprotias,32,RQ,1-------,1001,,3938N 02011E,
,GR,SGB,Saint George,Saint George,,RQ,1-------,1101,,,
,GR,STN,Saint Nicolas,Saint Nicolas,03,RQ,1-------,1101,,3821N 02241E,
,GR,SAL,Salamís,Salamis,,RL,1-------,0212,,3758N 02329E,
,GR,SNK,Salonika,Salonika,54,RQ,1-------,0901,,,
,GR,SMI,Samos,Samos,,AI,1--4----,9601,,,
,GR,SAM,Samothráki,Samothraki,,AI,1-------,0212,,4029N 02531E,
,GR,SPS,Sapes,Sapes,73,RL,--3-----,1601,,4102N 02542E,
,GR,SVL,Savália,Savalia,,RL,--3-----,0212,,3749N 02117E,
,GR,SCH,Schimatari,Schimatari,03,RL,--3-----,1601,,3821N 02335E,
,GR,SMT,Schimatarion,Schimatarion,,RL,-23-----,0601,,3820N 02336E,
,GR,SHC,Schinousa Kykladon,Schinousa Kykladon,,RQ,1-------,0901,,3652N 02530E,
,GR,SRI,Serrai,Serrai,,RQ,--3-----,9501,,,
,GR,SRS,Serres,Serres,62,RL,0-------,1501,,4105N 02333E,
,GR,SHI,Shinari Zakynthou,Shinari Zakynthou,,RQ,1-------,0901,,3754N 02042E,
,GR,SID,Sidirokastro,Sidirokastro,,RQ,0-------,9307,,,
,GR,SGR,Sigri Lesvou,Sigri Lesvou,,RQ,1-------,0901,,3913N 02550E,
,GR,SGI,Sigrion,Sigrion,,RL,1-------,0901,,3913N 02551E,
,GR,SII,Sikinos,Sikinos,82,AI,1-------,0407,,3642N 02507E,
,GR,SIK,Sikionia,Sikionia,,QQ,1-------,8103,,,
,GR,SDS,Sindhos,Sindhos,,RL,--3-----,0106,,4040N 00228E,
,GR,JSH,Siteía,Siteia,,AI,1--4----,0212,,3512N 02607E,
,GR,T9H,Sithonia,Sithonia,64,RL,--3-----,1607,,4013N 02341E,
,GR,V8S,Sivota,Sivota,D,RL,--3-----,1701,,3837N 02041E,
,GR,SKD,Skafidia,Skafidia,,RL,1----6--,1201,,3742N 02120E,
,GR,SKA,Skaramangás,Skaramangas,,RL,1-------,0212,,3800N 02335E,
,GR,SKH,Skhimatárion,Skhimatarion,03,RL,--3-----,0207,,3821N 02335E,
,GR,SKO,Skopelos,Skopelos,,AI,1-------,9601,,,
,GR,SKY,Skydra,Skydra,,RQ,0-------,9307,,,
,GR,SKL,Skála Lakonias,Skala Lakonias,16,RL,--3-----,0212,,3651N 02240E,
,GR,SKM,Skáloma,Skaloma,32,RL,1-------,0901,,3937N 02011E,
,GR,JSI,Skíathos,Skiathos,,AI,1--4----,0212,,3910N 02329E,
,GR,SKU,Skíros,Skiros,,AI,1--4----,0212,,3854N 02434E,
,GR,SFD,Sofades,Sofades,41,RL,--3-----,1401,,3920N 02206E,
,GR,QW3,Sofiko,Sofiko,15,RL,--3-----,1501,,3748N 02303E,
,GR,GAF,Souda Bay,Souda Bay,,RL,-----6--,0901,,3529N 02408E,
,GR,SFN,Souflíon,Souflion,,RL,123-----,0601,,4112N 02619E,
,GR,SOG,Sougia Chanion,Sougia Chanion,,RQ,1-------,0901,,3512N 02348E,
,GR,SOR,Soupri,Soupri,,RL,1-3-5---,1107,,,
,GR,SOU,Soussaki,Soussaki,,AA,1-------,1607,,3755N 02303E,
,GR,SLA,Souvala,Souvala,A1,RQ,1-------,0901,,3746N 02329E,
,GR,SDH,Soúda,Souda,94,AA,1-3-----,1607,,3531N 02408E,
,GR,TSS,Soúrpi,Sourpi,E,RL,--3-----,1801,,3906N 02254E,
,GR,SPA,Spárti,Sparti,,RL,--3-----,0212,,3705N 02226E,
,GR,SPT,Spáta,Spata,,RL,--3-----,0201,,3757N 02354E,
,GR,SPE,Spétsai,Spetsai,,AI,1-------,0212,,3716N 02309E,
,GR,STM,Stamáta,Stamata,A1,RL,--3-----,1601,,3808N 02353E,
,GR,SCR,Stavrochorion,Stavrochorion,57,RQ,1-------,0901,,,
,GR,SAP,Stavros Agias Paraskevis,Stavros Agias Paraskevis,,RQ,--3-----,0207,,,
,GR,SHA,Stavros Halkidikis,Stavros Halkidikis,,AI,1-------,9812,,,
,GR,STA,Stavroupolis,Stavroupolis,,RQ,--3-----,9501,,,
,GR,STE,Steni Evvias,Steni Evvias,,RQ,0-------,9307,,,
,GR,GBE,Stenimahos,Stenimahos,,RL,-----6--,0901,,4036N 02207E,
,GR,STI,Stratoni,Stratoni,,AI,1-------,9812,,,
,GR,STY,Stylinda,Stylinda,,RQ,0-------,9307,,,
,GR,SYS,Stylis (Stylída),Stylis (Stylida),06,AI,1-3-----,1301,,3855N 02237E,
,GR,SYS,Stylída (Stylis),Stylida (Stylis),06,AI,1-3-----,1301,,3855N 02237E,
,GR,SUD,Suda Bay,Suda Bay,,AI,1-------,9704,,,
,GR,SYM,Symi,Symi,,AI,1-------,0212,,3636N 02750E,
,GR,JSY,Syra (Syros),Syra (Syros),,AI,1-------,9601,,,
,GR,SYO,Syra Island,Syra Island,,RL,--3-----,0201,,3726N 02455E,
,GR,JSY,Syros (Syra),Syros (Syra),,AI,1-------,9601,,,
,GR,SYV,Syvota,Syvota,32,AA,1-------,1607,,3924N 02014E,
,GR,SAI,Sámi,Sami,23,RL,1-3-----,0407,,3815N 02039E,
,GR,ZAQ,Sérifos,Serifos,82,RL,1-3-----,1401,,3709N 02430W,
,GR,SER,Sériphos,Seriphos,82,AI,1-------,0212,,3709N 02430E,
,GR,SIS,Síndos,Sindos,,RL,--3-----,0607,,4040N 02248E,
,GR,TAK,Taktikoupolis,Taktikoupolis,A1,RL,--3-----,0901,,3733N 02322E,
,GR,TAN,Tanágra,Tanagra,03,RL,--3-----,1301,,3819N 02332E,
,GR,TPS,Terpní,Terpni,62,RL,--3-----,0901,,4055N 02329E,
,GR,TPA,Terpsithéa,Terpsithea,42,RL,--3-----,1501,,3937N 02222E,
,GR,TSO,Thasos,Thasos,,AI,1-------,9704,,,
,GR,SKG,Thessaloníki,Thessaloniki,,AI,1--45---,0212,,4038N 02257E,
,GR,TKO,Thessi Kyrillo,Thessi Kyrillo,,RQ,1-------,0901,,,
,GR,TRS,Thirasía,Thirasia,,AI,1-------,0212,,3626N 02521E,
,GR,TPT,Thiriopetra,Thiriopetra,59,RL,--3-----,1501,,4103N 02209E,
,GR,THP,Thisvi Port,Thisvi Port,07,AA,1-------,1607,,3813N 02257E,
,GR,THK,Thrakomakedones,Thrakomakedones,A1,RL,-23-----,1601,,3807N 02345E,
,GR,GAY,Thrapsanon,Thrapsanon,91,RL,-----6--,0901,,3511N 02517E,
,GR,THM,Thymaina Island,Thymaina Island,84,RQ,1-------,1001,,3735N 02627E,
,GR,THR,Thérmi,Thermi,54,RL,--3-----,0401,,4033N 02301E,
,GR,JTR,Thíra,Thira,,AI,1--4----,0212,,3625N 02526E,
,GR,THI,Thísvi,Thisvi,,RL,--3-----,0212,,3816N 02258E,
,GR,TVA,Thívai,Thivai,03,RL,--3-----,0401,,3819N 02319E,
,GR,TIL,Tilos,Tilos,81,AI,1-------,0407,,3625N 02722E,
,GR,GBA,Tithoréa,Tithorea,06,RL,-----6--,0901,,3835N 02240E,
,GR,TLA,Tolo Argolidos,Tolo Argolidos,11,RQ,1-------,1001,,3731N 02251E,
,GR,TAL,Trachia Argolidas,Trachia Argolidas,,RQ,--3-----,9704,,,
,GR,TFP,Trachia Fafplio,Trachia Fafplio,,RQ,--3-----,9704,,,
,GR,TGN,Traganon,Traganon,,RQ,--3-----,9307,,,
,GR,TRA,Tranóvalton,Tranovalton,,RL,--3-----,0212,,4003N 02152E,
,GR,TRI,Trikala,Trikala,,RQ,0-------,9307,,,
,GR,TRK,Trikeri,Trikeri,43,RQ,1-------,0901,,3905N 02304E,
,GR,TLF,Trilofon,Trilofon,53,RL,--3-----,1307,,4034N 02209E,
,GR,TRP,Tripolis,Tripolis,,RQ,--3-----,9501,,,
,GR,TRY,Trypiti Chalkidikis,Trypiti Chalkidikis,,RQ,1-------,0901,,4022N 02355E,
,GR,TFS,Trílofos,Trilofos,61,RL,--3-----,0901,,4023N 02227E,
,GR,TSI,Tsingéli,Tsingeli,,RL,1-------,0212,,3910N 02251E,
,GR,TVR,Távros,Tavros,A1,RL,1-3--6--,0901,,3758N 02341E,
,GR,TIN,Tínos,Tinos,,AI,1-------,0212,,3732N 02510E,
,GR,TYR,Týrnavos,Tyrnavos,42,RL,--3-----,0401,,3944N 02217E,
,GR,VFO,Vafiochórion,Vafiochorion,57,RL,--3-----,1601,,4100N 02239E,
,GR,VAR,Varibobi,Varibobi,,RQ,0-------,9307,,,
,GR,VAS,Vasiliká,Vasilika,,RL,--3-----,0201,,4029N 02308E,
,GR,VAO,Vasilikón,Vasilikon,,RL,--3-----,0601,,3826N 02340E,
,GR,VU5,Vasiloúdhion,Vasiloudhion,E,RL,--3-----,1801,,4038N 02311E,
,GR,VSS,Vassiliki Leykadas,Vassiliki Leykadas,,RQ,1-------,0901,,3837N 02035E,
,GR,SLK,Vassiliko Chalkida,Vassiliko Chalkida,,RL,--3-----,0901,,3826N 02340E,
,GR,VAT,Vathi,Vathi,03,RL,-23-----,0407,,3824N 02336E,
,GR,VLK,Vathilakkos,Vathilakkos,54,RL,--3-----,0901,,4046N 02242E,
,GR,VTH,Vathý (Port Vathý),Vathy (Port Vathy),84,AI,1-------,1301,,3745N 02659E,
,GR,VAB,Vatika Bay,Vatika Bay,16,RQ,1-------,0901,,3630N 02302E,
,GR,VLT,Velestino,Velestino,43,RQ,--3-----,0901,,3922N 02244E,
,GR,VEL,Velo,Velo,,RQ,0-------,9307,,,
,GR,VER,Veria,Veria,,RQ,0-------,9307,,,
,GR,VTA,Voiotia,Voiotia,03,RL,-----6--,0901,,3819N 02300E,
,GR,VLC,Volissos (Limnia) Chios,Volissos (Limnia) Chios,85,RQ,1-------,1001,,3828N 02555E,
,GR,VRN,Voreinón,Voreinon,,RL,--3-----,0601,,4101N 02204E,
,GR,VOT,Votanikos,Votanikos,,RQ,0-------,9307,,,
,GR,VOU,Voula,Voula,A1,RL,--3-----,1501,,3751N 02346E,
,GR,VLM,Vouliagméni,Vouliagmeni,A1,RL,1-3-----,0901,,3749N 02347E,
,GR,V3A,Vrilissia,Vrilissia,I,RL,--3-----,1801,,3802N 02350E,
,GR,VRI,Vrisákia,Vrisakia,,RL,1-------,0212,,3834N 02336E,
,GR,VYR,Vyronas,Vyronas,A1,RL,--3-----,1601,,3757N 02345E,
,GR,VRD,Várda,Varda,14,RL,--3-----,1301,,3802N 02122E,
,GR,VLX,Vólax,Volax,,RL,--3-----,0601,,4119N 02400E,
,GR,VOL,Vólos,Volos,,AI,1--4----,0212,,3922N 02257E,
,GR,VOA,Vónitsa,Vonitsa,,RL,--3-----,0601,,3855N 02054E,
,GR,XKB,Xirokámbion,Xirokambion,16,RL,1----6--,1201,,3658N 02227E,
,GR,XYL,Xylókastron,Xylokastron,,RL,-----6--,0901,,3805N 02238E,
,GR,XAN,Xánthi,Xanthi,,RL,--3-----,0212,,4108N 02453E,
,GR,YLI,Yali Island,Yali Island,,RQ,1-------,8103,,,
,GR,YAL,Yaltra,Yaltra,04,RQ,1-------,0901,,3851N 02259E,
,GR,YER,Yerakiní,Yerakini,64,AI,1-------,0212,,4017N 02327E,
,GR,YNN,Yiannitsa,Yiannitsa,,RQ,--3-----,9501,,,
,GR,GRG,Ypato,Ypato,03,RL,--3-----,1401,,3823N 02323E,
,GR,ZGA,Zagorá,Zagora,E,RL,--3-----,1801,,3927N 02306E,
,GR,ZEA,Zea Island,Zea Island,,RQ,0-------,9012,,,
,GR,ZEF,Zefiri,Zefiri,,RQ,-----6--,0907,,3642N 02429E,
,GR,EE3,Zefyri,Zefyri,A1,RL,--3-----,1407,,3804N 02343E,
,GR,5ZE,Zervochórion,Zervochorion,32,RL,--3-----,1407,,3924N 02033E,
,GR,ZEG,Zevgolateio,Zevgolateio,J,RL,--3-----,1801,,3756N 02248E,
,GR,ZEY,Zevgolatíon,Zevgolation,,RL,--3-----,0201,,3756N 02248E,
,GR,ZTH,Zákynthos,Zakynthos,21,AI,1--4----,0212,,3747N 02054E,
,GR,AAI,Ágioi Anárgyroi,Agioi Anargyroi,31,RL,-----6--,1201,,3908N 02101E,
,GR,AAS,Ágios Athanásios,Agios Athanasios,54,RL,--3-----,1407,,4043N 02243E,
,GR,AGO,Ágios Efstrátios,Agios Efstratios,83,AI,1-------,1307,,3932N 02459E,
,GR,ADO,Áhdendron,Ahdendron,54,RL,-23-----,0501,,4040N 02236E,
,GR,AZN,Áno Zervochórion,Ano Zervochorion,B,RL,--3-----,1707,,4039N 02212E,
,GR,ART,Árta,Arta,,RL,--3-----,0201,,3908N 02059E,
,GR,ASP,Áspra Spítia,Aspra Spitia,14,RL,--3-----,1001,,3737N 02146E,
,GR,AIS,Ássiros,Assiros,54,RL,--3-----,1601,,4049N 02302E,
,GR,ARS,Ástros,Astros,12,RL,1-3-----,1101,,3724N 02243E,
,GR,ATM,Áyios Thomás,Ayios Thomas,03,RL,--3-----,1301,,3817N 02335E,
,GR,EDE,Édessa,Edessa,,RL,--3-----,0212,,4048N 02203E,
,GR,EVM,Évosmon,Evosmon,,RL,-23-----,0601,,4040N 02255E,
,GR,EVZ,Évzonoi,Evzonoi,,RL,--3-----,0212,,4106N 02233E,
,GR,PNT,Órmos Panórmou,Ormos Panormou,82,RL,1-------,1501,,3739N 02503E,
